INFO 2025-09-02 13:35:27,900 django.utils.autoreload C:\Users\Thembinkosi\Desktop\retail_management_system\env\Lib\site-packages\django\utils\autoreload.py:667 run_with_reloader Watching for file changes with StatReloader
INFO 2025-09-02 13:36:13,782 django.server C:\Users\Thembinkosi\Desktop\retail_management_system\env\Lib\site-packages\django\core\servers\basehttp.py:213 log_message "POST /accounts/login/customer/ HTTP/1.1" 301 0
INFO 2025-09-02 13:36:13,789 django.server C:\Users\Thembinkosi\Desktop\retail_management_system\env\Lib\site-packages\django\core\servers\basehttp.py:213 log_message "GET / HTTP/1.1" 301 0
INFO 2025-09-02 13:36:14,068 django.server C:\Users\Thembinkosi\Desktop\retail_management_system\env\Lib\site-packages\django\core\servers\basehttp.py:213 log_message code 400, message Bad request version ('ªª\x13\x01\x13\x02\x13\x03À+À/À,À0Ì©Ì¨À\x13À\x14\x00\x9c\x00\x9d\x00/\x005\x01\x00\x06S')
ERROR 2025-09-02 13:36:14,069 django.server C:\Users\Thembinkosi\Desktop\retail_management_system\env\Lib\site-packages\django\core\servers\basehttp.py:193 log_message You're accessing the development server over HTTPS, but it only supports HTTP.
INFO 2025-09-02 13:36:14,072 django.server C:\Users\Thembinkosi\Desktop\retail_management_system\env\Lib\site-packages\django\core\servers\basehttp.py:213 log_message code 400, message Bad request version ('\x00\x12\x00\x10\x04\x03\x08\x04\x04\x01\x05\x03\x08\x05\x05\x01\x08\x06\x06\x01\x00')
INFO 2025-09-02 13:36:14,072 django.server C:\Users\Thembinkosi\Desktop\retail_management_system\env\Lib\site-packages\django\core\servers\basehttp.py:213 log_message code 400, message Bad request version ('\x95\x92\x96\x88þ')
ERROR 2025-09-02 13:36:14,073 django.server C:\Users\Thembinkosi\Desktop\retail_management_system\env\Lib\site-packages\django\core\servers\basehttp.py:193 log_message You're accessing the development server over HTTPS, but it only supports HTTP.
ERROR 2025-09-02 13:36:14,074 django.server C:\Users\Thembinkosi\Desktop\retail_management_system\env\Lib\site-packages\django\core\servers\basehttp.py:193 log_message You're accessing the development server over HTTPS, but it only supports HTTP.
INFO 2025-09-02 13:36:14,118 django.server C:\Users\Thembinkosi\Desktop\retail_management_system\env\Lib\site-packages\django\core\servers\basehttp.py:213 log_message code 400, message Bad request version ('ï&Þ\x97æ¹Ä\x16\x9cv\x98Bw`\x9f`')
ERROR 2025-09-02 13:36:14,118 django.server C:\Users\Thembinkosi\Desktop\retail_management_system\env\Lib\site-packages\django\core\servers\basehttp.py:193 log_message You're accessing the development server over HTTPS, but it only supports HTTP.
INFO 2025-09-02 13:44:30,424 django.utils.autoreload C:\Users\Thembinkosi\Desktop\retail_management_system\env\Lib\site-packages\django\utils\autoreload.py:667 run_with_reloader Watching for file changes with StatReloader
INFO 2025-09-02 13:44:35,354 django.server C:\Users\Thembinkosi\Desktop\retail_management_system\env\Lib\site-packages\django\core\servers\basehttp.py:213 log_message code 400, message Bad request version ('Ø\x06?Ä')
ERROR 2025-09-02 13:44:35,361 django.server C:\Users\Thembinkosi\Desktop\retail_management_system\env\Lib\site-packages\django\core\servers\basehttp.py:193 log_message You're accessing the development server over HTTPS, but it only supports HTTP.
INFO 2025-09-02 13:44:35,368 django.server C:\Users\Thembinkosi\Desktop\retail_management_system\env\Lib\site-packages\django\core\servers\basehttp.py:213 log_message code 400, message Bad request syntax ("\x16\x03\x01\x06à\x01\x00\x06Ü\x03\x03@'@\x8b\x80\x10~F\x02>\x98èle\x81\x87tµI§\x01¶Þ\x01nÑ\x87")
ERROR 2025-09-02 13:44:35,374 django.server C:\Users\Thembinkosi\Desktop\retail_management_system\env\Lib\site-packages\django\core\servers\basehttp.py:193 log_message You're accessing the development server over HTTPS, but it only supports HTTP.
INFO 2025-09-02 14:17:20,471 django.utils.autoreload C:\Users\Thembinkosi\Desktop\retail_management_system\env\Lib\site-packages\django\utils\autoreload.py:667 run_with_reloader Watching for file changes with StatReloader
INFO 2025-09-02 14:18:26,987 django.utils.autoreload C:\Users\Thembinkosi\Desktop\retail_management_system\env\Lib\site-packages\django\utils\autoreload.py:667 run_with_reloader Watching for file changes with StatReloader
INFO 2025-09-02 14:46:35,603 django.utils.autoreload C:\Users\Thembinkosi\Desktop\retail_management_system\env\Lib\site-packages\django\utils\autoreload.py:265 trigger_reload C:\Users\Thembinkosi\Desktop\retail_management_system\retail_management_system\settings.py changed, reloading.
INFO 2025-09-02 14:46:36,187 django.utils.autoreload C:\Users\Thembinkosi\Desktop\retail_management_system\env\Lib\site-packages\django\utils\autoreload.py:265 trigger_reload C:\Users\Thembinkosi\Desktop\retail_management_system\retail_management_system\settings.py changed, reloading.
INFO 2025-09-02 14:46:57,204 django.utils.autoreload C:\Users\Thembinkosi\Desktop\retail_management_system\env\Lib\site-packages\django\utils\autoreload.py:667 run_with_reloader Watching for file changes with StatReloader
INFO 2025-09-02 14:46:57,204 django.utils.autoreload C:\Users\Thembinkosi\Desktop\retail_management_system\env\Lib\site-packages\django\utils\autoreload.py:667 run_with_reloader Watching for file changes with StatReloader
INFO 2025-09-02 15:44:45,332 django.utils.autoreload C:\Users\Thembinkosi\Desktop\retail_management_system\env\Lib\site-packages\django\utils\autoreload.py:667 run_with_reloader Watching for file changes with StatReloader
INFO 2025-09-02 15:50:59,206 django.utils.autoreload C:\Users\Thembinkosi\Desktop\retail_management_system\env\Lib\site-packages\django\utils\autoreload.py:265 trigger_reload C:\Users\Thembinkosi\Desktop\retail_management_system\retail_management_system\middleware\LoginRequiredMiddleware.py changed, reloading.
INFO 2025-09-02 15:50:59,720 django.utils.autoreload C:\Users\Thembinkosi\Desktop\retail_management_system\env\Lib\site-packages\django\utils\autoreload.py:265 trigger_reload C:\Users\Thembinkosi\Desktop\retail_management_system\retail_management_system\middleware\LoginRequiredMiddleware.py changed, reloading.
INFO 2025-09-02 15:51:01,877 django.utils.autoreload C:\Users\Thembinkosi\Desktop\retail_management_system\env\Lib\site-packages\django\utils\autoreload.py:265 trigger_reload C:\Users\Thembinkosi\Desktop\retail_management_system\retail_management_system\middleware\LoginRequiredMiddleware.py changed, reloading.
INFO 2025-09-02 15:51:47,186 django.utils.autoreload C:\Users\Thembinkosi\Desktop\retail_management_system\env\Lib\site-packages\django\utils\autoreload.py:667 run_with_reloader Watching for file changes with StatReloader
INFO 2025-09-02 15:51:47,186 django.utils.autoreload C:\Users\Thembinkosi\Desktop\retail_management_system\env\Lib\site-packages\django\utils\autoreload.py:667 run_with_reloader Watching for file changes with StatReloader
INFO 2025-09-02 15:51:47,187 django.utils.autoreload C:\Users\Thembinkosi\Desktop\retail_management_system\env\Lib\site-packages\django\utils\autoreload.py:667 run_with_reloader Watching for file changes with StatReloader
INFO 2025-09-02 15:57:20,095 django.utils.autoreload C:\Users\Thembinkosi\Desktop\retail_management_system\env\Lib\site-packages\django\utils\autoreload.py:265 trigger_reload C:\Users\Thembinkosi\Desktop\retail_management_system\retail_management_system\urls.py changed, reloading.
INFO 2025-09-02 15:57:20,483 django.utils.autoreload C:\Users\Thembinkosi\Desktop\retail_management_system\env\Lib\site-packages\django\utils\autoreload.py:265 trigger_reload C:\Users\Thembinkosi\Desktop\retail_management_system\retail_management_system\urls.py changed, reloading.
INFO 2025-09-02 15:57:21,725 django.utils.autoreload C:\Users\Thembinkosi\Desktop\retail_management_system\env\Lib\site-packages\django\utils\autoreload.py:265 trigger_reload C:\Users\Thembinkosi\Desktop\retail_management_system\retail_management_system\urls.py changed, reloading.
INFO 2025-09-02 15:57:33,591 django.utils.autoreload C:\Users\Thembinkosi\Desktop\retail_management_system\env\Lib\site-packages\django\utils\autoreload.py:667 run_with_reloader Watching for file changes with StatReloader
INFO 2025-09-02 15:57:33,773 django.utils.autoreload C:\Users\Thembinkosi\Desktop\retail_management_system\env\Lib\site-packages\django\utils\autoreload.py:667 run_with_reloader Watching for file changes with StatReloader
INFO 2025-09-02 15:57:35,937 django.utils.autoreload C:\Users\Thembinkosi\Desktop\retail_management_system\env\Lib\site-packages\django\utils\autoreload.py:667 run_with_reloader Watching for file changes with StatReloader
INFO 2025-09-02 16:01:11,585 django.utils.autoreload C:\Users\Thembinkosi\Desktop\retail_management_system\env\Lib\site-packages\django\utils\autoreload.py:667 run_with_reloader Watching for file changes with StatReloader
INFO 2025-09-02 16:03:50,316 django.utils.autoreload C:\Users\Thembinkosi\Desktop\retail_management_system\env\Lib\site-packages\django\utils\autoreload.py:667 run_with_reloader Watching for file changes with StatReloader
INFO 2025-09-02 18:37:02,901 django.utils.autoreload C:\Users\Thembinkosi\Desktop\retail_management_system\env\Lib\site-packages\django\utils\autoreload.py:667 run_with_reloader Watching for file changes with StatReloader
INFO 2025-09-02 18:39:37,416 django.server C:\Users\Thembinkosi\Desktop\retail_management_system\env\Lib\site-packages\django\core\servers\basehttp.py:213 log_message code 400, message Bad request version ('\x03ºZ>\x00ð\x80\x01v\x96')
ERROR 2025-09-02 18:39:37,479 django.server C:\Users\Thembinkosi\Desktop\retail_management_system\env\Lib\site-packages\django\core\servers\basehttp.py:193 log_message You're accessing the development server over HTTPS, but it only supports HTTP.
INFO 2025-09-02 18:39:37,515 django.server C:\Users\Thembinkosi\Desktop\retail_management_system\env\Lib\site-packages\django\core\servers\basehttp.py:213 log_message code 400, message Bad request version ('~\x80\x05\x13kðR\x02uK·(¯\x8eÖ}O\x93À<\x88f5I1\x04[¬ê4')
ERROR 2025-09-02 18:39:37,525 django.server C:\Users\Thembinkosi\Desktop\retail_management_system\env\Lib\site-packages\django\core\servers\basehttp.py:193 log_message You're accessing the development server over HTTPS, but it only supports HTTP.
INFO 2025-09-02 18:39:39,619 django.server C:\Users\Thembinkosi\Desktop\retail_management_system\env\Lib\site-packages\django\core\servers\basehttp.py:213 log_message "GET / HTTP/1.1" 200 27457
WARNING 2025-09-02 18:39:39,913 django.server C:\Users\Thembinkosi\Desktop\retail_management_system\env\Lib\site-packages\django\core\servers\basehttp.py:213 log_message "GET /static/css/main.css HTTP/1.1" 404 179
WARNING 2025-09-02 18:39:39,914 django.server C:\Users\Thembinkosi\Desktop\retail_management_system\env\Lib\site-packages\django\core\servers\basehttp.py:213 log_message "GET /static/js/main.js HTTP/1.1" 404 179
INFO 2025-09-02 18:39:47,472 django.server C:\Users\Thembinkosi\Desktop\retail_management_system\env\Lib\site-packages\django\core\servers\basehttp.py:213 log_message code 400, message Bad request version ('\x9c>\x12ä\x14m´]ôÄ&Ù¡½')
ERROR 2025-09-02 18:39:47,483 django.server C:\Users\Thembinkosi\Desktop\retail_management_system\env\Lib\site-packages\django\core\servers\basehttp.py:193 log_message You're accessing the development server over HTTPS, but it only supports HTTP.
INFO 2025-09-02 18:39:47,499 django.server C:\Users\Thembinkosi\Desktop\retail_management_system\env\Lib\site-packages\django\core\servers\basehttp.py:213 log_message code 400, message Bad request version ('zz\x13\x01\x13\x02\x13\x03À+À/À,À0Ì©Ì¨À\x13À\x14\x00\x9c\x00\x9d\x00/\x005\x01\x00\x063**\x00\x00\x00#\x00\x00\x00')
ERROR 2025-09-02 18:39:47,500 django.server C:\Users\Thembinkosi\Desktop\retail_management_system\env\Lib\site-packages\django\core\servers\basehttp.py:193 log_message You're accessing the development server over HTTPS, but it only supports HTTP.
INFO 2025-09-02 18:39:47,508 django.server C:\Users\Thembinkosi\Desktop\retail_management_system\env\Lib\site-packages\django\core\servers\basehttp.py:213 log_message code 400, message Bad request version ('\x05`½&¬ö¤ä')
ERROR 2025-09-02 18:39:47,533 django.server C:\Users\Thembinkosi\Desktop\retail_management_system\env\Lib\site-packages\django\core\servers\basehttp.py:193 log_message You're accessing the development server over HTTPS, but it only supports HTTP.
INFO 2025-09-02 18:39:47,534 django.server C:\Users\Thembinkosi\Desktop\retail_management_system\env\Lib\site-packages\django\core\servers\basehttp.py:213 log_message code 400, message Bad request version ('\x00\x90ÙóG=h¨>÷[\x9f.\x0fÔ^T&ðëûË\x97á#üx$i<÷eÐüÞßÂ+Ü')
ERROR 2025-09-02 18:39:47,541 django.server C:\Users\Thembinkosi\Desktop\retail_management_system\env\Lib\site-packages\django\core\servers\basehttp.py:193 log_message You're accessing the development server over HTTPS, but it only supports HTTP.
INFO 2025-09-02 18:39:53,698 django.server C:\Users\Thembinkosi\Desktop\retail_management_system\env\Lib\site-packages\django\core\servers\basehttp.py:213 log_message "GET /favicon.ico HTTP/1.1" 204 0
INFO 2025-09-02 18:40:15,685 django.server C:\Users\Thembinkosi\Desktop\retail_management_system\env\Lib\site-packages\django\core\servers\basehttp.py:213 log_message "GET /accounts/logout/ HTTP/1.1" 302 0
INFO 2025-09-02 18:40:15,752 django.server C:\Users\Thembinkosi\Desktop\retail_management_system\env\Lib\site-packages\django\core\servers\basehttp.py:213 log_message "GET /accounts/login/ HTTP/1.1" 200 3711
WARNING 2025-09-02 18:40:15,770 django.server C:\Users\Thembinkosi\Desktop\retail_management_system\env\Lib\site-packages\django\core\servers\basehttp.py:213 log_message "GET /static/css/main.css HTTP/1.1" 404 179
WARNING 2025-09-02 18:40:15,773 django.server C:\Users\Thembinkosi\Desktop\retail_management_system\env\Lib\site-packages\django\core\servers\basehttp.py:213 log_message "GET /static/js/main.js HTTP/1.1" 404 179
INFO 2025-09-02 18:40:15,850 django.server C:\Users\Thembinkosi\Desktop\retail_management_system\env\Lib\site-packages\django\core\servers\basehttp.py:213 log_message "GET /favicon.ico HTTP/1.1" 302 0
INFO 2025-09-02 18:40:15,858 django.server C:\Users\Thembinkosi\Desktop\retail_management_system\env\Lib\site-packages\django\core\servers\basehttp.py:213 log_message "GET /accounts/login/generic/?next=/favicon.ico HTTP/1.1" 200 3711
INFO 2025-09-02 18:40:18,098 django.server C:\Users\Thembinkosi\Desktop\retail_management_system\env\Lib\site-packages\django\core\servers\basehttp.py:213 log_message "GET /accounts/login/customer/ HTTP/1.1" 200 5134
WARNING 2025-09-02 18:40:18,125 django.server C:\Users\Thembinkosi\Desktop\retail_management_system\env\Lib\site-packages\django\core\servers\basehttp.py:213 log_message "GET /static/css/main.css HTTP/1.1" 404 179
WARNING 2025-09-02 18:40:18,126 django.server C:\Users\Thembinkosi\Desktop\retail_management_system\env\Lib\site-packages\django\core\servers\basehttp.py:213 log_message "GET /static/js/main.js HTTP/1.1" 404 179
INFO 2025-09-02 18:40:18,235 django.server C:\Users\Thembinkosi\Desktop\retail_management_system\env\Lib\site-packages\django\core\servers\basehttp.py:213 log_message "GET /favicon.ico HTTP/1.1" 302 0
INFO 2025-09-02 18:40:18,240 django.server C:\Users\Thembinkosi\Desktop\retail_management_system\env\Lib\site-packages\django\core\servers\basehttp.py:213 log_message "GET /accounts/login/generic/?next=/favicon.ico HTTP/1.1" 200 3711
INFO 2025-09-02 18:40:22,348 django.server C:\Users\Thembinkosi\Desktop\retail_management_system\env\Lib\site-packages\django\core\servers\basehttp.py:213 log_message "POST /accounts/login/customer/ HTTP/1.1" 302 0
INFO 2025-09-02 18:40:22,356 django.server C:\Users\Thembinkosi\Desktop\retail_management_system\env\Lib\site-packages\django\core\servers\basehttp.py:213 log_message "GET /accounts/login/customer/ HTTP/1.1" 200 5500
WARNING 2025-09-02 18:40:22,383 django.server C:\Users\Thembinkosi\Desktop\retail_management_system\env\Lib\site-packages\django\core\servers\basehttp.py:213 log_message "GET /static/css/main.css HTTP/1.1" 404 179
WARNING 2025-09-02 18:40:22,384 django.server C:\Users\Thembinkosi\Desktop\retail_management_system\env\Lib\site-packages\django\core\servers\basehttp.py:213 log_message "GET /static/js/main.js HTTP/1.1" 404 179
INFO 2025-09-02 18:40:22,453 django.server C:\Users\Thembinkosi\Desktop\retail_management_system\env\Lib\site-packages\django\core\servers\basehttp.py:213 log_message "GET /favicon.ico HTTP/1.1" 302 0
INFO 2025-09-02 18:40:22,461 django.server C:\Users\Thembinkosi\Desktop\retail_management_system\env\Lib\site-packages\django\core\servers\basehttp.py:213 log_message "GET /accounts/login/generic/?next=/favicon.ico HTTP/1.1" 200 3711
INFO 2025-09-02 18:40:33,481 django.server C:\Users\Thembinkosi\Desktop\retail_management_system\env\Lib\site-packages\django\core\servers\basehttp.py:213 log_message "POST /accounts/login/customer/ HTTP/1.1" 302 0
INFO 2025-09-02 18:40:33,489 django.server C:\Users\Thembinkosi\Desktop\retail_management_system\env\Lib\site-packages\django\core\servers\basehttp.py:213 log_message "GET /accounts/login/customer/ HTTP/1.1" 200 5500
WARNING 2025-09-02 18:40:33,513 django.server C:\Users\Thembinkosi\Desktop\retail_management_system\env\Lib\site-packages\django\core\servers\basehttp.py:213 log_message "GET /static/css/main.css HTTP/1.1" 404 179
WARNING 2025-09-02 18:40:33,536 django.server C:\Users\Thembinkosi\Desktop\retail_management_system\env\Lib\site-packages\django\core\servers\basehttp.py:213 log_message "GET /static/js/main.js HTTP/1.1" 404 179
INFO 2025-09-02 18:40:33,579 django.server C:\Users\Thembinkosi\Desktop\retail_management_system\env\Lib\site-packages\django\core\servers\basehttp.py:213 log_message "GET /favicon.ico HTTP/1.1" 302 0
INFO 2025-09-02 18:40:33,586 django.server C:\Users\Thembinkosi\Desktop\retail_management_system\env\Lib\site-packages\django\core\servers\basehttp.py:213 log_message "GET /accounts/login/generic/?next=/favicon.ico HTTP/1.1" 200 3711
INFO 2025-09-02 18:40:56,504 django.server C:\Users\Thembinkosi\Desktop\retail_management_system\env\Lib\site-packages\django\core\servers\basehttp.py:213 log_message "POST /accounts/login/customer/ HTTP/1.1" 302 0
INFO 2025-09-02 18:40:56,871 django.server C:\Users\Thembinkosi\Desktop\retail_management_system\env\Lib\site-packages\django\core\servers\basehttp.py:213 log_message "GET /e_commerce/customer-accounts/ HTTP/1.1" 200 15196
WARNING 2025-09-02 18:40:57,058 django.server C:\Users\Thembinkosi\Desktop\retail_management_system\env\Lib\site-packages\django\core\servers\basehttp.py:213 log_message "GET /static/css/main.css HTTP/1.1" 404 179
WARNING 2025-09-02 18:40:57,080 django.server C:\Users\Thembinkosi\Desktop\retail_management_system\env\Lib\site-packages\django\core\servers\basehttp.py:213 log_message "GET /static/js/main.js HTTP/1.1" 404 179
INFO 2025-09-02 18:40:57,266 django.server C:\Users\Thembinkosi\Desktop\retail_management_system\env\Lib\site-packages\django\core\servers\basehttp.py:213 log_message "GET /favicon.ico HTTP/1.1" 204 0
WARNING 2025-09-02 18:41:09,363 django.server C:\Users\Thembinkosi\Desktop\retail_management_system\env\Lib\site-packages\django\core\servers\basehttp.py:213 log_message "GET /sales/orders/ HTTP/1.1" 403 45
INFO 2025-09-02 18:41:09,538 django.server C:\Users\Thembinkosi\Desktop\retail_management_system\env\Lib\site-packages\django\core\servers\basehttp.py:213 log_message "GET /favicon.ico HTTP/1.1" 204 0
INFO 2025-09-02 18:41:19,754 django.server C:\Users\Thembinkosi\Desktop\retail_management_system\env\Lib\site-packages\django\core\servers\basehttp.py:213 log_message "GET /favicon.ico HTTP/1.1" 204 0
WARNING 2025-09-02 18:41:38,088 django.server C:\Users\Thembinkosi\Desktop\retail_management_system\env\Lib\site-packages\django\core\servers\basehttp.py:213 log_message "GET /static/css/main.css HTTP/1.1" 404 179
WARNING 2025-09-02 18:41:38,196 django.server C:\Users\Thembinkosi\Desktop\retail_management_system\env\Lib\site-packages\django\core\servers\basehttp.py:213 log_message "GET /.well-known/appspecific/com.chrome.devtools.json HTTP/1.1" 404 179
WARNING 2025-09-02 18:43:36,701 django.server C:\Users\Thembinkosi\Desktop\retail_management_system\env\Lib\site-packages\django\core\servers\basehttp.py:213 log_message "GET /sales/orders/ HTTP/1.1" 403 45
INFO 2025-09-02 18:43:36,989 django.server C:\Users\Thembinkosi\Desktop\retail_management_system\env\Lib\site-packages\django\core\servers\basehttp.py:213 log_message "GET /favicon.ico HTTP/1.1" 204 0
INFO 2025-09-02 18:43:55,047 django.server C:\Users\Thembinkosi\Desktop\retail_management_system\env\Lib\site-packages\django\core\servers\basehttp.py:213 log_message "GET /favicon.ico HTTP/1.1" 204 0
WARNING 2025-09-02 18:43:58,073 django.server C:\Users\Thembinkosi\Desktop\retail_management_system\env\Lib\site-packages\django\core\servers\basehttp.py:213 log_message "GET /sales/transactions/ HTTP/1.1" 403 45
INFO 2025-09-02 18:43:58,221 django.server C:\Users\Thembinkosi\Desktop\retail_management_system\env\Lib\site-packages\django\core\servers\basehttp.py:213 log_message "GET /favicon.ico HTTP/1.1" 204 0
INFO 2025-09-02 18:44:00,176 django.server C:\Users\Thembinkosi\Desktop\retail_management_system\env\Lib\site-packages\django\core\servers\basehttp.py:213 log_message "GET /favicon.ico HTTP/1.1" 204 0
INFO 2025-09-02 18:44:05,461 django.server C:\Users\Thembinkosi\Desktop\retail_management_system\env\Lib\site-packages\django\core\servers\basehttp.py:213 log_message "GET /e_commerce/products/ HTTP/1.1" 200 14154
WARNING 2025-09-02 18:44:05,640 django.server C:\Users\Thembinkosi\Desktop\retail_management_system\env\Lib\site-packages\django\core\servers\basehttp.py:213 log_message "GET /static/css/main.css HTTP/1.1" 404 179
WARNING 2025-09-02 18:44:05,647 django.server C:\Users\Thembinkosi\Desktop\retail_management_system\env\Lib\site-packages\django\core\servers\basehttp.py:213 log_message "GET /static/js/main.js HTTP/1.1" 404 179
INFO 2025-09-02 18:44:05,781 django.server C:\Users\Thembinkosi\Desktop\retail_management_system\env\Lib\site-packages\django\core\servers\basehttp.py:213 log_message "GET /favicon.ico HTTP/1.1" 204 0
INFO 2025-09-02 18:44:08,040 django.server C:\Users\Thembinkosi\Desktop\retail_management_system\env\Lib\site-packages\django\core\servers\basehttp.py:213 log_message "GET /favicon.ico HTTP/1.1" 204 0
INFO 2025-09-02 18:44:12,711 django.server C:\Users\Thembinkosi\Desktop\retail_management_system\env\Lib\site-packages\django\core\servers\basehttp.py:213 log_message "GET /e_commerce/customer-accounts/ HTTP/1.1" 200 15196
WARNING 2025-09-02 18:44:12,894 django.server C:\Users\Thembinkosi\Desktop\retail_management_system\env\Lib\site-packages\django\core\servers\basehttp.py:213 log_message "GET /static/css/main.css HTTP/1.1" 404 179
WARNING 2025-09-02 18:44:12,944 django.server C:\Users\Thembinkosi\Desktop\retail_management_system\env\Lib\site-packages\django\core\servers\basehttp.py:213 log_message "GET /static/js/main.js HTTP/1.1" 404 179
INFO 2025-09-02 18:44:13,114 django.server C:\Users\Thembinkosi\Desktop\retail_management_system\env\Lib\site-packages\django\core\servers\basehttp.py:213 log_message "GET /favicon.ico HTTP/1.1" 204 0
INFO 2025-09-02 18:44:16,755 django.server C:\Users\Thembinkosi\Desktop\retail_management_system\env\Lib\site-packages\django\core\servers\basehttp.py:213 log_message "GET /e_commerce/orders/ HTTP/1.1" 200 15905
WARNING 2025-09-02 18:44:16,930 django.server C:\Users\Thembinkosi\Desktop\retail_management_system\env\Lib\site-packages\django\core\servers\basehttp.py:213 log_message "GET /static/css/main.css HTTP/1.1" 404 179
WARNING 2025-09-02 18:44:16,954 django.server C:\Users\Thembinkosi\Desktop\retail_management_system\env\Lib\site-packages\django\core\servers\basehttp.py:213 log_message "GET /static/js/main.js HTTP/1.1" 404 179
INFO 2025-09-02 18:44:17,152 django.server C:\Users\Thembinkosi\Desktop\retail_management_system\env\Lib\site-packages\django\core\servers\basehttp.py:213 log_message "GET /favicon.ico HTTP/1.1" 204 0
INFO 2025-09-02 18:46:29,594 django.server C:\Users\Thembinkosi\Desktop\retail_management_system\env\Lib\site-packages\django\core\servers\basehttp.py:213 log_message "GET /accounts/logout/ HTTP/1.1" 302 0
INFO 2025-09-02 18:46:29,603 django.server C:\Users\Thembinkosi\Desktop\retail_management_system\env\Lib\site-packages\django\core\servers\basehttp.py:213 log_message "GET /accounts/login/ HTTP/1.1" 200 3711
WARNING 2025-09-02 18:46:29,629 django.server C:\Users\Thembinkosi\Desktop\retail_management_system\env\Lib\site-packages\django\core\servers\basehttp.py:213 log_message "GET /static/css/main.css HTTP/1.1" 404 179
WARNING 2025-09-02 18:46:29,637 django.server C:\Users\Thembinkosi\Desktop\retail_management_system\env\Lib\site-packages\django\core\servers\basehttp.py:213 log_message "GET /static/js/main.js HTTP/1.1" 404 179
INFO 2025-09-02 18:46:29,697 django.server C:\Users\Thembinkosi\Desktop\retail_management_system\env\Lib\site-packages\django\core\servers\basehttp.py:213 log_message "GET /favicon.ico HTTP/1.1" 302 0
INFO 2025-09-02 18:46:29,704 django.server C:\Users\Thembinkosi\Desktop\retail_management_system\env\Lib\site-packages\django\core\servers\basehttp.py:213 log_message "GET /accounts/login/generic/?next=/favicon.ico HTTP/1.1" 200 3711
INFO 2025-09-02 18:46:31,470 django.server C:\Users\Thembinkosi\Desktop\retail_management_system\env\Lib\site-packages\django\core\servers\basehttp.py:213 log_message "GET /accounts/login/staff/ HTTP/1.1" 200 4809
WARNING 2025-09-02 18:46:31,490 django.server C:\Users\Thembinkosi\Desktop\retail_management_system\env\Lib\site-packages\django\core\servers\basehttp.py:213 log_message "GET /static/css/main.css HTTP/1.1" 404 179
WARNING 2025-09-02 18:46:31,493 django.server C:\Users\Thembinkosi\Desktop\retail_management_system\env\Lib\site-packages\django\core\servers\basehttp.py:213 log_message "GET /static/js/main.js HTTP/1.1" 404 179
INFO 2025-09-02 18:46:31,559 django.server C:\Users\Thembinkosi\Desktop\retail_management_system\env\Lib\site-packages\django\core\servers\basehttp.py:213 log_message "GET /favicon.ico HTTP/1.1" 302 0
INFO 2025-09-02 18:46:31,577 django.server C:\Users\Thembinkosi\Desktop\retail_management_system\env\Lib\site-packages\django\core\servers\basehttp.py:213 log_message "GET /accounts/login/generic/?next=/favicon.ico HTTP/1.1" 200 3711
INFO 2025-09-02 18:46:37,340 django.server C:\Users\Thembinkosi\Desktop\retail_management_system\env\Lib\site-packages\django\core\servers\basehttp.py:213 log_message "POST /accounts/login/staff/ HTTP/1.1" 302 0
INFO 2025-09-02 18:46:37,465 django.server C:\Users\Thembinkosi\Desktop\retail_management_system\env\Lib\site-packages\django\core\servers\basehttp.py:213 log_message "GET / HTTP/1.1" 200 27457
WARNING 2025-09-02 18:46:37,634 django.server C:\Users\Thembinkosi\Desktop\retail_management_system\env\Lib\site-packages\django\core\servers\basehttp.py:213 log_message "GET /static/js/main.js HTTP/1.1" 404 179
WARNING 2025-09-02 18:46:37,643 django.server C:\Users\Thembinkosi\Desktop\retail_management_system\env\Lib\site-packages\django\core\servers\basehttp.py:213 log_message "GET /static/css/main.css HTTP/1.1" 404 179
INFO 2025-09-02 18:46:38,054 django.server C:\Users\Thembinkosi\Desktop\retail_management_system\env\Lib\site-packages\django\core\servers\basehttp.py:213 log_message "GET /favicon.ico HTTP/1.1" 204 0
INFO 2025-09-02 18:46:40,890 django.server C:\Users\Thembinkosi\Desktop\retail_management_system\env\Lib\site-packages\django\core\servers\basehttp.py:213 log_message "GET /hr/attendance/ HTTP/1.1" 200 30375
WARNING 2025-09-02 18:46:41,065 django.server C:\Users\Thembinkosi\Desktop\retail_management_system\env\Lib\site-packages\django\core\servers\basehttp.py:213 log_message "GET /static/human_resources/css/hr.css HTTP/1.1" 404 179
WARNING 2025-09-02 18:46:41,085 django.server C:\Users\Thembinkosi\Desktop\retail_management_system\env\Lib\site-packages\django\core\servers\basehttp.py:213 log_message "GET /static/js/main.js HTTP/1.1" 404 179
WARNING 2025-09-02 18:46:41,089 django.server C:\Users\Thembinkosi\Desktop\retail_management_system\env\Lib\site-packages\django\core\servers\basehttp.py:213 log_message "GET /static/css/main.css HTTP/1.1" 404 179
INFO 2025-09-02 18:46:41,286 django.server C:\Users\Thembinkosi\Desktop\retail_management_system\env\Lib\site-packages\django\core\servers\basehttp.py:213 log_message "GET /favicon.ico HTTP/1.1" 204 0
INFO 2025-09-02 18:47:02,577 django.server C:\Users\Thembinkosi\Desktop\retail_management_system\env\Lib\site-packages\django\core\servers\basehttp.py:213 log_message "GET /hr/attendance/ HTTP/1.1" 200 30375
WARNING 2025-09-02 18:47:02,735 django.server C:\Users\Thembinkosi\Desktop\retail_management_system\env\Lib\site-packages\django\core\servers\basehttp.py:213 log_message "GET /static/css/main.css HTTP/1.1" 404 179
WARNING 2025-09-02 18:47:02,743 django.server C:\Users\Thembinkosi\Desktop\retail_management_system\env\Lib\site-packages\django\core\servers\basehttp.py:213 log_message "GET /static/js/main.js HTTP/1.1" 404 179
WARNING 2025-09-02 18:47:02,783 django.server C:\Users\Thembinkosi\Desktop\retail_management_system\env\Lib\site-packages\django\core\servers\basehttp.py:213 log_message "GET /static/human_resources/css/hr.css HTTP/1.1" 404 179
INFO 2025-09-02 18:47:02,912 django.server C:\Users\Thembinkosi\Desktop\retail_management_system\env\Lib\site-packages\django\core\servers\basehttp.py:213 log_message "GET /favicon.ico HTTP/1.1" 204 0
INFO 2025-09-02 18:47:04,760 django.server C:\Users\Thembinkosi\Desktop\retail_management_system\env\Lib\site-packages\django\core\servers\basehttp.py:213 log_message "GET /hr/attendance/ HTTP/1.1" 200 30375
WARNING 2025-09-02 18:47:04,920 django.server C:\Users\Thembinkosi\Desktop\retail_management_system\env\Lib\site-packages\django\core\servers\basehttp.py:213 log_message "GET /static/human_resources/css/hr.css HTTP/1.1" 404 179
WARNING 2025-09-02 18:47:04,929 django.server C:\Users\Thembinkosi\Desktop\retail_management_system\env\Lib\site-packages\django\core\servers\basehttp.py:213 log_message "GET /static/css/main.css HTTP/1.1" 404 179
WARNING 2025-09-02 18:47:04,951 django.server C:\Users\Thembinkosi\Desktop\retail_management_system\env\Lib\site-packages\django\core\servers\basehttp.py:213 log_message "GET /static/js/main.js HTTP/1.1" 404 179
INFO 2025-09-02 18:47:05,117 django.server C:\Users\Thembinkosi\Desktop\retail_management_system\env\Lib\site-packages\django\core\servers\basehttp.py:213 log_message "GET /favicon.ico HTTP/1.1" 204 0
INFO 2025-09-02 18:47:06,350 django.server C:\Users\Thembinkosi\Desktop\retail_management_system\env\Lib\site-packages\django\core\servers\basehttp.py:213 log_message "GET /hr/attendance/ HTTP/1.1" 200 30375
WARNING 2025-09-02 18:47:06,533 django.server C:\Users\Thembinkosi\Desktop\retail_management_system\env\Lib\site-packages\django\core\servers\basehttp.py:213 log_message "GET /static/css/main.css HTTP/1.1" 404 179
WARNING 2025-09-02 18:47:06,544 django.server C:\Users\Thembinkosi\Desktop\retail_management_system\env\Lib\site-packages\django\core\servers\basehttp.py:213 log_message "GET /static/human_resources/css/hr.css HTTP/1.1" 404 179
WARNING 2025-09-02 18:47:06,545 django.server C:\Users\Thembinkosi\Desktop\retail_management_system\env\Lib\site-packages\django\core\servers\basehttp.py:213 log_message "GET /static/js/main.js HTTP/1.1" 404 179
INFO 2025-09-02 18:47:06,699 django.server C:\Users\Thembinkosi\Desktop\retail_management_system\env\Lib\site-packages\django\core\servers\basehttp.py:213 log_message "GET /favicon.ico HTTP/1.1" 204 0
INFO 2025-09-02 18:47:18,308 django.server C:\Users\Thembinkosi\Desktop\retail_management_system\env\Lib\site-packages\django\core\servers\basehttp.py:213 log_message "GET /accounts/logout/ HTTP/1.1" 302 0
INFO 2025-09-02 18:47:18,316 django.server C:\Users\Thembinkosi\Desktop\retail_management_system\env\Lib\site-packages\django\core\servers\basehttp.py:213 log_message "GET /accounts/login/ HTTP/1.1" 200 3711
WARNING 2025-09-02 18:47:18,338 django.server C:\Users\Thembinkosi\Desktop\retail_management_system\env\Lib\site-packages\django\core\servers\basehttp.py:213 log_message "GET /static/css/main.css HTTP/1.1" 404 179
WARNING 2025-09-02 18:47:18,339 django.server C:\Users\Thembinkosi\Desktop\retail_management_system\env\Lib\site-packages\django\core\servers\basehttp.py:213 log_message "GET /static/js/main.js HTTP/1.1" 404 179
INFO 2025-09-02 18:47:18,396 django.server C:\Users\Thembinkosi\Desktop\retail_management_system\env\Lib\site-packages\django\core\servers\basehttp.py:213 log_message "GET /favicon.ico HTTP/1.1" 302 0
INFO 2025-09-02 18:47:18,401 django.server C:\Users\Thembinkosi\Desktop\retail_management_system\env\Lib\site-packages\django\core\servers\basehttp.py:213 log_message "GET /accounts/login/generic/?next=/favicon.ico HTTP/1.1" 200 3711
INFO 2025-09-02 18:47:19,924 django.server C:\Users\Thembinkosi\Desktop\retail_management_system\env\Lib\site-packages\django\core\servers\basehttp.py:213 log_message "GET /accounts/login/customer/ HTTP/1.1" 200 5134
WARNING 2025-09-02 18:47:19,967 django.server C:\Users\Thembinkosi\Desktop\retail_management_system\env\Lib\site-packages\django\core\servers\basehttp.py:213 log_message "GET /static/css/main.css HTTP/1.1" 404 179
WARNING 2025-09-02 18:47:19,969 django.server C:\Users\Thembinkosi\Desktop\retail_management_system\env\Lib\site-packages\django\core\servers\basehttp.py:213 log_message "GET /static/js/main.js HTTP/1.1" 404 179
INFO 2025-09-02 18:47:20,036 django.server C:\Users\Thembinkosi\Desktop\retail_management_system\env\Lib\site-packages\django\core\servers\basehttp.py:213 log_message "GET /favicon.ico HTTP/1.1" 302 0
INFO 2025-09-02 18:47:20,044 django.server C:\Users\Thembinkosi\Desktop\retail_management_system\env\Lib\site-packages\django\core\servers\basehttp.py:213 log_message "GET /accounts/login/generic/?next=/favicon.ico HTTP/1.1" 200 3711
INFO 2025-09-02 18:47:25,433 django.server C:\Users\Thembinkosi\Desktop\retail_management_system\env\Lib\site-packages\django\core\servers\basehttp.py:213 log_message "POST /accounts/login/customer/ HTTP/1.1" 302 0
INFO 2025-09-02 18:47:25,592 django.server C:\Users\Thembinkosi\Desktop\retail_management_system\env\Lib\site-packages\django\core\servers\basehttp.py:213 log_message "GET /e_commerce/customer-accounts/ HTTP/1.1" 200 15196
WARNING 2025-09-02 18:47:25,775 django.server C:\Users\Thembinkosi\Desktop\retail_management_system\env\Lib\site-packages\django\core\servers\basehttp.py:213 log_message "GET /static/css/main.css HTTP/1.1" 404 179
WARNING 2025-09-02 18:47:25,780 django.server C:\Users\Thembinkosi\Desktop\retail_management_system\env\Lib\site-packages\django\core\servers\basehttp.py:213 log_message "GET /static/js/main.js HTTP/1.1" 404 179
INFO 2025-09-02 18:47:25,944 django.server C:\Users\Thembinkosi\Desktop\retail_management_system\env\Lib\site-packages\django\core\servers\basehttp.py:213 log_message "GET /favicon.ico HTTP/1.1" 204 0
INFO 2025-09-02 18:47:30,641 django.server C:\Users\Thembinkosi\Desktop\retail_management_system\env\Lib\site-packages\django\core\servers\basehttp.py:213 log_message "GET /favicon.ico HTTP/1.1" 204 0
INFO 2025-09-02 18:47:45,634 django.server C:\Users\Thembinkosi\Desktop\retail_management_system\env\Lib\site-packages\django\core\servers\basehttp.py:213 log_message "GET /e_commerce/customer-accounts/cd0bcede-c8f4-47ee-99c7-2768052ea2ce/ HTTP/1.1" 200 14785
WARNING 2025-09-02 18:47:45,804 django.server C:\Users\Thembinkosi\Desktop\retail_management_system\env\Lib\site-packages\django\core\servers\basehttp.py:213 log_message "GET /static/css/main.css HTTP/1.1" 404 179
WARNING 2025-09-02 18:47:45,834 django.server C:\Users\Thembinkosi\Desktop\retail_management_system\env\Lib\site-packages\django\core\servers\basehttp.py:213 log_message "GET /static/js/main.js HTTP/1.1" 404 179
INFO 2025-09-02 18:47:45,954 django.server C:\Users\Thembinkosi\Desktop\retail_management_system\env\Lib\site-packages\django\core\servers\basehttp.py:213 log_message "GET /favicon.ico HTTP/1.1" 204 0
INFO 2025-09-02 18:48:04,244 django.server C:\Users\Thembinkosi\Desktop\retail_management_system\env\Lib\site-packages\django\core\servers\basehttp.py:213 log_message "GET /favicon.ico HTTP/1.1" 204 0
INFO 2025-09-02 19:05:02,056 django.utils.autoreload C:\Users\Thembinkosi\Desktop\retail_management_system\env\Lib\site-packages\django\utils\autoreload.py:265 trigger_reload C:\Users\Thembinkosi\Desktop\retail_management_system\e_commerce\views.py changed, reloading.
INFO 2025-09-02 19:05:04,205 django.utils.autoreload C:\Users\Thembinkosi\Desktop\retail_management_system\env\Lib\site-packages\django\utils\autoreload.py:667 run_with_reloader Watching for file changes with StatReloader
INFO 2025-09-02 19:06:26,994 django.utils.autoreload C:\Users\Thembinkosi\Desktop\retail_management_system\env\Lib\site-packages\django\utils\autoreload.py:667 run_with_reloader Watching for file changes with StatReloader
INFO 2025-09-02 19:06:33,676 django.server C:\Users\Thembinkosi\Desktop\retail_management_system\env\Lib\site-packages\django\core\servers\basehttp.py:213 log_message "GET /e_commerce/customer-accounts/ HTTP/1.1" 200 15196
WARNING 2025-09-02 19:06:33,919 django.server C:\Users\Thembinkosi\Desktop\retail_management_system\env\Lib\site-packages\django\core\servers\basehttp.py:213 log_message "GET /static/css/main.css HTTP/1.1" 404 179
WARNING 2025-09-02 19:06:33,919 django.server C:\Users\Thembinkosi\Desktop\retail_management_system\env\Lib\site-packages\django\core\servers\basehttp.py:213 log_message "GET /static/js/main.js HTTP/1.1" 404 179
INFO 2025-09-02 19:06:34,084 django.server C:\Users\Thembinkosi\Desktop\retail_management_system\env\Lib\site-packages\django\core\servers\basehttp.py:213 log_message "GET /favicon.ico HTTP/1.1" 204 0
WARNING 2025-09-02 19:06:52,780 django.server C:\Users\Thembinkosi\Desktop\retail_management_system\env\Lib\site-packages\django\core\servers\basehttp.py:213 log_message "GET /sales/transactions/ HTTP/1.1" 403 45
INFO 2025-09-02 19:06:53,031 django.server C:\Users\Thembinkosi\Desktop\retail_management_system\env\Lib\site-packages\django\core\servers\basehttp.py:213 log_message "GET /favicon.ico HTTP/1.1" 204 0
INFO 2025-09-02 19:06:54,773 django.server C:\Users\Thembinkosi\Desktop\retail_management_system\env\Lib\site-packages\django\core\servers\basehttp.py:213 log_message "GET /favicon.ico HTTP/1.1" 204 0
WARNING 2025-09-02 19:06:58,277 django.server C:\Users\Thembinkosi\Desktop\retail_management_system\env\Lib\site-packages\django\core\servers\basehttp.py:213 log_message "GET /sales/orders/ HTTP/1.1" 403 45
INFO 2025-09-02 19:06:58,458 django.server C:\Users\Thembinkosi\Desktop\retail_management_system\env\Lib\site-packages\django\core\servers\basehttp.py:213 log_message "GET /favicon.ico HTTP/1.1" 204 0
INFO 2025-09-02 19:07:24,691 django.server C:\Users\Thembinkosi\Desktop\retail_management_system\env\Lib\site-packages\django\core\servers\basehttp.py:213 log_message "GET /favicon.ico HTTP/1.1" 204 0
WARNING 2025-09-02 19:07:33,065 django.server C:\Users\Thembinkosi\Desktop\retail_management_system\env\Lib\site-packages\django\core\servers\basehttp.py:213 log_message "GET /static/css/main.css HTTP/1.1" 404 179
WARNING 2025-09-02 19:07:33,133 django.server C:\Users\Thembinkosi\Desktop\retail_management_system\env\Lib\site-packages\django\core\servers\basehttp.py:213 log_message "GET /.well-known/appspecific/com.chrome.devtools.json HTTP/1.1" 404 179
INFO 2025-09-02 19:08:32,849 django.server C:\Users\Thembinkosi\Desktop\retail_management_system\env\Lib\site-packages\django\core\servers\basehttp.py:213 log_message "GET /e_commerce/customer-accounts/cd0bcede-c8f4-47ee-99c7-2768052ea2ce/ HTTP/1.1" 200 14929
WARNING 2025-09-02 19:08:33,239 django.server C:\Users\Thembinkosi\Desktop\retail_management_system\env\Lib\site-packages\django\core\servers\basehttp.py:213 log_message "GET /static/js/main.js HTTP/1.1" 404 179
WARNING 2025-09-02 19:08:33,487 django.server C:\Users\Thembinkosi\Desktop\retail_management_system\env\Lib\site-packages\django\core\servers\basehttp.py:213 log_message "GET /static/css/main.css HTTP/1.1" 404 179
WARNING 2025-09-02 19:08:33,564 django.server C:\Users\Thembinkosi\Desktop\retail_management_system\env\Lib\site-packages\django\core\servers\basehttp.py:213 log_message "GET /.well-known/appspecific/com.chrome.devtools.json HTTP/1.1" 404 179
INFO 2025-09-02 19:08:33,763 django.server C:\Users\Thembinkosi\Desktop\retail_management_system\env\Lib\site-packages\django\core\servers\basehttp.py:213 log_message "GET /favicon.ico HTTP/1.1" 204 0
INFO 2025-09-02 19:08:38,551 django.server C:\Users\Thembinkosi\Desktop\retail_management_system\env\Lib\site-packages\django\core\servers\basehttp.py:213 log_message "GET /favicon.ico HTTP/1.1" 204 0
INFO 2025-09-02 19:08:41,511 django.server C:\Users\Thembinkosi\Desktop\retail_management_system\env\Lib\site-packages\django\core\servers\basehttp.py:213 log_message "GET /e_commerce/customer-accounts/ HTTP/1.1" 200 15196
WARNING 2025-09-02 19:08:41,672 django.server C:\Users\Thembinkosi\Desktop\retail_management_system\env\Lib\site-packages\django\core\servers\basehttp.py:213 log_message "GET /static/js/main.js HTTP/1.1" 404 179
WARNING 2025-09-02 19:08:41,676 django.server C:\Users\Thembinkosi\Desktop\retail_management_system\env\Lib\site-packages\django\core\servers\basehttp.py:213 log_message "GET /static/css/main.css HTTP/1.1" 404 179
INFO 2025-09-02 19:08:41,844 django.server C:\Users\Thembinkosi\Desktop\retail_management_system\env\Lib\site-packages\django\core\servers\basehttp.py:213 log_message "GET /favicon.ico HTTP/1.1" 204 0
INFO 2025-09-02 19:08:43,326 django.server C:\Users\Thembinkosi\Desktop\retail_management_system\env\Lib\site-packages\django\core\servers\basehttp.py:213 log_message "GET /favicon.ico HTTP/1.1" 204 0
WARNING 2025-09-02 19:09:36,355 django.server C:\Users\Thembinkosi\Desktop\retail_management_system\env\Lib\site-packages\django\core\servers\basehttp.py:213 log_message "GET /sales/sales/ HTTP/1.1" 403 45
INFO 2025-09-02 19:09:36,506 django.server C:\Users\Thembinkosi\Desktop\retail_management_system\env\Lib\site-packages\django\core\servers\basehttp.py:213 log_message "GET /favicon.ico HTTP/1.1" 204 0
INFO 2025-09-02 19:09:38,845 django.server C:\Users\Thembinkosi\Desktop\retail_management_system\env\Lib\site-packages\django\core\servers\basehttp.py:213 log_message "GET /favicon.ico HTTP/1.1" 204 0
INFO 2025-09-02 19:09:40,608 django.server C:\Users\Thembinkosi\Desktop\retail_management_system\env\Lib\site-packages\django\core\servers\basehttp.py:213 log_message "GET /e_commerce/orders/ HTTP/1.1" 200 15905
WARNING 2025-09-02 19:09:40,756 django.server C:\Users\Thembinkosi\Desktop\retail_management_system\env\Lib\site-packages\django\core\servers\basehttp.py:213 log_message "GET /static/css/main.css HTTP/1.1" 404 179
WARNING 2025-09-02 19:09:40,760 django.server C:\Users\Thembinkosi\Desktop\retail_management_system\env\Lib\site-packages\django\core\servers\basehttp.py:213 log_message "GET /static/js/main.js HTTP/1.1" 404 179
INFO 2025-09-02 19:09:40,923 django.server C:\Users\Thembinkosi\Desktop\retail_management_system\env\Lib\site-packages\django\core\servers\basehttp.py:213 log_message "GET /favicon.ico HTTP/1.1" 204 0
INFO 2025-09-02 19:09:43,441 django.server C:\Users\Thembinkosi\Desktop\retail_management_system\env\Lib\site-packages\django\core\servers\basehttp.py:213 log_message "GET /favicon.ico HTTP/1.1" 204 0
WARNING 2025-09-02 19:09:46,975 django.server C:\Users\Thembinkosi\Desktop\retail_management_system\env\Lib\site-packages\django\core\servers\basehttp.py:213 log_message "GET /sales/sales/ HTTP/1.1" 403 45
INFO 2025-09-02 19:09:47,124 django.server C:\Users\Thembinkosi\Desktop\retail_management_system\env\Lib\site-packages\django\core\servers\basehttp.py:213 log_message "GET /favicon.ico HTTP/1.1" 204 0
INFO 2025-09-02 19:09:48,908 django.server C:\Users\Thembinkosi\Desktop\retail_management_system\env\Lib\site-packages\django\core\servers\basehttp.py:213 log_message "GET /favicon.ico HTTP/1.1" 204 0
WARNING 2025-09-02 19:10:01,290 django.server C:\Users\Thembinkosi\Desktop\retail_management_system\env\Lib\site-packages\django\core\servers\basehttp.py:213 log_message "GET /sales/sales/ HTTP/1.1" 403 45
INFO 2025-09-02 19:10:01,454 django.server C:\Users\Thembinkosi\Desktop\retail_management_system\env\Lib\site-packages\django\core\servers\basehttp.py:213 log_message "GET /favicon.ico HTTP/1.1" 204 0
INFO 2025-09-02 19:10:46,851 django.server C:\Users\Thembinkosi\Desktop\retail_management_system\env\Lib\site-packages\django\core\servers\basehttp.py:213 log_message "GET /accounts/login/customer/ HTTP/1.1" 200 5134
WARNING 2025-09-02 19:10:47,099 django.server C:\Users\Thembinkosi\Desktop\retail_management_system\env\Lib\site-packages\django\core\servers\basehttp.py:213 log_message "GET /static/css/main.css HTTP/1.1" 404 179
WARNING 2025-09-02 19:10:47,108 django.server C:\Users\Thembinkosi\Desktop\retail_management_system\env\Lib\site-packages\django\core\servers\basehttp.py:213 log_message "GET /static/js/main.js HTTP/1.1" 404 179
INFO 2025-09-02 19:10:51,162 django.server C:\Users\Thembinkosi\Desktop\retail_management_system\env\Lib\site-packages\django\core\servers\basehttp.py:213 log_message "GET /favicon.ico HTTP/1.1" 204 0
INFO 2025-09-02 19:10:57,876 django.server C:\Users\Thembinkosi\Desktop\retail_management_system\env\Lib\site-packages\django\core\servers\basehttp.py:213 log_message "GET /favicon.ico HTTP/1.1" 302 0
INFO 2025-09-02 19:10:57,892 django.server C:\Users\Thembinkosi\Desktop\retail_management_system\env\Lib\site-packages\django\core\servers\basehttp.py:213 log_message "GET /accounts/login/generic/?next=/favicon.ico HTTP/1.1" 200 3711
INFO 2025-09-02 19:11:01,061 django.server C:\Users\Thembinkosi\Desktop\retail_management_system\env\Lib\site-packages\django\core\servers\basehttp.py:213 log_message "GET /accounts/logout/ HTTP/1.1" 302 0
INFO 2025-09-02 19:11:01,069 django.server C:\Users\Thembinkosi\Desktop\retail_management_system\env\Lib\site-packages\django\core\servers\basehttp.py:213 log_message "GET /accounts/login/ HTTP/1.1" 200 3711
WARNING 2025-09-02 19:11:01,091 django.server C:\Users\Thembinkosi\Desktop\retail_management_system\env\Lib\site-packages\django\core\servers\basehttp.py:213 log_message "GET /static/css/main.css HTTP/1.1" 404 179
WARNING 2025-09-02 19:11:01,094 django.server C:\Users\Thembinkosi\Desktop\retail_management_system\env\Lib\site-packages\django\core\servers\basehttp.py:213 log_message "GET /static/js/main.js HTTP/1.1" 404 179
INFO 2025-09-02 19:11:01,154 django.server C:\Users\Thembinkosi\Desktop\retail_management_system\env\Lib\site-packages\django\core\servers\basehttp.py:213 log_message "GET /favicon.ico HTTP/1.1" 302 0
INFO 2025-09-02 19:11:01,200 django.server C:\Users\Thembinkosi\Desktop\retail_management_system\env\Lib\site-packages\django\core\servers\basehttp.py:213 log_message "GET /accounts/login/generic/?next=/favicon.ico HTTP/1.1" 200 3711
INFO 2025-09-02 19:11:02,739 django.server C:\Users\Thembinkosi\Desktop\retail_management_system\env\Lib\site-packages\django\core\servers\basehttp.py:213 log_message "GET /accounts/login/staff/ HTTP/1.1" 200 4809
WARNING 2025-09-02 19:11:02,854 django.server C:\Users\Thembinkosi\Desktop\retail_management_system\env\Lib\site-packages\django\core\servers\basehttp.py:213 log_message "GET /static/css/main.css HTTP/1.1" 404 179
WARNING 2025-09-02 19:11:02,856 django.server C:\Users\Thembinkosi\Desktop\retail_management_system\env\Lib\site-packages\django\core\servers\basehttp.py:213 log_message "GET /static/js/main.js HTTP/1.1" 404 179
INFO 2025-09-02 19:11:02,910 django.server C:\Users\Thembinkosi\Desktop\retail_management_system\env\Lib\site-packages\django\core\servers\basehttp.py:213 log_message "GET /favicon.ico HTTP/1.1" 302 0
INFO 2025-09-02 19:11:02,942 django.server C:\Users\Thembinkosi\Desktop\retail_management_system\env\Lib\site-packages\django\core\servers\basehttp.py:213 log_message "GET /accounts/login/generic/?next=/favicon.ico HTTP/1.1" 200 3711
INFO 2025-09-02 19:11:08,401 django.server C:\Users\Thembinkosi\Desktop\retail_management_system\env\Lib\site-packages\django\core\servers\basehttp.py:213 log_message "POST /accounts/login/staff/ HTTP/1.1" 302 0
INFO 2025-09-02 19:11:08,612 django.server C:\Users\Thembinkosi\Desktop\retail_management_system\env\Lib\site-packages\django\core\servers\basehttp.py:213 log_message "GET / HTTP/1.1" 200 27457
WARNING 2025-09-02 19:11:08,805 django.server C:\Users\Thembinkosi\Desktop\retail_management_system\env\Lib\site-packages\django\core\servers\basehttp.py:213 log_message "GET /static/js/main.js HTTP/1.1" 404 179
WARNING 2025-09-02 19:11:08,823 django.server C:\Users\Thembinkosi\Desktop\retail_management_system\env\Lib\site-packages\django\core\servers\basehttp.py:213 log_message "GET /static/css/main.css HTTP/1.1" 404 179
INFO 2025-09-02 19:11:09,050 django.server C:\Users\Thembinkosi\Desktop\retail_management_system\env\Lib\site-packages\django\core\servers\basehttp.py:213 log_message "GET /favicon.ico HTTP/1.1" 204 0
INFO 2025-09-02 19:11:44,499 django.server C:\Users\Thembinkosi\Desktop\retail_management_system\env\Lib\site-packages\django\core\servers\basehttp.py:213 log_message "POST /accounts/login/customer/ HTTP/1.1" 200 6058
WARNING 2025-09-02 19:11:44,743 django.server C:\Users\Thembinkosi\Desktop\retail_management_system\env\Lib\site-packages\django\core\servers\basehttp.py:213 log_message "GET /static/css/main.css HTTP/1.1" 404 179
WARNING 2025-09-02 19:11:44,746 django.server C:\Users\Thembinkosi\Desktop\retail_management_system\env\Lib\site-packages\django\core\servers\basehttp.py:213 log_message "GET /static/js/main.js HTTP/1.1" 404 179
INFO 2025-09-02 19:11:45,028 django.server C:\Users\Thembinkosi\Desktop\retail_management_system\env\Lib\site-packages\django\core\servers\basehttp.py:213 log_message "GET /favicon.ico HTTP/1.1" 302 0
INFO 2025-09-02 19:11:45,040 django.server C:\Users\Thembinkosi\Desktop\retail_management_system\env\Lib\site-packages\django\core\servers\basehttp.py:213 log_message "GET /accounts/login/generic/?next=/favicon.ico HTTP/1.1" 200 3711
INFO 2025-09-02 19:16:35,614 django.server C:\Users\Thembinkosi\Desktop\retail_management_system\env\Lib\site-packages\django\core\servers\basehttp.py:213 log_message "GET / HTTP/1.1" 200 27457
WARNING 2025-09-02 19:16:35,817 django.server C:\Users\Thembinkosi\Desktop\retail_management_system\env\Lib\site-packages\django\core\servers\basehttp.py:213 log_message "GET /static/js/main.js HTTP/1.1" 404 179
WARNING 2025-09-02 19:16:35,820 django.server C:\Users\Thembinkosi\Desktop\retail_management_system\env\Lib\site-packages\django\core\servers\basehttp.py:213 log_message "GET /static/css/main.css HTTP/1.1" 404 179
INFO 2025-09-02 19:16:36,011 django.server C:\Users\Thembinkosi\Desktop\retail_management_system\env\Lib\site-packages\django\core\servers\basehttp.py:213 log_message "GET /favicon.ico HTTP/1.1" 204 0
INFO 2025-09-02 19:17:07,561 django.utils.autoreload C:\Users\Thembinkosi\Desktop\retail_management_system\env\Lib\site-packages\django\utils\autoreload.py:667 run_with_reloader Watching for file changes with StatReloader
INFO 2025-09-02 19:17:12,709 django.server C:\Users\Thembinkosi\Desktop\retail_management_system\env\Lib\site-packages\django\core\servers\basehttp.py:213 log_message "GET / HTTP/1.1" 200 27457
WARNING 2025-09-02 19:17:13,032 django.server C:\Users\Thembinkosi\Desktop\retail_management_system\env\Lib\site-packages\django\core\servers\basehttp.py:213 log_message "GET /static/js/main.js HTTP/1.1" 404 179
WARNING 2025-09-02 19:17:13,103 django.server C:\Users\Thembinkosi\Desktop\retail_management_system\env\Lib\site-packages\django\core\servers\basehttp.py:213 log_message "GET /static/css/main.css HTTP/1.1" 404 179
INFO 2025-09-02 19:17:13,716 django.server C:\Users\Thembinkosi\Desktop\retail_management_system\env\Lib\site-packages\django\core\servers\basehttp.py:213 log_message "GET /favicon.ico HTTP/1.1" 204 0
INFO 2025-09-02 19:17:40,527 django.server C:\Users\Thembinkosi\Desktop\retail_management_system\env\Lib\site-packages\django\core\servers\basehttp.py:213 log_message "GET /e_commerce/orders/ HTTP/1.1" 200 22838
WARNING 2025-09-02 19:17:40,736 django.server C:\Users\Thembinkosi\Desktop\retail_management_system\env\Lib\site-packages\django\core\servers\basehttp.py:213 log_message "GET /static/css/main.css HTTP/1.1" 404 179
WARNING 2025-09-02 19:17:40,785 django.server C:\Users\Thembinkosi\Desktop\retail_management_system\env\Lib\site-packages\django\core\servers\basehttp.py:213 log_message "GET /static/js/main.js HTTP/1.1" 404 179
INFO 2025-09-02 19:17:41,031 django.server C:\Users\Thembinkosi\Desktop\retail_management_system\env\Lib\site-packages\django\core\servers\basehttp.py:213 log_message "GET /favicon.ico HTTP/1.1" 204 0
INFO 2025-09-02 19:17:42,942 django.server C:\Users\Thembinkosi\Desktop\retail_management_system\env\Lib\site-packages\django\core\servers\basehttp.py:213 log_message "GET /favicon.ico HTTP/1.1" 204 0
INFO 2025-09-02 19:17:46,296 django.server C:\Users\Thembinkosi\Desktop\retail_management_system\env\Lib\site-packages\django\core\servers\basehttp.py:213 log_message "GET /sales/sales/ HTTP/1.1" 200 21291
WARNING 2025-09-02 19:17:46,459 django.server C:\Users\Thembinkosi\Desktop\retail_management_system\env\Lib\site-packages\django\core\servers\basehttp.py:213 log_message "GET /static/css/main.css HTTP/1.1" 404 179
WARNING 2025-09-02 19:17:46,477 django.server C:\Users\Thembinkosi\Desktop\retail_management_system\env\Lib\site-packages\django\core\servers\basehttp.py:213 log_message "GET /static/js/main.js HTTP/1.1" 404 179
INFO 2025-09-02 19:17:46,629 django.server C:\Users\Thembinkosi\Desktop\retail_management_system\env\Lib\site-packages\django\core\servers\basehttp.py:213 log_message "GET /favicon.ico HTTP/1.1" 204 0
INFO 2025-09-02 19:19:17,373 django.server C:\Users\Thembinkosi\Desktop\retail_management_system\env\Lib\site-packages\django\core\servers\basehttp.py:213 log_message "GET /hr/attendance/export/?format=csv HTTP/1.1" 200 86
INFO 2025-09-02 19:20:03,663 django.server C:\Users\Thembinkosi\Desktop\retail_management_system\env\Lib\site-packages\django\core\servers\basehttp.py:213 log_message "GET /stores/add/ HTTP/1.1" 200 31496
WARNING 2025-09-02 19:20:03,823 django.server C:\Users\Thembinkosi\Desktop\retail_management_system\env\Lib\site-packages\django\core\servers\basehttp.py:213 log_message "GET /static/store_management/css/store_management.css HTTP/1.1" 404 179
WARNING 2025-09-02 19:20:03,828 django.server C:\Users\Thembinkosi\Desktop\retail_management_system\env\Lib\site-packages\django\core\servers\basehttp.py:213 log_message "GET /static/css/main.css HTTP/1.1" 404 179
WARNING 2025-09-02 19:20:03,910 django.server C:\Users\Thembinkosi\Desktop\retail_management_system\env\Lib\site-packages\django\core\servers\basehttp.py:213 log_message "GET /static/js/main.js HTTP/1.1" 404 179
INFO 2025-09-02 19:20:04,018 django.server C:\Users\Thembinkosi\Desktop\retail_management_system\env\Lib\site-packages\django\core\servers\basehttp.py:213 log_message "GET /favicon.ico HTTP/1.1" 204 0
INFO 2025-09-02 19:28:12,092 django.server C:\Users\Thembinkosi\Desktop\retail_management_system\env\Lib\site-packages\django\core\servers\basehttp.py:213 log_message "GET /stores/ HTTP/1.1" 200 25889
WARNING 2025-09-02 19:28:12,271 django.server C:\Users\Thembinkosi\Desktop\retail_management_system\env\Lib\site-packages\django\core\servers\basehttp.py:213 log_message "GET /static/css/main.css HTTP/1.1" 404 179
WARNING 2025-09-02 19:28:12,278 django.server C:\Users\Thembinkosi\Desktop\retail_management_system\env\Lib\site-packages\django\core\servers\basehttp.py:213 log_message "GET /static/store_management/css/store_management.css HTTP/1.1" 404 179
WARNING 2025-09-02 19:28:12,309 django.server C:\Users\Thembinkosi\Desktop\retail_management_system\env\Lib\site-packages\django\core\servers\basehttp.py:213 log_message "GET /static/js/main.js HTTP/1.1" 404 179
INFO 2025-09-02 19:28:12,578 django.server C:\Users\Thembinkosi\Desktop\retail_management_system\env\Lib\site-packages\django\core\servers\basehttp.py:213 log_message "GET /favicon.ico HTTP/1.1" 204 0
INFO 2025-09-02 19:28:18,107 django.server C:\Users\Thembinkosi\Desktop\retail_management_system\env\Lib\site-packages\django\core\servers\basehttp.py:213 log_message "GET /stores/add/ HTTP/1.1" 200 31496
WARNING 2025-09-02 19:28:18,279 django.server C:\Users\Thembinkosi\Desktop\retail_management_system\env\Lib\site-packages\django\core\servers\basehttp.py:213 log_message "GET /static/css/main.css HTTP/1.1" 404 179
WARNING 2025-09-02 19:28:18,300 django.server C:\Users\Thembinkosi\Desktop\retail_management_system\env\Lib\site-packages\django\core\servers\basehttp.py:213 log_message "GET /static/store_management/css/store_management.css HTTP/1.1" 404 179
WARNING 2025-09-02 19:28:18,303 django.server C:\Users\Thembinkosi\Desktop\retail_management_system\env\Lib\site-packages\django\core\servers\basehttp.py:213 log_message "GET /static/js/main.js HTTP/1.1" 404 179
INFO 2025-09-02 19:28:18,648 django.server C:\Users\Thembinkosi\Desktop\retail_management_system\env\Lib\site-packages\django\core\servers\basehttp.py:213 log_message "GET /favicon.ico HTTP/1.1" 204 0
INFO 2025-09-02 19:32:33,366 django.server C:\Users\Thembinkosi\Desktop\retail_management_system\env\Lib\site-packages\django\core\servers\basehttp.py:213 log_message "GET /stores/ HTTP/1.1" 200 25889
WARNING 2025-09-02 19:32:33,593 django.server C:\Users\Thembinkosi\Desktop\retail_management_system\env\Lib\site-packages\django\core\servers\basehttp.py:213 log_message "GET /static/js/main.js HTTP/1.1" 404 179
WARNING 2025-09-02 19:32:33,675 django.server C:\Users\Thembinkosi\Desktop\retail_management_system\env\Lib\site-packages\django\core\servers\basehttp.py:213 log_message "GET /static/css/main.css HTTP/1.1" 404 179
WARNING 2025-09-02 19:32:33,679 django.server C:\Users\Thembinkosi\Desktop\retail_management_system\env\Lib\site-packages\django\core\servers\basehttp.py:213 log_message "GET /static/store_management/css/store_management.css HTTP/1.1" 404 179
INFO 2025-09-02 19:32:33,826 django.server C:\Users\Thembinkosi\Desktop\retail_management_system\env\Lib\site-packages\django\core\servers\basehttp.py:213 log_message "GET /favicon.ico HTTP/1.1" 204 0
INFO 2025-09-02 19:32:36,820 django.server C:\Users\Thembinkosi\Desktop\retail_management_system\env\Lib\site-packages\django\core\servers\basehttp.py:213 log_message "GET /favicon.ico HTTP/1.1" 204 0
INFO 2025-09-02 19:32:38,702 django.server C:\Users\Thembinkosi\Desktop\retail_management_system\env\Lib\site-packages\django\core\servers\basehttp.py:213 log_message "POST /stores/add/ HTTP/1.1" 302 0
INFO 2025-09-02 19:32:38,888 django.server C:\Users\Thembinkosi\Desktop\retail_management_system\env\Lib\site-packages\django\core\servers\basehttp.py:213 log_message "GET /stores/ HTTP/1.1" 200 29929
WARNING 2025-09-02 19:32:39,076 django.server C:\Users\Thembinkosi\Desktop\retail_management_system\env\Lib\site-packages\django\core\servers\basehttp.py:213 log_message "GET /static/css/main.css HTTP/1.1" 404 179
WARNING 2025-09-02 19:32:39,092 django.server C:\Users\Thembinkosi\Desktop\retail_management_system\env\Lib\site-packages\django\core\servers\basehttp.py:213 log_message "GET /static/store_management/css/store_management.css HTTP/1.1" 404 179
WARNING 2025-09-02 19:32:39,142 django.server C:\Users\Thembinkosi\Desktop\retail_management_system\env\Lib\site-packages\django\core\servers\basehttp.py:213 log_message "GET /static/js/main.js HTTP/1.1" 404 179
INFO 2025-09-02 19:32:39,471 django.server C:\Users\Thembinkosi\Desktop\retail_management_system\env\Lib\site-packages\django\core\servers\basehttp.py:213 log_message "GET /favicon.ico HTTP/1.1" 204 0
INFO 2025-09-02 19:33:00,905 django.server C:\Users\Thembinkosi\Desktop\retail_management_system\env\Lib\site-packages\django\core\servers\basehttp.py:213 log_message "GET /hr/employees/create/ HTTP/1.1" 200 41587
WARNING 2025-09-02 19:33:01,079 django.server C:\Users\Thembinkosi\Desktop\retail_management_system\env\Lib\site-packages\django\core\servers\basehttp.py:213 log_message "GET /static/css/main.css HTTP/1.1" 404 179
WARNING 2025-09-02 19:33:01,104 django.server C:\Users\Thembinkosi\Desktop\retail_management_system\env\Lib\site-packages\django\core\servers\basehttp.py:213 log_message "GET /static/js/main.js HTTP/1.1" 404 179
WARNING 2025-09-02 19:33:01,117 django.server C:\Users\Thembinkosi\Desktop\retail_management_system\env\Lib\site-packages\django\core\servers\basehttp.py:213 log_message "GET /static/human_resources/css/hr.css HTTP/1.1" 404 179
INFO 2025-09-02 19:33:01,372 django.server C:\Users\Thembinkosi\Desktop\retail_management_system\env\Lib\site-packages\django\core\servers\basehttp.py:213 log_message "GET /favicon.ico HTTP/1.1" 204 0
INFO 2025-09-02 19:48:14,785 django.utils.autoreload C:\Users\Thembinkosi\Desktop\retail_management_system\env\Lib\site-packages\django\utils\autoreload.py:265 trigger_reload C:\Users\Thembinkosi\Desktop\retail_management_system\retail_management_system\settings.py changed, reloading.
INFO 2025-09-02 19:48:15,164 django.utils.autoreload C:\Users\Thembinkosi\Desktop\retail_management_system\env\Lib\site-packages\django\utils\autoreload.py:265 trigger_reload C:\Users\Thembinkosi\Desktop\retail_management_system\retail_management_system\settings.py changed, reloading.
INFO 2025-09-02 19:48:15,377 django.utils.autoreload C:\Users\Thembinkosi\Desktop\retail_management_system\env\Lib\site-packages\django\utils\autoreload.py:265 trigger_reload C:\Users\Thembinkosi\Desktop\retail_management_system\retail_management_system\settings.py changed, reloading.
INFO 2025-09-02 20:39:57,127 django.utils.autoreload C:\Users\Thembinkosi\Desktop\retail_management_system\env\Lib\site-packages\django\utils\autoreload.py:667 run_with_reloader Watching for file changes with StatReloader
INFO 2025-09-02 20:40:49,442 django.server C:\Users\Thembinkosi\Desktop\retail_management_system\env\Lib\site-packages\django\core\servers\basehttp.py:213 log_message "GET / HTTP/1.1" 200 27457
WARNING 2025-09-02 20:40:49,772 django.server C:\Users\Thembinkosi\Desktop\retail_management_system\env\Lib\site-packages\django\core\servers\basehttp.py:213 log_message "GET /static/js/main.js HTTP/1.1" 404 179
WARNING 2025-09-02 20:40:50,286 django.server C:\Users\Thembinkosi\Desktop\retail_management_system\env\Lib\site-packages\django\core\servers\basehttp.py:213 log_message "GET /static/css/main.css HTTP/1.1" 404 179
INFO 2025-09-02 20:40:51,360 django.server C:\Users\Thembinkosi\Desktop\retail_management_system\env\Lib\site-packages\django\core\servers\basehttp.py:213 log_message "GET /favicon.ico HTTP/1.1" 204 0
INFO 2025-09-02 20:41:09,371 django.server C:\Users\Thembinkosi\Desktop\retail_management_system\env\Lib\site-packages\django\core\servers\basehttp.py:213 log_message "GET /inventory/ HTTP/1.1" 200 20684
WARNING 2025-09-02 20:41:09,716 django.server C:\Users\Thembinkosi\Desktop\retail_management_system\env\Lib\site-packages\django\core\servers\basehttp.py:213 log_message "GET /static/css/main.css HTTP/1.1" 404 179
WARNING 2025-09-02 20:41:09,952 django.server C:\Users\Thembinkosi\Desktop\retail_management_system\env\Lib\site-packages\django\core\servers\basehttp.py:213 log_message "GET /static/js/main.js HTTP/1.1" 404 179
INFO 2025-09-02 20:41:10,235 django.server C:\Users\Thembinkosi\Desktop\retail_management_system\env\Lib\site-packages\django\core\servers\basehttp.py:213 log_message "GET /favicon.ico HTTP/1.1" 204 0
INFO 2025-09-02 20:41:14,842 django.server C:\Users\Thembinkosi\Desktop\retail_management_system\env\Lib\site-packages\django\core\servers\basehttp.py:213 log_message "GET /stores/add/ HTTP/1.1" 200 31496
WARNING 2025-09-02 20:41:15,306 django.server C:\Users\Thembinkosi\Desktop\retail_management_system\env\Lib\site-packages\django\core\servers\basehttp.py:213 log_message "GET /static/css/main.css HTTP/1.1" 404 179
WARNING 2025-09-02 20:41:15,457 django.server C:\Users\Thembinkosi\Desktop\retail_management_system\env\Lib\site-packages\django\core\servers\basehttp.py:213 log_message "GET /static/store_management/css/store_management.css HTTP/1.1" 404 179
WARNING 2025-09-02 20:41:15,492 django.server C:\Users\Thembinkosi\Desktop\retail_management_system\env\Lib\site-packages\django\core\servers\basehttp.py:213 log_message "GET /static/js/main.js HTTP/1.1" 404 179
INFO 2025-09-02 20:41:15,804 django.server C:\Users\Thembinkosi\Desktop\retail_management_system\env\Lib\site-packages\django\core\servers\basehttp.py:213 log_message "GET /favicon.ico HTTP/1.1" 204 0
INFO 2025-09-02 20:41:19,299 django.server C:\Users\Thembinkosi\Desktop\retail_management_system\env\Lib\site-packages\django\core\servers\basehttp.py:213 log_message "GET / HTTP/1.1" 200 27457
WARNING 2025-09-02 20:41:19,567 django.server C:\Users\Thembinkosi\Desktop\retail_management_system\env\Lib\site-packages\django\core\servers\basehttp.py:213 log_message "GET /static/js/main.js HTTP/1.1" 404 179
WARNING 2025-09-02 20:41:19,568 django.server C:\Users\Thembinkosi\Desktop\retail_management_system\env\Lib\site-packages\django\core\servers\basehttp.py:213 log_message "GET /static/css/main.css HTTP/1.1" 404 179
INFO 2025-09-02 20:41:20,382 django.server C:\Users\Thembinkosi\Desktop\retail_management_system\env\Lib\site-packages\django\core\servers\basehttp.py:213 log_message "GET /favicon.ico HTTP/1.1" 204 0
INFO 2025-09-02 20:41:35,316 django.server C:\Users\Thembinkosi\Desktop\retail_management_system\env\Lib\site-packages\django\core\servers\basehttp.py:213 log_message "GET /hr/attendance/ HTTP/1.1" 200 30375
WARNING 2025-09-02 20:41:35,750 django.server C:\Users\Thembinkosi\Desktop\retail_management_system\env\Lib\site-packages\django\core\servers\basehttp.py:213 log_message "GET /static/css/main.css HTTP/1.1" 404 179
WARNING 2025-09-02 20:41:35,833 django.server C:\Users\Thembinkosi\Desktop\retail_management_system\env\Lib\site-packages\django\core\servers\basehttp.py:213 log_message "GET /static/js/main.js HTTP/1.1" 404 179
WARNING 2025-09-02 20:41:36,152 django.server C:\Users\Thembinkosi\Desktop\retail_management_system\env\Lib\site-packages\django\core\servers\basehttp.py:213 log_message "GET /static/human_resources/css/hr.css HTTP/1.1" 404 179
INFO 2025-09-02 20:41:36,699 django.server C:\Users\Thembinkosi\Desktop\retail_management_system\env\Lib\site-packages\django\core\servers\basehttp.py:213 log_message "GET /favicon.ico HTTP/1.1" 204 0
INFO 2025-09-02 20:41:55,702 django.server C:\Users\Thembinkosi\Desktop\retail_management_system\env\Lib\site-packages\django\core\servers\basehttp.py:213 log_message "GET /hr/employees/ HTTP/1.1" 200 63879
WARNING 2025-09-02 20:41:56,190 django.server C:\Users\Thembinkosi\Desktop\retail_management_system\env\Lib\site-packages\django\core\servers\basehttp.py:213 log_message "GET /static/css/main.css HTTP/1.1" 404 179
WARNING 2025-09-02 20:41:56,346 django.server C:\Users\Thembinkosi\Desktop\retail_management_system\env\Lib\site-packages\django\core\servers\basehttp.py:213 log_message "GET /static/js/main.js HTTP/1.1" 404 179
WARNING 2025-09-02 20:41:56,381 django.server C:\Users\Thembinkosi\Desktop\retail_management_system\env\Lib\site-packages\django\core\servers\basehttp.py:213 log_message "GET /static/human_resources/css/hr.css HTTP/1.1" 404 179
INFO 2025-09-02 20:41:57,093 django.server C:\Users\Thembinkosi\Desktop\retail_management_system\env\Lib\site-packages\django\core\servers\basehttp.py:213 log_message "GET /favicon.ico HTTP/1.1" 204 0
INFO 2025-09-02 20:42:14,991 django.server C:\Users\Thembinkosi\Desktop\retail_management_system\env\Lib\site-packages\django\core\servers\basehttp.py:213 log_message "GET /hr/employees/e678ec39-dc91-45a4-a659-e8f8c83b050b/edit/ HTTP/1.1" 200 44149
WARNING 2025-09-02 20:42:15,515 django.server C:\Users\Thembinkosi\Desktop\retail_management_system\env\Lib\site-packages\django\core\servers\basehttp.py:213 log_message "GET /static/js/main.js HTTP/1.1" 404 179
WARNING 2025-09-02 20:42:15,632 django.server C:\Users\Thembinkosi\Desktop\retail_management_system\env\Lib\site-packages\django\core\servers\basehttp.py:213 log_message "GET /static/css/main.css HTTP/1.1" 404 179
WARNING 2025-09-02 20:42:15,699 django.server C:\Users\Thembinkosi\Desktop\retail_management_system\env\Lib\site-packages\django\core\servers\basehttp.py:213 log_message "GET /static/human_resources/css/hr.css HTTP/1.1" 404 179
INFO 2025-09-02 20:42:16,052 django.server C:\Users\Thembinkosi\Desktop\retail_management_system\env\Lib\site-packages\django\core\servers\basehttp.py:213 log_message "GET /favicon.ico HTTP/1.1" 204 0
INFO 2025-09-02 20:42:25,388 django.server C:\Users\Thembinkosi\Desktop\retail_management_system\env\Lib\site-packages\django\core\servers\basehttp.py:213 log_message "POST /hr/employees/e678ec39-dc91-45a4-a659-e8f8c83b050b/edit/ HTTP/1.1" 302 0
INFO 2025-09-02 20:42:26,663 django.server C:\Users\Thembinkosi\Desktop\retail_management_system\env\Lib\site-packages\django\core\servers\basehttp.py:213 log_message "GET /hr/employees/e678ec39-dc91-45a4-a659-e8f8c83b050b/ HTTP/1.1" 200 36702
WARNING 2025-09-02 20:42:27,093 django.server C:\Users\Thembinkosi\Desktop\retail_management_system\env\Lib\site-packages\django\core\servers\basehttp.py:213 log_message "GET /static/human_resources/css/hr.css HTTP/1.1" 404 179
WARNING 2025-09-02 20:42:27,483 django.server C:\Users\Thembinkosi\Desktop\retail_management_system\env\Lib\site-packages\django\core\servers\basehttp.py:213 log_message "GET /static/css/main.css HTTP/1.1" 404 179
WARNING 2025-09-02 20:42:27,578 django.server C:\Users\Thembinkosi\Desktop\retail_management_system\env\Lib\site-packages\django\core\servers\basehttp.py:213 log_message "GET /static/js/main.js HTTP/1.1" 404 179
INFO 2025-09-02 20:42:28,335 django.server C:\Users\Thembinkosi\Desktop\retail_management_system\env\Lib\site-packages\django\core\servers\basehttp.py:213 log_message "GET /favicon.ico HTTP/1.1" 204 0
INFO 2025-09-02 20:42:33,376 django.server C:\Users\Thembinkosi\Desktop\retail_management_system\env\Lib\site-packages\django\core\servers\basehttp.py:213 log_message "GET /hr/employees/ HTTP/1.1" 200 63878
WARNING 2025-09-02 20:42:33,703 django.server C:\Users\Thembinkosi\Desktop\retail_management_system\env\Lib\site-packages\django\core\servers\basehttp.py:213 log_message "GET /static/human_resources/css/hr.css HTTP/1.1" 404 179
WARNING 2025-09-02 20:42:33,720 django.server C:\Users\Thembinkosi\Desktop\retail_management_system\env\Lib\site-packages\django\core\servers\basehttp.py:213 log_message "GET /static/css/main.css HTTP/1.1" 404 179
WARNING 2025-09-02 20:42:33,734 django.server C:\Users\Thembinkosi\Desktop\retail_management_system\env\Lib\site-packages\django\core\servers\basehttp.py:213 log_message "GET /static/js/main.js HTTP/1.1" 404 179
INFO 2025-09-02 20:42:34,225 django.server C:\Users\Thembinkosi\Desktop\retail_management_system\env\Lib\site-packages\django\core\servers\basehttp.py:213 log_message "GET /favicon.ico HTTP/1.1" 204 0
INFO 2025-09-02 20:42:55,863 django.server C:\Users\Thembinkosi\Desktop\retail_management_system\env\Lib\site-packages\django\core\servers\basehttp.py:213 log_message "GET /hr/employees/d4fdfa77-7ddf-4c32-8bc6-07d8cd8fd25d/edit/ HTTP/1.1" 200 44228
WARNING 2025-09-02 20:42:56,312 django.server C:\Users\Thembinkosi\Desktop\retail_management_system\env\Lib\site-packages\django\core\servers\basehttp.py:213 log_message "GET /static/js/main.js HTTP/1.1" 404 179
WARNING 2025-09-02 20:42:56,527 django.server C:\Users\Thembinkosi\Desktop\retail_management_system\env\Lib\site-packages\django\core\servers\basehttp.py:213 log_message "GET /static/css/main.css HTTP/1.1" 404 179
WARNING 2025-09-02 20:42:56,678 django.server C:\Users\Thembinkosi\Desktop\retail_management_system\env\Lib\site-packages\django\core\servers\basehttp.py:213 log_message "GET /static/human_resources/css/hr.css HTTP/1.1" 404 179
INFO 2025-09-02 20:42:57,249 django.server C:\Users\Thembinkosi\Desktop\retail_management_system\env\Lib\site-packages\django\core\servers\basehttp.py:213 log_message "GET /favicon.ico HTTP/1.1" 204 0
INFO 2025-09-02 20:43:13,184 django.server C:\Users\Thembinkosi\Desktop\retail_management_system\env\Lib\site-packages\django\core\servers\basehttp.py:213 log_message "POST /hr/employees/d4fdfa77-7ddf-4c32-8bc6-07d8cd8fd25d/edit/ HTTP/1.1" 302 0
INFO 2025-09-02 20:43:13,450 django.server C:\Users\Thembinkosi\Desktop\retail_management_system\env\Lib\site-packages\django\core\servers\basehttp.py:213 log_message "GET /hr/employees/d4fdfa77-7ddf-4c32-8bc6-07d8cd8fd25d/ HTTP/1.1" 200 36696
WARNING 2025-09-02 20:43:14,439 django.server C:\Users\Thembinkosi\Desktop\retail_management_system\env\Lib\site-packages\django\core\servers\basehttp.py:213 log_message "GET /static/js/main.js HTTP/1.1" 404 179
WARNING 2025-09-02 20:43:14,454 django.server C:\Users\Thembinkosi\Desktop\retail_management_system\env\Lib\site-packages\django\core\servers\basehttp.py:213 log_message "GET /static/human_resources/css/hr.css HTTP/1.1" 404 179
WARNING 2025-09-02 20:43:14,457 django.server C:\Users\Thembinkosi\Desktop\retail_management_system\env\Lib\site-packages\django\core\servers\basehttp.py:213 log_message "GET /static/css/main.css HTTP/1.1" 404 179
INFO 2025-09-02 20:43:14,678 django.server C:\Users\Thembinkosi\Desktop\retail_management_system\env\Lib\site-packages\django\core\servers\basehttp.py:213 log_message "GET /favicon.ico HTTP/1.1" 204 0
INFO 2025-09-02 20:43:21,041 django.server C:\Users\Thembinkosi\Desktop\retail_management_system\env\Lib\site-packages\django\core\servers\basehttp.py:213 log_message "GET /hr/employees/ HTTP/1.1" 200 63877
WARNING 2025-09-02 20:43:21,471 django.server C:\Users\Thembinkosi\Desktop\retail_management_system\env\Lib\site-packages\django\core\servers\basehttp.py:213 log_message "GET /static/human_resources/css/hr.css HTTP/1.1" 404 179
WARNING 2025-09-02 20:43:21,772 django.server C:\Users\Thembinkosi\Desktop\retail_management_system\env\Lib\site-packages\django\core\servers\basehttp.py:213 log_message "GET /static/js/main.js HTTP/1.1" 404 179
WARNING 2025-09-02 20:43:21,775 django.server C:\Users\Thembinkosi\Desktop\retail_management_system\env\Lib\site-packages\django\core\servers\basehttp.py:213 log_message "GET /static/css/main.css HTTP/1.1" 404 179
INFO 2025-09-02 20:43:22,150 django.server C:\Users\Thembinkosi\Desktop\retail_management_system\env\Lib\site-packages\django\core\servers\basehttp.py:213 log_message "GET /favicon.ico HTTP/1.1" 204 0
INFO 2025-09-02 20:43:44,908 django.server C:\Users\Thembinkosi\Desktop\retail_management_system\env\Lib\site-packages\django\core\servers\basehttp.py:213 log_message "GET /hr/employees/e678ec39-dc91-45a4-a659-e8f8c83b050b/ HTTP/1.1" 200 36344
WARNING 2025-09-02 20:43:45,576 django.server C:\Users\Thembinkosi\Desktop\retail_management_system\env\Lib\site-packages\django\core\servers\basehttp.py:213 log_message "GET /static/css/main.css HTTP/1.1" 404 179
WARNING 2025-09-02 20:43:45,640 django.server C:\Users\Thembinkosi\Desktop\retail_management_system\env\Lib\site-packages\django\core\servers\basehttp.py:213 log_message "GET /static/js/main.js HTTP/1.1" 404 179
WARNING 2025-09-02 20:43:45,643 django.server C:\Users\Thembinkosi\Desktop\retail_management_system\env\Lib\site-packages\django\core\servers\basehttp.py:213 log_message "GET /static/human_resources/css/hr.css HTTP/1.1" 404 179
INFO 2025-09-02 20:43:46,413 django.server C:\Users\Thembinkosi\Desktop\retail_management_system\env\Lib\site-packages\django\core\servers\basehttp.py:213 log_message "GET /favicon.ico HTTP/1.1" 204 0
INFO 2025-09-02 20:43:56,261 django.server C:\Users\Thembinkosi\Desktop\retail_management_system\env\Lib\site-packages\django\core\servers\basehttp.py:213 log_message "GET /hr/employees/e678ec39-dc91-45a4-a659-e8f8c83b050b/delete/ HTTP/1.1" 200 35964
WARNING 2025-09-02 20:43:56,925 django.server C:\Users\Thembinkosi\Desktop\retail_management_system\env\Lib\site-packages\django\core\servers\basehttp.py:213 log_message "GET /static/css/main.css HTTP/1.1" 404 179
WARNING 2025-09-02 20:43:56,931 django.server C:\Users\Thembinkosi\Desktop\retail_management_system\env\Lib\site-packages\django\core\servers\basehttp.py:213 log_message "GET /static/js/main.js HTTP/1.1" 404 179
INFO 2025-09-02 20:43:57,544 django.server C:\Users\Thembinkosi\Desktop\retail_management_system\env\Lib\site-packages\django\core\servers\basehttp.py:213 log_message "GET /favicon.ico HTTP/1.1" 204 0
INFO 2025-09-02 20:46:38,363 django.server C:\Users\Thembinkosi\Desktop\retail_management_system\env\Lib\site-packages\django\core\servers\basehttp.py:213 log_message "GET /hr/employees/ HTTP/1.1" 200 63877
WARNING 2025-09-02 20:46:38,750 django.server C:\Users\Thembinkosi\Desktop\retail_management_system\env\Lib\site-packages\django\core\servers\basehttp.py:213 log_message "GET /static/css/main.css HTTP/1.1" 404 179
WARNING 2025-09-02 20:46:38,858 django.server C:\Users\Thembinkosi\Desktop\retail_management_system\env\Lib\site-packages\django\core\servers\basehttp.py:213 log_message "GET /static/js/main.js HTTP/1.1" 404 179
WARNING 2025-09-02 20:46:38,984 django.server C:\Users\Thembinkosi\Desktop\retail_management_system\env\Lib\site-packages\django\core\servers\basehttp.py:213 log_message "GET /static/human_resources/css/hr.css HTTP/1.1" 404 179
INFO 2025-09-02 20:46:39,268 django.server C:\Users\Thembinkosi\Desktop\retail_management_system\env\Lib\site-packages\django\core\servers\basehttp.py:213 log_message "GET /favicon.ico HTTP/1.1" 204 0
INFO 2025-09-02 20:55:03,296 django.server C:\Users\Thembinkosi\Desktop\retail_management_system\env\Lib\site-packages\django\core\servers\basehttp.py:213 log_message "GET /hr/attendance/ HTTP/1.1" 200 30375
WARNING 2025-09-02 20:55:03,738 django.server C:\Users\Thembinkosi\Desktop\retail_management_system\env\Lib\site-packages\django\core\servers\basehttp.py:213 log_message "GET /static/human_resources/css/hr.css HTTP/1.1" 404 179
WARNING 2025-09-02 20:55:03,752 django.server C:\Users\Thembinkosi\Desktop\retail_management_system\env\Lib\site-packages\django\core\servers\basehttp.py:213 log_message "GET /static/css/main.css HTTP/1.1" 404 179
WARNING 2025-09-02 20:55:04,371 django.server C:\Users\Thembinkosi\Desktop\retail_management_system\env\Lib\site-packages\django\core\servers\basehttp.py:213 log_message "GET /static/js/main.js HTTP/1.1" 404 179
INFO 2025-09-02 20:55:04,983 django.server C:\Users\Thembinkosi\Desktop\retail_management_system\env\Lib\site-packages\django\core\servers\basehttp.py:213 log_message "GET /favicon.ico HTTP/1.1" 204 0
INFO 2025-09-02 20:55:09,198 django.server C:\Users\Thembinkosi\Desktop\retail_management_system\env\Lib\site-packages\django\core\servers\basehttp.py:213 log_message "GET /hr/attendance/create/ HTTP/1.1" 200 41265
WARNING 2025-09-02 20:55:09,453 django.server C:\Users\Thembinkosi\Desktop\retail_management_system\env\Lib\site-packages\django\core\servers\basehttp.py:213 log_message "GET /static/human_resources/css/hr.css HTTP/1.1" 404 179
WARNING 2025-09-02 20:55:09,549 django.server C:\Users\Thembinkosi\Desktop\retail_management_system\env\Lib\site-packages\django\core\servers\basehttp.py:213 log_message "GET /static/js/main.js HTTP/1.1" 404 179
WARNING 2025-09-02 20:55:09,552 django.server C:\Users\Thembinkosi\Desktop\retail_management_system\env\Lib\site-packages\django\core\servers\basehttp.py:213 log_message "GET /static/css/main.css HTTP/1.1" 404 179
INFO 2025-09-02 20:55:10,044 django.server C:\Users\Thembinkosi\Desktop\retail_management_system\env\Lib\site-packages\django\core\servers\basehttp.py:213 log_message "GET /favicon.ico HTTP/1.1" 204 0
INFO 2025-09-02 20:57:48,004 django.server C:\Users\Thembinkosi\Desktop\retail_management_system\env\Lib\site-packages\django\core\servers\basehttp.py:213 log_message "POST /hr/attendance/create/ HTTP/1.1" 302 0
INFO 2025-09-02 20:57:48,289 django.server C:\Users\Thembinkosi\Desktop\retail_management_system\env\Lib\site-packages\django\core\servers\basehttp.py:213 log_message "GET /hr/attendance/ HTTP/1.1" 200 35703
INFO 2025-09-02 20:58:09,974 django.server C:\Users\Thembinkosi\Desktop\retail_management_system\env\Lib\site-packages\django\core\servers\basehttp.py:213 log_message "GET /hr/attendance/ HTTP/1.1" 200 35703
WARNING 2025-09-02 20:58:10,433 django.server C:\Users\Thembinkosi\Desktop\retail_management_system\env\Lib\site-packages\django\core\servers\basehttp.py:213 log_message "GET /static/human_resources/css/hr.css HTTP/1.1" 404 179
WARNING 2025-09-02 20:58:11,206 django.server C:\Users\Thembinkosi\Desktop\retail_management_system\env\Lib\site-packages\django\core\servers\basehttp.py:213 log_message "GET /static/css/main.css HTTP/1.1" 404 179
WARNING 2025-09-02 20:58:11,207 django.server C:\Users\Thembinkosi\Desktop\retail_management_system\env\Lib\site-packages\django\core\servers\basehttp.py:213 log_message "GET /static/js/main.js HTTP/1.1" 404 179
INFO 2025-09-02 20:58:11,748 django.server C:\Users\Thembinkosi\Desktop\retail_management_system\env\Lib\site-packages\django\core\servers\basehttp.py:213 log_message "GET /favicon.ico HTTP/1.1" 204 0
INFO 2025-09-02 20:58:28,189 django.server C:\Users\Thembinkosi\Desktop\retail_management_system\env\Lib\site-packages\django\core\servers\basehttp.py:213 log_message "GET /hr/attendance/1eb32094-b110-4a8d-8ca3-12ce5d0a778b/ HTTP/1.1" 200 21283
WARNING 2025-09-02 20:58:28,583 django.server C:\Users\Thembinkosi\Desktop\retail_management_system\env\Lib\site-packages\django\core\servers\basehttp.py:213 log_message "GET /static/css/main.css HTTP/1.1" 404 179
WARNING 2025-09-02 20:58:28,596 django.server C:\Users\Thembinkosi\Desktop\retail_management_system\env\Lib\site-packages\django\core\servers\basehttp.py:213 log_message "GET /static/js/main.js HTTP/1.1" 404 179
INFO 2025-09-02 20:58:28,959 django.server C:\Users\Thembinkosi\Desktop\retail_management_system\env\Lib\site-packages\django\core\servers\basehttp.py:213 log_message "GET /favicon.ico HTTP/1.1" 204 0
INFO 2025-09-02 20:58:34,490 django.server C:\Users\Thembinkosi\Desktop\retail_management_system\env\Lib\site-packages\django\core\servers\basehttp.py:213 log_message "GET /hr/attendance/1eb32094-b110-4a8d-8ca3-12ce5d0a778b/edit/ HTTP/1.1" 200 43694
WARNING 2025-09-02 20:58:34,813 django.server C:\Users\Thembinkosi\Desktop\retail_management_system\env\Lib\site-packages\django\core\servers\basehttp.py:213 log_message "GET /static/js/main.js HTTP/1.1" 404 179
WARNING 2025-09-02 20:58:35,247 django.server C:\Users\Thembinkosi\Desktop\retail_management_system\env\Lib\site-packages\django\core\servers\basehttp.py:213 log_message "GET /static/human_resources/css/hr.css HTTP/1.1" 404 179
WARNING 2025-09-02 20:58:35,250 django.server C:\Users\Thembinkosi\Desktop\retail_management_system\env\Lib\site-packages\django\core\servers\basehttp.py:213 log_message "GET /static/css/main.css HTTP/1.1" 404 179
INFO 2025-09-02 20:58:35,763 django.server C:\Users\Thembinkosi\Desktop\retail_management_system\env\Lib\site-packages\django\core\servers\basehttp.py:213 log_message "GET /favicon.ico HTTP/1.1" 204 0
INFO 2025-09-02 20:58:46,545 django.server C:\Users\Thembinkosi\Desktop\retail_management_system\env\Lib\site-packages\django\core\servers\basehttp.py:213 log_message "POST /hr/attendance/create/ HTTP/1.1" 200 42098
INFO 2025-09-02 21:00:29,542 django.server C:\Users\Thembinkosi\Desktop\retail_management_system\env\Lib\site-packages\django\core\servers\basehttp.py:213 log_message "GET /hr/attendance/ HTTP/1.1" 200 35703
WARNING 2025-09-02 21:00:29,782 django.server C:\Users\Thembinkosi\Desktop\retail_management_system\env\Lib\site-packages\django\core\servers\basehttp.py:213 log_message "GET /static/human_resources/css/hr.css HTTP/1.1" 404 179
WARNING 2025-09-02 21:00:29,783 django.server C:\Users\Thembinkosi\Desktop\retail_management_system\env\Lib\site-packages\django\core\servers\basehttp.py:213 log_message "GET /static/css/main.css HTTP/1.1" 404 179
WARNING 2025-09-02 21:00:29,788 django.server C:\Users\Thembinkosi\Desktop\retail_management_system\env\Lib\site-packages\django\core\servers\basehttp.py:213 log_message "GET /static/js/main.js HTTP/1.1" 404 179
INFO 2025-09-02 21:00:30,002 django.server C:\Users\Thembinkosi\Desktop\retail_management_system\env\Lib\site-packages\django\core\servers\basehttp.py:213 log_message "GET /favicon.ico HTTP/1.1" 204 0
INFO 2025-09-02 21:00:35,519 django.server C:\Users\Thembinkosi\Desktop\retail_management_system\env\Lib\site-packages\django\core\servers\basehttp.py:213 log_message "GET /hr/attendance/create/ HTTP/1.1" 200 41265
WARNING 2025-09-02 21:00:35,767 django.server C:\Users\Thembinkosi\Desktop\retail_management_system\env\Lib\site-packages\django\core\servers\basehttp.py:213 log_message "GET /static/css/main.css HTTP/1.1" 404 179
WARNING 2025-09-02 21:00:35,768 django.server C:\Users\Thembinkosi\Desktop\retail_management_system\env\Lib\site-packages\django\core\servers\basehttp.py:213 log_message "GET /static/js/main.js HTTP/1.1" 404 179
WARNING 2025-09-02 21:00:35,783 django.server C:\Users\Thembinkosi\Desktop\retail_management_system\env\Lib\site-packages\django\core\servers\basehttp.py:213 log_message "GET /static/human_resources/css/hr.css HTTP/1.1" 404 179
INFO 2025-09-02 21:00:35,973 django.server C:\Users\Thembinkosi\Desktop\retail_management_system\env\Lib\site-packages\django\core\servers\basehttp.py:213 log_message "GET /favicon.ico HTTP/1.1" 204 0
INFO 2025-09-02 21:02:20,923 django.server C:\Users\Thembinkosi\Desktop\retail_management_system\env\Lib\site-packages\django\core\servers\basehttp.py:213 log_message "POST /hr/attendance/create/ HTTP/1.1" 302 0
INFO 2025-09-02 21:02:21,033 django.server C:\Users\Thembinkosi\Desktop\retail_management_system\env\Lib\site-packages\django\core\servers\basehttp.py:213 log_message "GET /hr/attendance/ HTTP/1.1" 200 39664
INFO 2025-09-02 21:02:37,253 django.server C:\Users\Thembinkosi\Desktop\retail_management_system\env\Lib\site-packages\django\core\servers\basehttp.py:213 log_message "GET /hr/attendance/ HTTP/1.1" 200 39664
WARNING 2025-09-02 21:02:37,486 django.server C:\Users\Thembinkosi\Desktop\retail_management_system\env\Lib\site-packages\django\core\servers\basehttp.py:213 log_message "GET /static/css/main.css HTTP/1.1" 404 179
WARNING 2025-09-02 21:02:37,613 django.server C:\Users\Thembinkosi\Desktop\retail_management_system\env\Lib\site-packages\django\core\servers\basehttp.py:213 log_message "GET /static/human_resources/css/hr.css HTTP/1.1" 404 179
WARNING 2025-09-02 21:02:37,614 django.server C:\Users\Thembinkosi\Desktop\retail_management_system\env\Lib\site-packages\django\core\servers\basehttp.py:213 log_message "GET /static/js/main.js HTTP/1.1" 404 179
INFO 2025-09-02 21:02:37,814 django.server C:\Users\Thembinkosi\Desktop\retail_management_system\env\Lib\site-packages\django\core\servers\basehttp.py:213 log_message "GET /favicon.ico HTTP/1.1" 204 0
INFO 2025-09-02 21:03:32,504 django.server C:\Users\Thembinkosi\Desktop\retail_management_system\env\Lib\site-packages\django\core\servers\basehttp.py:213 log_message "GET /hr/attendance/export/?format=csv HTTP/1.1" 200 437
INFO 2025-09-02 21:07:29,516 django.server C:\Users\Thembinkosi\Desktop\retail_management_system\env\Lib\site-packages\django\core\servers\basehttp.py:213 log_message "GET /hr/attendance/create/ HTTP/1.1" 200 41821
WARNING 2025-09-02 21:07:29,723 django.server C:\Users\Thembinkosi\Desktop\retail_management_system\env\Lib\site-packages\django\core\servers\basehttp.py:213 log_message "GET /static/css/main.css HTTP/1.1" 404 179
WARNING 2025-09-02 21:07:29,756 django.server C:\Users\Thembinkosi\Desktop\retail_management_system\env\Lib\site-packages\django\core\servers\basehttp.py:213 log_message "GET /static/human_resources/css/hr.css HTTP/1.1" 404 179
WARNING 2025-09-02 21:07:29,758 django.server C:\Users\Thembinkosi\Desktop\retail_management_system\env\Lib\site-packages\django\core\servers\basehttp.py:213 log_message "GET /static/js/main.js HTTP/1.1" 404 179
INFO 2025-09-02 21:07:29,940 django.server C:\Users\Thembinkosi\Desktop\retail_management_system\env\Lib\site-packages\django\core\servers\basehttp.py:213 log_message "GET /favicon.ico HTTP/1.1" 204 0
INFO 2025-09-02 21:08:17,837 django.server C:\Users\Thembinkosi\Desktop\retail_management_system\env\Lib\site-packages\django\core\servers\basehttp.py:213 log_message "POST /hr/attendance/create/ HTTP/1.1" 200 42580
INFO 2025-09-02 21:08:17,977 django.server C:\Users\Thembinkosi\Desktop\retail_management_system\env\Lib\site-packages\django\core\servers\basehttp.py:213 log_message "GET /hr/attendance/ HTTP/1.1" 200 39664
WARNING 2025-09-02 21:08:18,159 django.server C:\Users\Thembinkosi\Desktop\retail_management_system\env\Lib\site-packages\django\core\servers\basehttp.py:213 log_message "GET /static/human_resources/css/hr.css HTTP/1.1" 404 179
WARNING 2025-09-02 21:08:18,174 django.server C:\Users\Thembinkosi\Desktop\retail_management_system\env\Lib\site-packages\django\core\servers\basehttp.py:213 log_message "GET /static/js/main.js HTTP/1.1" 404 179
WARNING 2025-09-02 21:08:18,227 django.server C:\Users\Thembinkosi\Desktop\retail_management_system\env\Lib\site-packages\django\core\servers\basehttp.py:213 log_message "GET /static/css/main.css HTTP/1.1" 404 179
INFO 2025-09-02 21:08:18,378 django.server C:\Users\Thembinkosi\Desktop\retail_management_system\env\Lib\site-packages\django\core\servers\basehttp.py:213 log_message "GET /favicon.ico HTTP/1.1" 204 0
INFO 2025-09-02 21:10:16,930 django.server C:\Users\Thembinkosi\Desktop\retail_management_system\env\Lib\site-packages\django\core\servers\basehttp.py:213 log_message "GET /hr/attendance/create/ HTTP/1.1" 200 42272
WARNING 2025-09-02 21:10:17,128 django.server C:\Users\Thembinkosi\Desktop\retail_management_system\env\Lib\site-packages\django\core\servers\basehttp.py:213 log_message "GET /static/css/main.css HTTP/1.1" 404 179
WARNING 2025-09-02 21:10:17,199 django.server C:\Users\Thembinkosi\Desktop\retail_management_system\env\Lib\site-packages\django\core\servers\basehttp.py:213 log_message "GET /static/human_resources/css/hr.css HTTP/1.1" 404 179
WARNING 2025-09-02 21:10:17,227 django.server C:\Users\Thembinkosi\Desktop\retail_management_system\env\Lib\site-packages\django\core\servers\basehttp.py:213 log_message "GET /static/js/main.js HTTP/1.1" 404 179
INFO 2025-09-02 21:10:17,511 django.server C:\Users\Thembinkosi\Desktop\retail_management_system\env\Lib\site-packages\django\core\servers\basehttp.py:213 log_message "GET /favicon.ico HTTP/1.1" 204 0
INFO 2025-09-02 21:10:50,942 django.server C:\Users\Thembinkosi\Desktop\retail_management_system\env\Lib\site-packages\django\core\servers\basehttp.py:213 log_message "POST /hr/attendance/create/ HTTP/1.1" 200 43021
INFO 2025-09-02 21:11:09,895 django.server C:\Users\Thembinkosi\Desktop\retail_management_system\env\Lib\site-packages\django\core\servers\basehttp.py:213 log_message "GET /hr/attendance/create/ HTTP/1.1" 200 42272
WARNING 2025-09-02 21:11:10,120 django.server C:\Users\Thembinkosi\Desktop\retail_management_system\env\Lib\site-packages\django\core\servers\basehttp.py:213 log_message "GET /static/human_resources/css/hr.css HTTP/1.1" 404 179
WARNING 2025-09-02 21:11:10,140 django.server C:\Users\Thembinkosi\Desktop\retail_management_system\env\Lib\site-packages\django\core\servers\basehttp.py:213 log_message "GET /static/js/main.js HTTP/1.1" 404 179
WARNING 2025-09-02 21:11:10,161 django.server C:\Users\Thembinkosi\Desktop\retail_management_system\env\Lib\site-packages\django\core\servers\basehttp.py:213 log_message "GET /static/css/main.css HTTP/1.1" 404 179
INFO 2025-09-02 21:11:10,323 django.server C:\Users\Thembinkosi\Desktop\retail_management_system\env\Lib\site-packages\django\core\servers\basehttp.py:213 log_message "GET /favicon.ico HTTP/1.1" 204 0
INFO 2025-09-02 21:11:16,297 django.server C:\Users\Thembinkosi\Desktop\retail_management_system\env\Lib\site-packages\django\core\servers\basehttp.py:213 log_message "GET /hr/attendance/ HTTP/1.1" 200 39664
WARNING 2025-09-02 21:11:16,472 django.server C:\Users\Thembinkosi\Desktop\retail_management_system\env\Lib\site-packages\django\core\servers\basehttp.py:213 log_message "GET /static/human_resources/css/hr.css HTTP/1.1" 404 179
WARNING 2025-09-02 21:11:16,509 django.server C:\Users\Thembinkosi\Desktop\retail_management_system\env\Lib\site-packages\django\core\servers\basehttp.py:213 log_message "GET /static/js/main.js HTTP/1.1" 404 179
WARNING 2025-09-02 21:11:16,544 django.server C:\Users\Thembinkosi\Desktop\retail_management_system\env\Lib\site-packages\django\core\servers\basehttp.py:213 log_message "GET /static/css/main.css HTTP/1.1" 404 179
INFO 2025-09-02 21:11:16,701 django.server C:\Users\Thembinkosi\Desktop\retail_management_system\env\Lib\site-packages\django\core\servers\basehttp.py:213 log_message "GET /favicon.ico HTTP/1.1" 204 0
INFO 2025-09-02 21:11:25,024 django.server C:\Users\Thembinkosi\Desktop\retail_management_system\env\Lib\site-packages\django\core\servers\basehttp.py:213 log_message "GET /hr/attendance/create/ HTTP/1.1" 200 42272
WARNING 2025-09-02 21:11:25,229 django.server C:\Users\Thembinkosi\Desktop\retail_management_system\env\Lib\site-packages\django\core\servers\basehttp.py:213 log_message "GET /static/js/main.js HTTP/1.1" 404 179
WARNING 2025-09-02 21:11:25,232 django.server C:\Users\Thembinkosi\Desktop\retail_management_system\env\Lib\site-packages\django\core\servers\basehttp.py:213 log_message "GET /static/css/main.css HTTP/1.1" 404 179
WARNING 2025-09-02 21:11:25,305 django.server C:\Users\Thembinkosi\Desktop\retail_management_system\env\Lib\site-packages\django\core\servers\basehttp.py:213 log_message "GET /static/human_resources/css/hr.css HTTP/1.1" 404 179
INFO 2025-09-02 21:11:25,441 django.server C:\Users\Thembinkosi\Desktop\retail_management_system\env\Lib\site-packages\django\core\servers\basehttp.py:213 log_message "GET /favicon.ico HTTP/1.1" 204 0
INFO 2025-09-02 21:12:02,462 django.server C:\Users\Thembinkosi\Desktop\retail_management_system\env\Lib\site-packages\django\core\servers\basehttp.py:213 log_message "POST /hr/attendance/create/ HTTP/1.1" 200 43041
INFO 2025-09-02 21:12:12,952 django.server C:\Users\Thembinkosi\Desktop\retail_management_system\env\Lib\site-packages\django\core\servers\basehttp.py:213 log_message "GET /hr/attendance/ HTTP/1.1" 200 39664
WARNING 2025-09-02 21:12:13,151 django.server C:\Users\Thembinkosi\Desktop\retail_management_system\env\Lib\site-packages\django\core\servers\basehttp.py:213 log_message "GET /static/human_resources/css/hr.css HTTP/1.1" 404 179
WARNING 2025-09-02 21:12:13,168 django.server C:\Users\Thembinkosi\Desktop\retail_management_system\env\Lib\site-packages\django\core\servers\basehttp.py:213 log_message "GET /static/css/main.css HTTP/1.1" 404 179
WARNING 2025-09-02 21:12:13,182 django.server C:\Users\Thembinkosi\Desktop\retail_management_system\env\Lib\site-packages\django\core\servers\basehttp.py:213 log_message "GET /static/js/main.js HTTP/1.1" 404 179
INFO 2025-09-02 21:12:13,377 django.server C:\Users\Thembinkosi\Desktop\retail_management_system\env\Lib\site-packages\django\core\servers\basehttp.py:213 log_message "GET /favicon.ico HTTP/1.1" 204 0
INFO 2025-09-02 21:13:07,608 django.server C:\Users\Thembinkosi\Desktop\retail_management_system\env\Lib\site-packages\django\core\servers\basehttp.py:213 log_message "GET /hr/attendance/1eb32094-b110-4a8d-8ca3-12ce5d0a778b/ HTTP/1.1" 200 21283
WARNING 2025-09-02 21:13:07,788 django.server C:\Users\Thembinkosi\Desktop\retail_management_system\env\Lib\site-packages\django\core\servers\basehttp.py:213 log_message "GET /static/js/main.js HTTP/1.1" 404 179
WARNING 2025-09-02 21:13:07,796 django.server C:\Users\Thembinkosi\Desktop\retail_management_system\env\Lib\site-packages\django\core\servers\basehttp.py:213 log_message "GET /static/css/main.css HTTP/1.1" 404 179
INFO 2025-09-02 21:13:07,937 django.server C:\Users\Thembinkosi\Desktop\retail_management_system\env\Lib\site-packages\django\core\servers\basehttp.py:213 log_message "GET /favicon.ico HTTP/1.1" 204 0
INFO 2025-09-02 21:13:10,388 django.server C:\Users\Thembinkosi\Desktop\retail_management_system\env\Lib\site-packages\django\core\servers\basehttp.py:213 log_message "GET /hr/attendance/1eb32094-b110-4a8d-8ca3-12ce5d0a778b/edit/ HTTP/1.1" 200 44701
WARNING 2025-09-02 21:13:10,673 django.server C:\Users\Thembinkosi\Desktop\retail_management_system\env\Lib\site-packages\django\core\servers\basehttp.py:213 log_message "GET /static/js/main.js HTTP/1.1" 404 179
WARNING 2025-09-02 21:13:10,680 django.server C:\Users\Thembinkosi\Desktop\retail_management_system\env\Lib\site-packages\django\core\servers\basehttp.py:213 log_message "GET /static/css/main.css HTTP/1.1" 404 179
WARNING 2025-09-02 21:13:10,682 django.server C:\Users\Thembinkosi\Desktop\retail_management_system\env\Lib\site-packages\django\core\servers\basehttp.py:213 log_message "GET /static/human_resources/css/hr.css HTTP/1.1" 404 179
INFO 2025-09-02 21:13:10,870 django.server C:\Users\Thembinkosi\Desktop\retail_management_system\env\Lib\site-packages\django\core\servers\basehttp.py:213 log_message "GET /favicon.ico HTTP/1.1" 204 0
INFO 2025-09-02 21:13:23,104 django.server C:\Users\Thembinkosi\Desktop\retail_management_system\env\Lib\site-packages\django\core\servers\basehttp.py:213 log_message "POST /hr/attendance/1eb32094-b110-4a8d-8ca3-12ce5d0a778b/edit/ HTTP/1.1" 302 0
INFO 2025-09-02 21:13:23,212 django.server C:\Users\Thembinkosi\Desktop\retail_management_system\env\Lib\site-packages\django\core\servers\basehttp.py:213 log_message "GET /hr/attendance/ HTTP/1.1" 200 39680
INFO 2025-09-02 21:13:33,993 django.server C:\Users\Thembinkosi\Desktop\retail_management_system\env\Lib\site-packages\django\core\servers\basehttp.py:213 log_message "GET /hr/attendance/ HTTP/1.1" 200 39680
WARNING 2025-09-02 21:13:34,217 django.server C:\Users\Thembinkosi\Desktop\retail_management_system\env\Lib\site-packages\django\core\servers\basehttp.py:213 log_message "GET /static/human_resources/css/hr.css HTTP/1.1" 404 179
WARNING 2025-09-02 21:13:34,226 django.server C:\Users\Thembinkosi\Desktop\retail_management_system\env\Lib\site-packages\django\core\servers\basehttp.py:213 log_message "GET /static/css/main.css HTTP/1.1" 404 179
WARNING 2025-09-02 21:13:34,231 django.server C:\Users\Thembinkosi\Desktop\retail_management_system\env\Lib\site-packages\django\core\servers\basehttp.py:213 log_message "GET /static/js/main.js HTTP/1.1" 404 179
INFO 2025-09-02 21:13:34,399 django.server C:\Users\Thembinkosi\Desktop\retail_management_system\env\Lib\site-packages\django\core\servers\basehttp.py:213 log_message "GET /favicon.ico HTTP/1.1" 204 0
INFO 2025-09-02 21:15:35,056 django.utils.autoreload C:\Users\Thembinkosi\Desktop\retail_management_system\env\Lib\site-packages\django\utils\autoreload.py:265 trigger_reload C:\Users\Thembinkosi\Desktop\retail_management_system\human_resources\views.py changed, reloading.
INFO 2025-09-02 21:15:38,767 django.utils.autoreload C:\Users\Thembinkosi\Desktop\retail_management_system\env\Lib\site-packages\django\utils\autoreload.py:667 run_with_reloader Watching for file changes with StatReloader
INFO 2025-09-02 21:16:03,700 django.utils.autoreload C:\Users\Thembinkosi\Desktop\retail_management_system\env\Lib\site-packages\django\utils\autoreload.py:265 trigger_reload C:\Users\Thembinkosi\Desktop\retail_management_system\human_resources\views.py changed, reloading.
INFO 2025-09-02 21:16:06,159 django.utils.autoreload C:\Users\Thembinkosi\Desktop\retail_management_system\env\Lib\site-packages\django\utils\autoreload.py:667 run_with_reloader Watching for file changes with StatReloader
INFO 2025-09-02 21:16:17,282 django.server C:\Users\Thembinkosi\Desktop\retail_management_system\env\Lib\site-packages\django\core\servers\basehttp.py:213 log_message "GET /hr/attendance/create/ HTTP/1.1" 200 42272
WARNING 2025-09-02 21:16:17,506 django.server C:\Users\Thembinkosi\Desktop\retail_management_system\env\Lib\site-packages\django\core\servers\basehttp.py:213 log_message "GET /static/human_resources/css/hr.css HTTP/1.1" 404 179
WARNING 2025-09-02 21:16:17,519 django.server C:\Users\Thembinkosi\Desktop\retail_management_system\env\Lib\site-packages\django\core\servers\basehttp.py:213 log_message "GET /static/js/main.js HTTP/1.1" 404 179
WARNING 2025-09-02 21:16:17,564 django.server C:\Users\Thembinkosi\Desktop\retail_management_system\env\Lib\site-packages\django\core\servers\basehttp.py:213 log_message "GET /static/css/main.css HTTP/1.1" 404 179
INFO 2025-09-02 21:16:17,791 django.server C:\Users\Thembinkosi\Desktop\retail_management_system\env\Lib\site-packages\django\core\servers\basehttp.py:213 log_message "GET /favicon.ico HTTP/1.1" 204 0
INFO 2025-09-02 21:16:37,100 django.server C:\Users\Thembinkosi\Desktop\retail_management_system\env\Lib\site-packages\django\core\servers\basehttp.py:213 log_message "POST /hr/attendance/create/ HTTP/1.1" 302 0
INFO 2025-09-02 21:16:37,240 django.server C:\Users\Thembinkosi\Desktop\retail_management_system\env\Lib\site-packages\django\core\servers\basehttp.py:213 log_message "GET /hr/attendance/ HTTP/1.1" 200 43623
INFO 2025-09-02 21:16:50,706 django.server C:\Users\Thembinkosi\Desktop\retail_management_system\env\Lib\site-packages\django\core\servers\basehttp.py:213 log_message "GET /hr/attendance/ HTTP/1.1" 200 43623
WARNING 2025-09-02 21:16:50,912 django.server C:\Users\Thembinkosi\Desktop\retail_management_system\env\Lib\site-packages\django\core\servers\basehttp.py:213 log_message "GET /static/css/main.css HTTP/1.1" 404 179
WARNING 2025-09-02 21:16:50,928 django.server C:\Users\Thembinkosi\Desktop\retail_management_system\env\Lib\site-packages\django\core\servers\basehttp.py:213 log_message "GET /static/js/main.js HTTP/1.1" 404 179
WARNING 2025-09-02 21:16:50,960 django.server C:\Users\Thembinkosi\Desktop\retail_management_system\env\Lib\site-packages\django\core\servers\basehttp.py:213 log_message "GET /static/human_resources/css/hr.css HTTP/1.1" 404 179
INFO 2025-09-02 21:16:51,134 django.server C:\Users\Thembinkosi\Desktop\retail_management_system\env\Lib\site-packages\django\core\servers\basehttp.py:213 log_message "GET /favicon.ico HTTP/1.1" 204 0
INFO 2025-09-02 21:18:23,504 django.utils.autoreload C:\Users\Thembinkosi\Desktop\retail_management_system\env\Lib\site-packages\django\utils\autoreload.py:667 run_with_reloader Watching for file changes with StatReloader
INFO 2025-09-02 21:19:23,804 django.server C:\Users\Thembinkosi\Desktop\retail_management_system\env\Lib\site-packages\django\core\servers\basehttp.py:213 log_message "GET /hr/attendance/create/ HTTP/1.1" 302 0
INFO 2025-09-02 21:19:23,928 django.server C:\Users\Thembinkosi\Desktop\retail_management_system\env\Lib\site-packages\django\core\servers\basehttp.py:213 log_message "GET /accounts/login/generic/?next=/hr/attendance/create/ HTTP/1.1" 200 3711
WARNING 2025-09-02 21:19:24,008 django.server C:\Users\Thembinkosi\Desktop\retail_management_system\env\Lib\site-packages\django\core\servers\basehttp.py:213 log_message "GET /static/css/main.css HTTP/1.1" 404 179
WARNING 2025-09-02 21:19:24,016 django.server C:\Users\Thembinkosi\Desktop\retail_management_system\env\Lib\site-packages\django\core\servers\basehttp.py:213 log_message "GET /static/js/main.js HTTP/1.1" 404 179
INFO 2025-09-02 21:19:30,864 django.server C:\Users\Thembinkosi\Desktop\retail_management_system\env\Lib\site-packages\django\core\servers\basehttp.py:213 log_message "GET /favicon.ico HTTP/1.1" 302 0
INFO 2025-09-02 21:19:30,881 django.server C:\Users\Thembinkosi\Desktop\retail_management_system\env\Lib\site-packages\django\core\servers\basehttp.py:213 log_message "GET /accounts/login/generic/?next=/favicon.ico HTTP/1.1" 200 3711
INFO 2025-09-02 21:28:24,078 django.server C:\Users\Thembinkosi\Desktop\retail_management_system\env\Lib\site-packages\django\core\servers\basehttp.py:213 log_message "GET /hr/attendance/create/ HTTP/1.1" 200 40090
WARNING 2025-09-02 21:28:24,260 django.server C:\Users\Thembinkosi\Desktop\retail_management_system\env\Lib\site-packages\django\core\servers\basehttp.py:213 log_message "GET /static/css/main.css HTTP/1.1" 404 179
WARNING 2025-09-02 21:28:24,269 django.server C:\Users\Thembinkosi\Desktop\retail_management_system\env\Lib\site-packages\django\core\servers\basehttp.py:213 log_message "GET /static/human_resources/css/hr.css HTTP/1.1" 404 179
WARNING 2025-09-02 21:28:24,407 django.server C:\Users\Thembinkosi\Desktop\retail_management_system\env\Lib\site-packages\django\core\servers\basehttp.py:213 log_message "GET /static/js/main.js HTTP/1.1" 404 179
INFO 2025-09-02 21:28:24,552 django.server C:\Users\Thembinkosi\Desktop\retail_management_system\env\Lib\site-packages\django\core\servers\basehttp.py:213 log_message "GET /favicon.ico HTTP/1.1" 204 0
INFO 2025-09-02 21:28:49,030 django.server C:\Users\Thembinkosi\Desktop\retail_management_system\env\Lib\site-packages\django\core\servers\basehttp.py:213 log_message "POST /hr/attendance/create/ HTTP/1.1" 302 0
INFO 2025-09-02 21:28:49,166 django.server C:\Users\Thembinkosi\Desktop\retail_management_system\env\Lib\site-packages\django\core\servers\basehttp.py:213 log_message "GET /hr/attendance/ HTTP/1.1" 200 47809
WARNING 2025-09-02 21:28:49,335 django.server C:\Users\Thembinkosi\Desktop\retail_management_system\env\Lib\site-packages\django\core\servers\basehttp.py:213 log_message "GET /static/human_resources/css/hr.css HTTP/1.1" 404 179
WARNING 2025-09-02 21:28:49,341 django.server C:\Users\Thembinkosi\Desktop\retail_management_system\env\Lib\site-packages\django\core\servers\basehttp.py:213 log_message "GET /static/js/main.js HTTP/1.1" 404 179
WARNING 2025-09-02 21:28:49,373 django.server C:\Users\Thembinkosi\Desktop\retail_management_system\env\Lib\site-packages\django\core\servers\basehttp.py:213 log_message "GET /static/css/main.css HTTP/1.1" 404 179
INFO 2025-09-02 21:28:49,534 django.server C:\Users\Thembinkosi\Desktop\retail_management_system\env\Lib\site-packages\django\core\servers\basehttp.py:213 log_message "GET /favicon.ico HTTP/1.1" 204 0
INFO 2025-09-02 21:29:20,817 django.server C:\Users\Thembinkosi\Desktop\retail_management_system\env\Lib\site-packages\django\core\servers\basehttp.py:213 log_message "GET /hr/employees/ HTTP/1.1" 200 63877
WARNING 2025-09-02 21:29:21,010 django.server C:\Users\Thembinkosi\Desktop\retail_management_system\env\Lib\site-packages\django\core\servers\basehttp.py:213 log_message "GET /static/human_resources/css/hr.css HTTP/1.1" 404 179
WARNING 2025-09-02 21:29:21,046 django.server C:\Users\Thembinkosi\Desktop\retail_management_system\env\Lib\site-packages\django\core\servers\basehttp.py:213 log_message "GET /static/css/main.css HTTP/1.1" 404 179
WARNING 2025-09-02 21:29:21,095 django.server C:\Users\Thembinkosi\Desktop\retail_management_system\env\Lib\site-packages\django\core\servers\basehttp.py:213 log_message "GET /static/js/main.js HTTP/1.1" 404 179
INFO 2025-09-02 21:29:21,284 django.server C:\Users\Thembinkosi\Desktop\retail_management_system\env\Lib\site-packages\django\core\servers\basehttp.py:213 log_message "GET /favicon.ico HTTP/1.1" 204 0
INFO 2025-09-02 21:29:40,160 django.server C:\Users\Thembinkosi\Desktop\retail_management_system\env\Lib\site-packages\django\core\servers\basehttp.py:213 log_message "GET /hr/payroll/create/ HTTP/1.1" 200 40344
WARNING 2025-09-02 21:29:40,346 django.server C:\Users\Thembinkosi\Desktop\retail_management_system\env\Lib\site-packages\django\core\servers\basehttp.py:213 log_message "GET /static/human_resources/css/hr.css HTTP/1.1" 404 179
WARNING 2025-09-02 21:29:40,374 django.server C:\Users\Thembinkosi\Desktop\retail_management_system\env\Lib\site-packages\django\core\servers\basehttp.py:213 log_message "GET /static/js/main.js HTTP/1.1" 404 179
WARNING 2025-09-02 21:29:40,454 django.server C:\Users\Thembinkosi\Desktop\retail_management_system\env\Lib\site-packages\django\core\servers\basehttp.py:213 log_message "GET /static/css/main.css HTTP/1.1" 404 179
INFO 2025-09-02 21:29:40,596 django.server C:\Users\Thembinkosi\Desktop\retail_management_system\env\Lib\site-packages\django\core\servers\basehttp.py:213 log_message "GET /favicon.ico HTTP/1.1" 204 0
INFO 2025-09-02 21:29:44,713 django.server C:\Users\Thembinkosi\Desktop\retail_management_system\env\Lib\site-packages\django\core\servers\basehttp.py:213 log_message "GET /favicon.ico HTTP/1.1" 204 0
INFO 2025-09-02 21:29:46,351 django.server C:\Users\Thembinkosi\Desktop\retail_management_system\env\Lib\site-packages\django\core\servers\basehttp.py:213 log_message "GET /hr/payroll/ HTTP/1.1" 200 29918
WARNING 2025-09-02 21:29:46,589 django.server C:\Users\Thembinkosi\Desktop\retail_management_system\env\Lib\site-packages\django\core\servers\basehttp.py:213 log_message "GET /static/css/main.css HTTP/1.1" 404 179
WARNING 2025-09-02 21:29:46,591 django.server C:\Users\Thembinkosi\Desktop\retail_management_system\env\Lib\site-packages\django\core\servers\basehttp.py:213 log_message "GET /static/human_resources/css/hr.css HTTP/1.1" 404 179
WARNING 2025-09-02 21:29:46,672 django.server C:\Users\Thembinkosi\Desktop\retail_management_system\env\Lib\site-packages\django\core\servers\basehttp.py:213 log_message "GET /static/js/main.js HTTP/1.1" 404 179
INFO 2025-09-02 21:29:46,833 django.server C:\Users\Thembinkosi\Desktop\retail_management_system\env\Lib\site-packages\django\core\servers\basehttp.py:213 log_message "GET /favicon.ico HTTP/1.1" 204 0
INFO 2025-09-02 21:29:55,311 django.server C:\Users\Thembinkosi\Desktop\retail_management_system\env\Lib\site-packages\django\core\servers\basehttp.py:213 log_message "GET /hr/payroll/create/ HTTP/1.1" 200 40344
WARNING 2025-09-02 21:29:55,513 django.server C:\Users\Thembinkosi\Desktop\retail_management_system\env\Lib\site-packages\django\core\servers\basehttp.py:213 log_message "GET /static/css/main.css HTTP/1.1" 404 179
WARNING 2025-09-02 21:29:55,514 django.server C:\Users\Thembinkosi\Desktop\retail_management_system\env\Lib\site-packages\django\core\servers\basehttp.py:213 log_message "GET /static/js/main.js HTTP/1.1" 404 179
WARNING 2025-09-02 21:29:55,519 django.server C:\Users\Thembinkosi\Desktop\retail_management_system\env\Lib\site-packages\django\core\servers\basehttp.py:213 log_message "GET /static/human_resources/css/hr.css HTTP/1.1" 404 179
INFO 2025-09-02 21:29:55,675 django.server C:\Users\Thembinkosi\Desktop\retail_management_system\env\Lib\site-packages\django\core\servers\basehttp.py:213 log_message "GET /favicon.ico HTTP/1.1" 204 0
INFO 2025-09-02 21:32:06,594 django.server C:\Users\Thembinkosi\Desktop\retail_management_system\env\Lib\site-packages\django\core\servers\basehttp.py:213 log_message "POST /hr/payroll/create/ HTTP/1.1" 302 0
INFO 2025-09-02 21:32:06,726 django.server C:\Users\Thembinkosi\Desktop\retail_management_system\env\Lib\site-packages\django\core\servers\basehttp.py:213 log_message "GET /hr/payroll/ HTTP/1.1" 200 35000
WARNING 2025-09-02 21:32:06,903 django.server C:\Users\Thembinkosi\Desktop\retail_management_system\env\Lib\site-packages\django\core\servers\basehttp.py:213 log_message "GET /static/css/main.css HTTP/1.1" 404 179
WARNING 2025-09-02 21:32:06,931 django.server C:\Users\Thembinkosi\Desktop\retail_management_system\env\Lib\site-packages\django\core\servers\basehttp.py:213 log_message "GET /static/human_resources/css/hr.css HTTP/1.1" 404 179
WARNING 2025-09-02 21:32:06,934 django.server C:\Users\Thembinkosi\Desktop\retail_management_system\env\Lib\site-packages\django\core\servers\basehttp.py:213 log_message "GET /static/js/main.js HTTP/1.1" 404 179
INFO 2025-09-02 21:32:07,100 django.server C:\Users\Thembinkosi\Desktop\retail_management_system\env\Lib\site-packages\django\core\servers\basehttp.py:213 log_message "GET /favicon.ico HTTP/1.1" 204 0
INFO 2025-09-02 21:32:31,924 django.server C:\Users\Thembinkosi\Desktop\retail_management_system\env\Lib\site-packages\django\core\servers\basehttp.py:213 log_message "GET /hr/payroll/a354e412-8f32-4ca1-9ed7-55b8ffd5c588/ HTTP/1.1" 200 33233
WARNING 2025-09-02 21:32:32,135 django.server C:\Users\Thembinkosi\Desktop\retail_management_system\env\Lib\site-packages\django\core\servers\basehttp.py:213 log_message "GET /static/css/main.css HTTP/1.1" 404 179
WARNING 2025-09-02 21:32:32,171 django.server C:\Users\Thembinkosi\Desktop\retail_management_system\env\Lib\site-packages\django\core\servers\basehttp.py:213 log_message "GET /static/js/main.js HTTP/1.1" 404 179
WARNING 2025-09-02 21:32:32,234 django.server C:\Users\Thembinkosi\Desktop\retail_management_system\env\Lib\site-packages\django\core\servers\basehttp.py:213 log_message "GET /static/human_resources/css/hr.css HTTP/1.1" 404 179
INFO 2025-09-02 21:32:32,364 django.server C:\Users\Thembinkosi\Desktop\retail_management_system\env\Lib\site-packages\django\core\servers\basehttp.py:213 log_message "GET /favicon.ico HTTP/1.1" 204 0
INFO 2025-09-02 21:34:15,318 django.server C:\Users\Thembinkosi\Desktop\retail_management_system\env\Lib\site-packages\django\core\servers\basehttp.py:213 log_message "GET /hr/payroll/ HTTP/1.1" 200 35000
WARNING 2025-09-02 21:34:15,516 django.server C:\Users\Thembinkosi\Desktop\retail_management_system\env\Lib\site-packages\django\core\servers\basehttp.py:213 log_message "GET /static/js/main.js HTTP/1.1" 404 179
WARNING 2025-09-02 21:34:15,532 django.server C:\Users\Thembinkosi\Desktop\retail_management_system\env\Lib\site-packages\django\core\servers\basehttp.py:213 log_message "GET /static/human_resources/css/hr.css HTTP/1.1" 404 179
WARNING 2025-09-02 21:34:15,533 django.server C:\Users\Thembinkosi\Desktop\retail_management_system\env\Lib\site-packages\django\core\servers\basehttp.py:213 log_message "GET /static/css/main.css HTTP/1.1" 404 179
INFO 2025-09-02 21:34:15,864 django.server C:\Users\Thembinkosi\Desktop\retail_management_system\env\Lib\site-packages\django\core\servers\basehttp.py:213 log_message "GET /favicon.ico HTTP/1.1" 204 0
INFO 2025-09-02 21:34:17,795 django.server C:\Users\Thembinkosi\Desktop\retail_management_system\env\Lib\site-packages\django\core\servers\basehttp.py:213 log_message "GET /hr/payroll/create/ HTTP/1.1" 200 40344
WARNING 2025-09-02 21:34:17,982 django.server C:\Users\Thembinkosi\Desktop\retail_management_system\env\Lib\site-packages\django\core\servers\basehttp.py:213 log_message "GET /static/human_resources/css/hr.css HTTP/1.1" 404 179
WARNING 2025-09-02 21:34:17,983 django.server C:\Users\Thembinkosi\Desktop\retail_management_system\env\Lib\site-packages\django\core\servers\basehttp.py:213 log_message "GET /static/css/main.css HTTP/1.1" 404 179
WARNING 2025-09-02 21:34:17,988 django.server C:\Users\Thembinkosi\Desktop\retail_management_system\env\Lib\site-packages\django\core\servers\basehttp.py:213 log_message "GET /static/js/main.js HTTP/1.1" 404 179
INFO 2025-09-02 21:34:18,189 django.server C:\Users\Thembinkosi\Desktop\retail_management_system\env\Lib\site-packages\django\core\servers\basehttp.py:213 log_message "GET /favicon.ico HTTP/1.1" 204 0
INFO 2025-09-02 21:36:04,140 django.server C:\Users\Thembinkosi\Desktop\retail_management_system\env\Lib\site-packages\django\core\servers\basehttp.py:213 log_message "POST /hr/payroll/create/ HTTP/1.1" 302 0
INFO 2025-09-02 21:36:04,290 django.server C:\Users\Thembinkosi\Desktop\retail_management_system\env\Lib\site-packages\django\core\servers\basehttp.py:213 log_message "GET /hr/payroll/ HTTP/1.1" 200 38839
WARNING 2025-09-02 21:36:04,524 django.server C:\Users\Thembinkosi\Desktop\retail_management_system\env\Lib\site-packages\django\core\servers\basehttp.py:213 log_message "GET /static/human_resources/css/hr.css HTTP/1.1" 404 179
WARNING 2025-09-02 21:36:04,524 django.server C:\Users\Thembinkosi\Desktop\retail_management_system\env\Lib\site-packages\django\core\servers\basehttp.py:213 log_message "GET /static/css/main.css HTTP/1.1" 404 179
WARNING 2025-09-02 21:36:04,575 django.server C:\Users\Thembinkosi\Desktop\retail_management_system\env\Lib\site-packages\django\core\servers\basehttp.py:213 log_message "GET /static/js/main.js HTTP/1.1" 404 179
INFO 2025-09-02 21:36:04,763 django.server C:\Users\Thembinkosi\Desktop\retail_management_system\env\Lib\site-packages\django\core\servers\basehttp.py:213 log_message "GET /favicon.ico HTTP/1.1" 204 0
ERROR 2025-09-02 21:36:45,515 django.server C:\Users\Thembinkosi\Desktop\retail_management_system\env\Lib\site-packages\django\core\servers\basehttp.py:213 log_message "GET /hr/payroll/?employee=1&status=&period_start=&period_end= HTTP/1.1" 500 145
INFO 2025-09-02 21:36:45,710 django.server C:\Users\Thembinkosi\Desktop\retail_management_system\env\Lib\site-packages\django\core\servers\basehttp.py:213 log_message "GET /favicon.ico HTTP/1.1" 204 0
INFO 2025-09-02 21:36:50,292 django.server C:\Users\Thembinkosi\Desktop\retail_management_system\env\Lib\site-packages\django\core\servers\basehttp.py:213 log_message "GET /favicon.ico HTTP/1.1" 204 0
ERROR 2025-09-02 21:37:40,774 django.server C:\Users\Thembinkosi\Desktop\retail_management_system\env\Lib\site-packages\django\core\servers\basehttp.py:213 log_message "GET /hr/payroll/?employee=ID%3A+e678ec39-dc91-45a4-a659-e8f8c83b050b&status=&period_start=&period_end= HTTP/1.1" 500 145
INFO 2025-09-02 21:37:40,941 django.server C:\Users\Thembinkosi\Desktop\retail_management_system\env\Lib\site-packages\django\core\servers\basehttp.py:213 log_message "GET /favicon.ico HTTP/1.1" 204 0
INFO 2025-09-02 21:37:43,352 django.server C:\Users\Thembinkosi\Desktop\retail_management_system\env\Lib\site-packages\django\core\servers\basehttp.py:213 log_message "GET /favicon.ico HTTP/1.1" 204 0
INFO 2025-09-02 21:37:56,329 django.server C:\Users\Thembinkosi\Desktop\retail_management_system\env\Lib\site-packages\django\core\servers\basehttp.py:213 log_message "GET /hr/employees/ HTTP/1.1" 200 63877
WARNING 2025-09-02 21:37:56,540 django.server C:\Users\Thembinkosi\Desktop\retail_management_system\env\Lib\site-packages\django\core\servers\basehttp.py:213 log_message "GET /static/css/main.css HTTP/1.1" 404 179
WARNING 2025-09-02 21:37:56,546 django.server C:\Users\Thembinkosi\Desktop\retail_management_system\env\Lib\site-packages\django\core\servers\basehttp.py:213 log_message "GET /static/js/main.js HTTP/1.1" 404 179
WARNING 2025-09-02 21:37:56,576 django.server C:\Users\Thembinkosi\Desktop\retail_management_system\env\Lib\site-packages\django\core\servers\basehttp.py:213 log_message "GET /static/human_resources/css/hr.css HTTP/1.1" 404 179
INFO 2025-09-02 21:37:56,778 django.server C:\Users\Thembinkosi\Desktop\retail_management_system\env\Lib\site-packages\django\core\servers\basehttp.py:213 log_message "GET /favicon.ico HTTP/1.1" 204 0
INFO 2025-09-02 21:38:27,870 django.server C:\Users\Thembinkosi\Desktop\retail_management_system\env\Lib\site-packages\django\core\servers\basehttp.py:213 log_message "GET /hr/payroll/ HTTP/1.1" 200 38839
WARNING 2025-09-02 21:38:28,059 django.server C:\Users\Thembinkosi\Desktop\retail_management_system\env\Lib\site-packages\django\core\servers\basehttp.py:213 log_message "GET /static/css/main.css HTTP/1.1" 404 179
WARNING 2025-09-02 21:38:28,077 django.server C:\Users\Thembinkosi\Desktop\retail_management_system\env\Lib\site-packages\django\core\servers\basehttp.py:213 log_message "GET /static/human_resources/css/hr.css HTTP/1.1" 404 179
WARNING 2025-09-02 21:38:28,105 django.server C:\Users\Thembinkosi\Desktop\retail_management_system\env\Lib\site-packages\django\core\servers\basehttp.py:213 log_message "GET /static/js/main.js HTTP/1.1" 404 179
INFO 2025-09-02 21:38:28,248 django.server C:\Users\Thembinkosi\Desktop\retail_management_system\env\Lib\site-packages\django\core\servers\basehttp.py:213 log_message "GET /favicon.ico HTTP/1.1" 204 0
INFO 2025-09-02 21:38:32,103 django.server C:\Users\Thembinkosi\Desktop\retail_management_system\env\Lib\site-packages\django\core\servers\basehttp.py:213 log_message "GET /favicon.ico HTTP/1.1" 204 0
INFO 2025-09-02 21:38:36,753 django.server C:\Users\Thembinkosi\Desktop\retail_management_system\env\Lib\site-packages\django\core\servers\basehttp.py:213 log_message "GET /hr/employees/create/ HTTP/1.1" 200 41749
WARNING 2025-09-02 21:38:36,946 django.server C:\Users\Thembinkosi\Desktop\retail_management_system\env\Lib\site-packages\django\core\servers\basehttp.py:213 log_message "GET /static/css/main.css HTTP/1.1" 404 179
WARNING 2025-09-02 21:38:36,966 django.server C:\Users\Thembinkosi\Desktop\retail_management_system\env\Lib\site-packages\django\core\servers\basehttp.py:213 log_message "GET /static/js/main.js HTTP/1.1" 404 179
WARNING 2025-09-02 21:38:36,991 django.server C:\Users\Thembinkosi\Desktop\retail_management_system\env\Lib\site-packages\django\core\servers\basehttp.py:213 log_message "GET /static/human_resources/css/hr.css HTTP/1.1" 404 179
INFO 2025-09-02 21:38:37,141 django.server C:\Users\Thembinkosi\Desktop\retail_management_system\env\Lib\site-packages\django\core\servers\basehttp.py:213 log_message "GET /favicon.ico HTTP/1.1" 204 0
INFO 2025-09-02 21:38:41,064 django.server C:\Users\Thembinkosi\Desktop\retail_management_system\env\Lib\site-packages\django\core\servers\basehttp.py:213 log_message "GET /favicon.ico HTTP/1.1" 204 0
INFO 2025-09-02 21:38:43,451 django.server C:\Users\Thembinkosi\Desktop\retail_management_system\env\Lib\site-packages\django\core\servers\basehttp.py:213 log_message "GET /hr/payroll/ HTTP/1.1" 200 38839
WARNING 2025-09-02 21:38:43,665 django.server C:\Users\Thembinkosi\Desktop\retail_management_system\env\Lib\site-packages\django\core\servers\basehttp.py:213 log_message "GET /static/css/main.css HTTP/1.1" 404 179
WARNING 2025-09-02 21:38:43,669 django.server C:\Users\Thembinkosi\Desktop\retail_management_system\env\Lib\site-packages\django\core\servers\basehttp.py:213 log_message "GET /static/js/main.js HTTP/1.1" 404 179
WARNING 2025-09-02 21:38:43,724 django.server C:\Users\Thembinkosi\Desktop\retail_management_system\env\Lib\site-packages\django\core\servers\basehttp.py:213 log_message "GET /static/human_resources/css/hr.css HTTP/1.1" 404 179
INFO 2025-09-02 21:38:43,893 django.server C:\Users\Thembinkosi\Desktop\retail_management_system\env\Lib\site-packages\django\core\servers\basehttp.py:213 log_message "GET /favicon.ico HTTP/1.1" 204 0
INFO 2025-09-02 21:38:47,378 django.server C:\Users\Thembinkosi\Desktop\retail_management_system\env\Lib\site-packages\django\core\servers\basehttp.py:213 log_message "GET /favicon.ico HTTP/1.1" 204 0
INFO 2025-09-02 21:38:59,192 django.server C:\Users\Thembinkosi\Desktop\retail_management_system\env\Lib\site-packages\django\core\servers\basehttp.py:213 log_message "GET /hr/employees/d4fdfa77-7ddf-4c32-8bc6-07d8cd8fd25d/edit/ HTTP/1.1" 200 44316
WARNING 2025-09-02 21:38:59,402 django.server C:\Users\Thembinkosi\Desktop\retail_management_system\env\Lib\site-packages\django\core\servers\basehttp.py:213 log_message "GET /static/css/main.css HTTP/1.1" 404 179
WARNING 2025-09-02 21:38:59,440 django.server C:\Users\Thembinkosi\Desktop\retail_management_system\env\Lib\site-packages\django\core\servers\basehttp.py:213 log_message "GET /static/js/main.js HTTP/1.1" 404 179
WARNING 2025-09-02 21:38:59,442 django.server C:\Users\Thembinkosi\Desktop\retail_management_system\env\Lib\site-packages\django\core\servers\basehttp.py:213 log_message "GET /static/human_resources/css/hr.css HTTP/1.1" 404 179
INFO 2025-09-02 21:38:59,604 django.server C:\Users\Thembinkosi\Desktop\retail_management_system\env\Lib\site-packages\django\core\servers\basehttp.py:213 log_message "GET /favicon.ico HTTP/1.1" 204 0
INFO 2025-09-02 21:39:24,001 django.server C:\Users\Thembinkosi\Desktop\retail_management_system\env\Lib\site-packages\django\core\servers\basehttp.py:213 log_message "GET /hr/employees/d4fdfa77-7ddf-4c32-8bc6-07d8cd8fd25d/ HTTP/1.1" 200 36338
WARNING 2025-09-02 21:39:24,357 django.server C:\Users\Thembinkosi\Desktop\retail_management_system\env\Lib\site-packages\django\core\servers\basehttp.py:213 log_message "GET /static/human_resources/css/hr.css HTTP/1.1" 404 179
WARNING 2025-09-02 21:39:24,481 django.server C:\Users\Thembinkosi\Desktop\retail_management_system\env\Lib\site-packages\django\core\servers\basehttp.py:213 log_message "GET /static/css/main.css HTTP/1.1" 404 179
WARNING 2025-09-02 21:39:24,506 django.server C:\Users\Thembinkosi\Desktop\retail_management_system\env\Lib\site-packages\django\core\servers\basehttp.py:213 log_message "GET /static/js/main.js HTTP/1.1" 404 179
INFO 2025-09-02 21:39:24,836 django.server C:\Users\Thembinkosi\Desktop\retail_management_system\env\Lib\site-packages\django\core\servers\basehttp.py:213 log_message "GET /favicon.ico HTTP/1.1" 204 0
INFO 2025-09-02 21:44:49,037 django.utils.autoreload C:\Users\Thembinkosi\Desktop\retail_management_system\env\Lib\site-packages\django\utils\autoreload.py:265 trigger_reload C:\Users\Thembinkosi\Desktop\retail_management_system\human_resources\models.py changed, reloading.
INFO 2025-09-02 21:44:49,033 django.utils.autoreload C:\Users\Thembinkosi\Desktop\retail_management_system\env\Lib\site-packages\django\utils\autoreload.py:265 trigger_reload C:\Users\Thembinkosi\Desktop\retail_management_system\human_resources\models.py changed, reloading.
INFO 2025-09-02 21:44:53,065 django.utils.autoreload C:\Users\Thembinkosi\Desktop\retail_management_system\env\Lib\site-packages\django\utils\autoreload.py:667 run_with_reloader Watching for file changes with StatReloader
INFO 2025-09-02 21:44:53,089 django.utils.autoreload C:\Users\Thembinkosi\Desktop\retail_management_system\env\Lib\site-packages\django\utils\autoreload.py:667 run_with_reloader Watching for file changes with StatReloader
INFO 2025-09-02 21:46:37,876 django.server C:\Users\Thembinkosi\Desktop\retail_management_system\env\Lib\site-packages\django\core\servers\basehttp.py:213 log_message "GET /hr/employees/d4fdfa77-7ddf-4c32-8bc6-07d8cd8fd25d/ HTTP/1.1" 200 36338
WARNING 2025-09-02 21:46:38,193 django.server C:\Users\Thembinkosi\Desktop\retail_management_system\env\Lib\site-packages\django\core\servers\basehttp.py:213 log_message "GET /static/human_resources/css/hr.css HTTP/1.1" 404 179
WARNING 2025-09-02 21:46:38,194 django.server C:\Users\Thembinkosi\Desktop\retail_management_system\env\Lib\site-packages\django\core\servers\basehttp.py:213 log_message "GET /static/js/main.js HTTP/1.1" 404 179
WARNING 2025-09-02 21:46:38,194 django.server C:\Users\Thembinkosi\Desktop\retail_management_system\env\Lib\site-packages\django\core\servers\basehttp.py:213 log_message "GET /static/css/main.css HTTP/1.1" 404 179
INFO 2025-09-02 21:46:38,401 django.server C:\Users\Thembinkosi\Desktop\retail_management_system\env\Lib\site-packages\django\core\servers\basehttp.py:213 log_message "GET /favicon.ico HTTP/1.1" 204 0
INFO 2025-09-02 21:46:47,798 django.server C:\Users\Thembinkosi\Desktop\retail_management_system\env\Lib\site-packages\django\core\servers\basehttp.py:213 log_message "GET /hr/employees/ HTTP/1.1" 200 63877
WARNING 2025-09-02 21:46:48,808 django.server C:\Users\Thembinkosi\Desktop\retail_management_system\env\Lib\site-packages\django\core\servers\basehttp.py:213 log_message "GET /static/human_resources/css/hr.css HTTP/1.1" 404 179
WARNING 2025-09-02 21:46:49,004 django.server C:\Users\Thembinkosi\Desktop\retail_management_system\env\Lib\site-packages\django\core\servers\basehttp.py:213 log_message "GET /static/css/main.css HTTP/1.1" 404 179
WARNING 2025-09-02 21:46:49,284 django.server C:\Users\Thembinkosi\Desktop\retail_management_system\env\Lib\site-packages\django\core\servers\basehttp.py:213 log_message "GET /static/js/main.js HTTP/1.1" 404 179
INFO 2025-09-02 21:46:49,551 django.server C:\Users\Thembinkosi\Desktop\retail_management_system\env\Lib\site-packages\django\core\servers\basehttp.py:213 log_message "GET /favicon.ico HTTP/1.1" 204 0
INFO 2025-09-02 21:47:01,350 django.server C:\Users\Thembinkosi\Desktop\retail_management_system\env\Lib\site-packages\django\core\servers\basehttp.py:213 log_message "GET /hr/payroll/ HTTP/1.1" 200 38839
WARNING 2025-09-02 21:47:01,566 django.server C:\Users\Thembinkosi\Desktop\retail_management_system\env\Lib\site-packages\django\core\servers\basehttp.py:213 log_message "GET /static/css/main.css HTTP/1.1" 404 179
WARNING 2025-09-02 21:47:01,603 django.server C:\Users\Thembinkosi\Desktop\retail_management_system\env\Lib\site-packages\django\core\servers\basehttp.py:213 log_message "GET /static/js/main.js HTTP/1.1" 404 179
WARNING 2025-09-02 21:47:01,606 django.server C:\Users\Thembinkosi\Desktop\retail_management_system\env\Lib\site-packages\django\core\servers\basehttp.py:213 log_message "GET /static/human_resources/css/hr.css HTTP/1.1" 404 179
INFO 2025-09-02 21:47:01,789 django.server C:\Users\Thembinkosi\Desktop\retail_management_system\env\Lib\site-packages\django\core\servers\basehttp.py:213 log_message "GET /favicon.ico HTTP/1.1" 204 0
INFO 2025-09-02 21:48:31,767 django.server C:\Users\Thembinkosi\Desktop\retail_management_system\env\Lib\site-packages\django\core\servers\basehttp.py:213 log_message "GET /hr/payroll/?employee=&status=&period_start=&period_end= HTTP/1.1" 200 38839
WARNING 2025-09-02 21:48:32,041 django.server C:\Users\Thembinkosi\Desktop\retail_management_system\env\Lib\site-packages\django\core\servers\basehttp.py:213 log_message "GET /static/css/main.css HTTP/1.1" 404 179
WARNING 2025-09-02 21:48:32,045 django.server C:\Users\Thembinkosi\Desktop\retail_management_system\env\Lib\site-packages\django\core\servers\basehttp.py:213 log_message "GET /static/js/main.js HTTP/1.1" 404 179
WARNING 2025-09-02 21:48:32,125 django.server C:\Users\Thembinkosi\Desktop\retail_management_system\env\Lib\site-packages\django\core\servers\basehttp.py:213 log_message "GET /static/human_resources/css/hr.css HTTP/1.1" 404 179
INFO 2025-09-02 21:48:32,311 django.server C:\Users\Thembinkosi\Desktop\retail_management_system\env\Lib\site-packages\django\core\servers\basehttp.py:213 log_message "GET /favicon.ico HTTP/1.1" 204 0
INFO 2025-09-02 21:48:38,267 django.server C:\Users\Thembinkosi\Desktop\retail_management_system\env\Lib\site-packages\django\core\servers\basehttp.py:213 log_message "GET /hr/payroll/?employee=&status=paid&period_start=&period_end= HTTP/1.1" 200 34922
WARNING 2025-09-02 21:48:38,501 django.server C:\Users\Thembinkosi\Desktop\retail_management_system\env\Lib\site-packages\django\core\servers\basehttp.py:213 log_message "GET /static/human_resources/css/hr.css HTTP/1.1" 404 179
WARNING 2025-09-02 21:48:38,504 django.server C:\Users\Thembinkosi\Desktop\retail_management_system\env\Lib\site-packages\django\core\servers\basehttp.py:213 log_message "GET /static/js/main.js HTTP/1.1" 404 179
WARNING 2025-09-02 21:48:38,527 django.server C:\Users\Thembinkosi\Desktop\retail_management_system\env\Lib\site-packages\django\core\servers\basehttp.py:213 log_message "GET /static/css/main.css HTTP/1.1" 404 179
INFO 2025-09-02 21:48:38,729 django.server C:\Users\Thembinkosi\Desktop\retail_management_system\env\Lib\site-packages\django\core\servers\basehttp.py:213 log_message "GET /favicon.ico HTTP/1.1" 204 0
INFO 2025-09-02 21:49:24,929 django.server C:\Users\Thembinkosi\Desktop\retail_management_system\env\Lib\site-packages\django\core\servers\basehttp.py:213 log_message "GET /hr/payroll/?employee=&status=paid&period_start=&period_end= HTTP/1.1" 200 34922
WARNING 2025-09-02 21:49:25,119 django.server C:\Users\Thembinkosi\Desktop\retail_management_system\env\Lib\site-packages\django\core\servers\basehttp.py:213 log_message "GET /static/human_resources/css/hr.css HTTP/1.1" 404 179
WARNING 2025-09-02 21:49:25,151 django.server C:\Users\Thembinkosi\Desktop\retail_management_system\env\Lib\site-packages\django\core\servers\basehttp.py:213 log_message "GET /static/js/main.js HTTP/1.1" 404 179
WARNING 2025-09-02 21:49:25,220 django.server C:\Users\Thembinkosi\Desktop\retail_management_system\env\Lib\site-packages\django\core\servers\basehttp.py:213 log_message "GET /static/css/main.css HTTP/1.1" 404 179
INFO 2025-09-02 21:49:25,700 django.server C:\Users\Thembinkosi\Desktop\retail_management_system\env\Lib\site-packages\django\core\servers\basehttp.py:213 log_message "GET /favicon.ico HTTP/1.1" 204 0
INFO 2025-09-02 21:49:30,442 django.server C:\Users\Thembinkosi\Desktop\retail_management_system\env\Lib\site-packages\django\core\servers\basehttp.py:213 log_message "GET /hr/payroll/create/ HTTP/1.1" 200 40344
WARNING 2025-09-02 21:49:30,647 django.server C:\Users\Thembinkosi\Desktop\retail_management_system\env\Lib\site-packages\django\core\servers\basehttp.py:213 log_message "GET /static/css/main.css HTTP/1.1" 404 179
WARNING 2025-09-02 21:49:30,696 django.server C:\Users\Thembinkosi\Desktop\retail_management_system\env\Lib\site-packages\django\core\servers\basehttp.py:213 log_message "GET /static/human_resources/css/hr.css HTTP/1.1" 404 179
WARNING 2025-09-02 21:49:30,699 django.server C:\Users\Thembinkosi\Desktop\retail_management_system\env\Lib\site-packages\django\core\servers\basehttp.py:213 log_message "GET /static/js/main.js HTTP/1.1" 404 179
INFO 2025-09-02 21:49:30,890 django.server C:\Users\Thembinkosi\Desktop\retail_management_system\env\Lib\site-packages\django\core\servers\basehttp.py:213 log_message "GET /favicon.ico HTTP/1.1" 204 0
INFO 2025-09-02 21:49:42,448 django.server C:\Users\Thembinkosi\Desktop\retail_management_system\env\Lib\site-packages\django\core\servers\basehttp.py:213 log_message "GET /hr/payroll/ HTTP/1.1" 200 38839
WARNING 2025-09-02 21:49:42,670 django.server C:\Users\Thembinkosi\Desktop\retail_management_system\env\Lib\site-packages\django\core\servers\basehttp.py:213 log_message "GET /static/js/main.js HTTP/1.1" 404 179
WARNING 2025-09-02 21:49:42,671 django.server C:\Users\Thembinkosi\Desktop\retail_management_system\env\Lib\site-packages\django\core\servers\basehttp.py:213 log_message "GET /static/human_resources/css/hr.css HTTP/1.1" 404 179
WARNING 2025-09-02 21:49:42,726 django.server C:\Users\Thembinkosi\Desktop\retail_management_system\env\Lib\site-packages\django\core\servers\basehttp.py:213 log_message "GET /static/css/main.css HTTP/1.1" 404 179
INFO 2025-09-02 21:49:42,930 django.server C:\Users\Thembinkosi\Desktop\retail_management_system\env\Lib\site-packages\django\core\servers\basehttp.py:213 log_message "GET /favicon.ico HTTP/1.1" 204 0
INFO 2025-09-02 21:49:44,478 django.server C:\Users\Thembinkosi\Desktop\retail_management_system\env\Lib\site-packages\django\core\servers\basehttp.py:213 log_message "GET /hr/payroll/a354e412-8f32-4ca1-9ed7-55b8ffd5c588/ HTTP/1.1" 200 33225
WARNING 2025-09-02 21:49:44,643 django.server C:\Users\Thembinkosi\Desktop\retail_management_system\env\Lib\site-packages\django\core\servers\basehttp.py:213 log_message "GET /static/css/main.css HTTP/1.1" 404 179
WARNING 2025-09-02 21:49:44,707 django.server C:\Users\Thembinkosi\Desktop\retail_management_system\env\Lib\site-packages\django\core\servers\basehttp.py:213 log_message "GET /static/js/main.js HTTP/1.1" 404 179
WARNING 2025-09-02 21:49:44,711 django.server C:\Users\Thembinkosi\Desktop\retail_management_system\env\Lib\site-packages\django\core\servers\basehttp.py:213 log_message "GET /static/human_resources/css/hr.css HTTP/1.1" 404 179
INFO 2025-09-02 21:49:44,918 django.server C:\Users\Thembinkosi\Desktop\retail_management_system\env\Lib\site-packages\django\core\servers\basehttp.py:213 log_message "GET /favicon.ico HTTP/1.1" 204 0
INFO 2025-09-02 21:49:55,771 django.server C:\Users\Thembinkosi\Desktop\retail_management_system\env\Lib\site-packages\django\core\servers\basehttp.py:213 log_message "GET /hr/payroll/a354e412-8f32-4ca1-9ed7-55b8ffd5c588/edit/ HTTP/1.1" 200 40770
WARNING 2025-09-02 21:49:56,068 django.server C:\Users\Thembinkosi\Desktop\retail_management_system\env\Lib\site-packages\django\core\servers\basehttp.py:213 log_message "GET /static/css/main.css HTTP/1.1" 404 179
WARNING 2025-09-02 21:49:56,104 django.server C:\Users\Thembinkosi\Desktop\retail_management_system\env\Lib\site-packages\django\core\servers\basehttp.py:213 log_message "GET /static/js/main.js HTTP/1.1" 404 179
WARNING 2025-09-02 21:49:56,182 django.server C:\Users\Thembinkosi\Desktop\retail_management_system\env\Lib\site-packages\django\core\servers\basehttp.py:213 log_message "GET /static/human_resources/css/hr.css HTTP/1.1" 404 179
INFO 2025-09-02 21:49:56,360 django.server C:\Users\Thembinkosi\Desktop\retail_management_system\env\Lib\site-packages\django\core\servers\basehttp.py:213 log_message "GET /favicon.ico HTTP/1.1" 204 0
INFO 2025-09-02 21:50:10,787 django.server C:\Users\Thembinkosi\Desktop\retail_management_system\env\Lib\site-packages\django\core\servers\basehttp.py:213 log_message "GET /hr/payroll/ HTTP/1.1" 200 38839
WARNING 2025-09-02 21:50:11,007 django.server C:\Users\Thembinkosi\Desktop\retail_management_system\env\Lib\site-packages\django\core\servers\basehttp.py:213 log_message "GET /static/css/main.css HTTP/1.1" 404 179
WARNING 2025-09-02 21:50:11,015 django.server C:\Users\Thembinkosi\Desktop\retail_management_system\env\Lib\site-packages\django\core\servers\basehttp.py:213 log_message "GET /static/js/main.js HTTP/1.1" 404 179
WARNING 2025-09-02 21:50:11,082 django.server C:\Users\Thembinkosi\Desktop\retail_management_system\env\Lib\site-packages\django\core\servers\basehttp.py:213 log_message "GET /static/human_resources/css/hr.css HTTP/1.1" 404 179
INFO 2025-09-02 21:50:11,299 django.server C:\Users\Thembinkosi\Desktop\retail_management_system\env\Lib\site-packages\django\core\servers\basehttp.py:213 log_message "GET /favicon.ico HTTP/1.1" 204 0
INFO 2025-09-02 21:50:18,149 django.server C:\Users\Thembinkosi\Desktop\retail_management_system\env\Lib\site-packages\django\core\servers\basehttp.py:213 log_message "GET /hr/payroll/46195f86-5793-408c-b055-1878842d78fc/ HTTP/1.1" 200 33140
WARNING 2025-09-02 21:50:18,417 django.server C:\Users\Thembinkosi\Desktop\retail_management_system\env\Lib\site-packages\django\core\servers\basehttp.py:213 log_message "GET /static/human_resources/css/hr.css HTTP/1.1" 404 179
WARNING 2025-09-02 21:50:18,515 django.server C:\Users\Thembinkosi\Desktop\retail_management_system\env\Lib\site-packages\django\core\servers\basehttp.py:213 log_message "GET /static/css/main.css HTTP/1.1" 404 179
WARNING 2025-09-02 21:50:18,521 django.server C:\Users\Thembinkosi\Desktop\retail_management_system\env\Lib\site-packages\django\core\servers\basehttp.py:213 log_message "GET /static/js/main.js HTTP/1.1" 404 179
INFO 2025-09-02 21:50:18,700 django.server C:\Users\Thembinkosi\Desktop\retail_management_system\env\Lib\site-packages\django\core\servers\basehttp.py:213 log_message "GET /favicon.ico HTTP/1.1" 204 0
INFO 2025-09-02 21:50:51,539 django.server C:\Users\Thembinkosi\Desktop\retail_management_system\env\Lib\site-packages\django\core\servers\basehttp.py:213 log_message "GET /inventory/ HTTP/1.1" 200 20684
WARNING 2025-09-02 21:50:51,722 django.server C:\Users\Thembinkosi\Desktop\retail_management_system\env\Lib\site-packages\django\core\servers\basehttp.py:213 log_message "GET /static/js/main.js HTTP/1.1" 404 179
WARNING 2025-09-02 21:50:51,738 django.server C:\Users\Thembinkosi\Desktop\retail_management_system\env\Lib\site-packages\django\core\servers\basehttp.py:213 log_message "GET /static/css/main.css HTTP/1.1" 404 179
INFO 2025-09-02 21:50:51,874 django.server C:\Users\Thembinkosi\Desktop\retail_management_system\env\Lib\site-packages\django\core\servers\basehttp.py:213 log_message "GET /favicon.ico HTTP/1.1" 204 0
INFO 2025-09-02 21:50:55,606 django.server C:\Users\Thembinkosi\Desktop\retail_management_system\env\Lib\site-packages\django\core\servers\basehttp.py:213 log_message "GET /inventory/product/add/ HTTP/1.1" 200 26856
WARNING 2025-09-02 21:50:55,786 django.server C:\Users\Thembinkosi\Desktop\retail_management_system\env\Lib\site-packages\django\core\servers\basehttp.py:213 log_message "GET /static/css/main.css HTTP/1.1" 404 179
WARNING 2025-09-02 21:50:55,873 django.server C:\Users\Thembinkosi\Desktop\retail_management_system\env\Lib\site-packages\django\core\servers\basehttp.py:213 log_message "GET /static/js/main.js HTTP/1.1" 404 179
INFO 2025-09-02 21:50:56,036 django.server C:\Users\Thembinkosi\Desktop\retail_management_system\env\Lib\site-packages\django\core\servers\basehttp.py:213 log_message "GET /favicon.ico HTTP/1.1" 204 0
INFO 2025-09-02 21:51:06,669 django.server C:\Users\Thembinkosi\Desktop\retail_management_system\env\Lib\site-packages\django\core\servers\basehttp.py:213 log_message "GET /inventory/brands/ HTTP/1.1" 200 20227
WARNING 2025-09-02 21:51:06,864 django.server C:\Users\Thembinkosi\Desktop\retail_management_system\env\Lib\site-packages\django\core\servers\basehttp.py:213 log_message "GET /static/js/main.js HTTP/1.1" 404 179
WARNING 2025-09-02 21:51:06,954 django.server C:\Users\Thembinkosi\Desktop\retail_management_system\env\Lib\site-packages\django\core\servers\basehttp.py:213 log_message "GET /static/css/main.css HTTP/1.1" 404 179
INFO 2025-09-02 21:51:07,187 django.server C:\Users\Thembinkosi\Desktop\retail_management_system\env\Lib\site-packages\django\core\servers\basehttp.py:213 log_message "GET /favicon.ico HTTP/1.1" 204 0
INFO 2025-09-02 21:51:54,297 django.server C:\Users\Thembinkosi\Desktop\retail_management_system\env\Lib\site-packages\django\core\servers\basehttp.py:213 log_message "GET /hr/employees/ HTTP/1.1" 200 63877
WARNING 2025-09-02 21:51:54,504 django.server C:\Users\Thembinkosi\Desktop\retail_management_system\env\Lib\site-packages\django\core\servers\basehttp.py:213 log_message "GET /static/js/main.js HTTP/1.1" 404 179
WARNING 2025-09-02 21:51:54,568 django.server C:\Users\Thembinkosi\Desktop\retail_management_system\env\Lib\site-packages\django\core\servers\basehttp.py:213 log_message "GET /static/human_resources/css/hr.css HTTP/1.1" 404 179
WARNING 2025-09-02 21:51:54,578 django.server C:\Users\Thembinkosi\Desktop\retail_management_system\env\Lib\site-packages\django\core\servers\basehttp.py:213 log_message "GET /static/css/main.css HTTP/1.1" 404 179
INFO 2025-09-02 21:51:54,779 django.server C:\Users\Thembinkosi\Desktop\retail_management_system\env\Lib\site-packages\django\core\servers\basehttp.py:213 log_message "GET /favicon.ico HTTP/1.1" 204 0
INFO 2025-09-02 21:51:58,397 django.server C:\Users\Thembinkosi\Desktop\retail_management_system\env\Lib\site-packages\django\core\servers\basehttp.py:213 log_message "GET /favicon.ico HTTP/1.1" 204 0
INFO 2025-09-02 21:52:20,000 django.server C:\Users\Thembinkosi\Desktop\retail_management_system\env\Lib\site-packages\django\core\servers\basehttp.py:213 log_message "GET /inventory/stock/movements/ HTTP/1.1" 200 21089
WARNING 2025-09-02 21:52:20,253 django.server C:\Users\Thembinkosi\Desktop\retail_management_system\env\Lib\site-packages\django\core\servers\basehttp.py:213 log_message "GET /static/js/main.js HTTP/1.1" 404 179
WARNING 2025-09-02 21:52:20,324 django.server C:\Users\Thembinkosi\Desktop\retail_management_system\env\Lib\site-packages\django\core\servers\basehttp.py:213 log_message "GET /static/css/main.css HTTP/1.1" 404 179
INFO 2025-09-02 21:52:20,490 django.server C:\Users\Thembinkosi\Desktop\retail_management_system\env\Lib\site-packages\django\core\servers\basehttp.py:213 log_message "GET /favicon.ico HTTP/1.1" 204 0
INFO 2025-09-02 21:52:24,493 django.server C:\Users\Thembinkosi\Desktop\retail_management_system\env\Lib\site-packages\django\core\servers\basehttp.py:213 log_message "GET /favicon.ico HTTP/1.1" 204 0
INFO 2025-09-02 21:52:27,424 django.server C:\Users\Thembinkosi\Desktop\retail_management_system\env\Lib\site-packages\django\core\servers\basehttp.py:213 log_message "GET /inventory/store-inventory/ HTTP/1.1" 200 20271
WARNING 2025-09-02 21:52:27,625 django.server C:\Users\Thembinkosi\Desktop\retail_management_system\env\Lib\site-packages\django\core\servers\basehttp.py:213 log_message "GET /static/js/main.js HTTP/1.1" 404 179
WARNING 2025-09-02 21:52:27,654 django.server C:\Users\Thembinkosi\Desktop\retail_management_system\env\Lib\site-packages\django\core\servers\basehttp.py:213 log_message "GET /static/css/main.css HTTP/1.1" 404 179
INFO 2025-09-02 21:52:27,776 django.server C:\Users\Thembinkosi\Desktop\retail_management_system\env\Lib\site-packages\django\core\servers\basehttp.py:213 log_message "GET /favicon.ico HTTP/1.1" 204 0
INFO 2025-09-02 21:52:29,647 django.server C:\Users\Thembinkosi\Desktop\retail_management_system\env\Lib\site-packages\django\core\servers\basehttp.py:213 log_message "GET /favicon.ico HTTP/1.1" 204 0
INFO 2025-09-02 21:52:41,275 django.server C:\Users\Thembinkosi\Desktop\retail_management_system\env\Lib\site-packages\django\core\servers\basehttp.py:213 log_message "GET /e_commerce/products/ HTTP/1.1" 200 21233
WARNING 2025-09-02 21:52:41,489 django.server C:\Users\Thembinkosi\Desktop\retail_management_system\env\Lib\site-packages\django\core\servers\basehttp.py:213 log_message "GET /static/js/main.js HTTP/1.1" 404 179
WARNING 2025-09-02 21:52:41,543 django.server C:\Users\Thembinkosi\Desktop\retail_management_system\env\Lib\site-packages\django\core\servers\basehttp.py:213 log_message "GET /static/css/main.css HTTP/1.1" 404 179
INFO 2025-09-02 21:52:41,762 django.server C:\Users\Thembinkosi\Desktop\retail_management_system\env\Lib\site-packages\django\core\servers\basehttp.py:213 log_message "GET /favicon.ico HTTP/1.1" 204 0
INFO 2025-09-02 21:52:49,261 django.server C:\Users\Thembinkosi\Desktop\retail_management_system\env\Lib\site-packages\django\core\servers\basehttp.py:213 log_message "GET /sales/transactions/ HTTP/1.1" 200 20272
WARNING 2025-09-02 21:52:49,523 django.server C:\Users\Thembinkosi\Desktop\retail_management_system\env\Lib\site-packages\django\core\servers\basehttp.py:213 log_message "GET /static/js/main.js HTTP/1.1" 404 179
WARNING 2025-09-02 21:52:49,642 django.server C:\Users\Thembinkosi\Desktop\retail_management_system\env\Lib\site-packages\django\core\servers\basehttp.py:213 log_message "GET /static/css/main.css HTTP/1.1" 404 179
INFO 2025-09-02 21:52:49,792 django.server C:\Users\Thembinkosi\Desktop\retail_management_system\env\Lib\site-packages\django\core\servers\basehttp.py:213 log_message "GET /favicon.ico HTTP/1.1" 204 0
INFO 2025-09-02 21:53:09,469 django.server C:\Users\Thembinkosi\Desktop\retail_management_system\env\Lib\site-packages\django\core\servers\basehttp.py:213 log_message "GET / HTTP/1.1" 200 27457
WARNING 2025-09-02 21:53:09,665 django.server C:\Users\Thembinkosi\Desktop\retail_management_system\env\Lib\site-packages\django\core\servers\basehttp.py:213 log_message "GET /static/js/main.js HTTP/1.1" 404 179
WARNING 2025-09-02 21:53:09,753 django.server C:\Users\Thembinkosi\Desktop\retail_management_system\env\Lib\site-packages\django\core\servers\basehttp.py:213 log_message "GET /static/css/main.css HTTP/1.1" 404 179
INFO 2025-09-02 21:53:09,928 django.server C:\Users\Thembinkosi\Desktop\retail_management_system\env\Lib\site-packages\django\core\servers\basehttp.py:213 log_message "GET /favicon.ico HTTP/1.1" 204 0
INFO 2025-09-02 21:53:14,165 django.server C:\Users\Thembinkosi\Desktop\retail_management_system\env\Lib\site-packages\django\core\servers\basehttp.py:213 log_message "GET /inventory/ HTTP/1.1" 200 20684
WARNING 2025-09-02 21:53:14,334 django.server C:\Users\Thembinkosi\Desktop\retail_management_system\env\Lib\site-packages\django\core\servers\basehttp.py:213 log_message "GET /static/css/main.css HTTP/1.1" 404 179
WARNING 2025-09-02 21:53:14,352 django.server C:\Users\Thembinkosi\Desktop\retail_management_system\env\Lib\site-packages\django\core\servers\basehttp.py:213 log_message "GET /static/js/main.js HTTP/1.1" 404 179
INFO 2025-09-02 21:53:14,465 django.server C:\Users\Thembinkosi\Desktop\retail_management_system\env\Lib\site-packages\django\core\servers\basehttp.py:213 log_message "GET /favicon.ico HTTP/1.1" 204 0
INFO 2025-09-02 21:58:40,853 django.server C:\Users\Thembinkosi\Desktop\retail_management_system\env\Lib\site-packages\django\core\servers\basehttp.py:213 log_message "GET /inventory/ HTTP/1.1" 200 21414
WARNING 2025-09-02 21:58:41,120 django.server C:\Users\Thembinkosi\Desktop\retail_management_system\env\Lib\site-packages\django\core\servers\basehttp.py:213 log_message "GET /static/js/main.js HTTP/1.1" 404 179
WARNING 2025-09-02 21:58:41,196 django.server C:\Users\Thembinkosi\Desktop\retail_management_system\env\Lib\site-packages\django\core\servers\basehttp.py:213 log_message "GET /static/css/main.css HTTP/1.1" 404 179
INFO 2025-09-02 21:58:41,667 django.server C:\Users\Thembinkosi\Desktop\retail_management_system\env\Lib\site-packages\django\core\servers\basehttp.py:213 log_message "GET /favicon.ico HTTP/1.1" 204 0
INFO 2025-09-02 21:58:49,477 django.server C:\Users\Thembinkosi\Desktop\retail_management_system\env\Lib\site-packages\django\core\servers\basehttp.py:213 log_message "GET /inventory/brands/ HTTP/1.1" 200 20957
WARNING 2025-09-02 21:58:49,860 django.server C:\Users\Thembinkosi\Desktop\retail_management_system\env\Lib\site-packages\django\core\servers\basehttp.py:213 log_message "GET /static/css/main.css HTTP/1.1" 404 179
WARNING 2025-09-02 21:58:49,907 django.server C:\Users\Thembinkosi\Desktop\retail_management_system\env\Lib\site-packages\django\core\servers\basehttp.py:213 log_message "GET /static/js/main.js HTTP/1.1" 404 179
INFO 2025-09-02 21:58:50,017 django.server C:\Users\Thembinkosi\Desktop\retail_management_system\env\Lib\site-packages\django\core\servers\basehttp.py:213 log_message "GET /favicon.ico HTTP/1.1" 204 0
INFO 2025-09-02 21:59:00,933 django.server C:\Users\Thembinkosi\Desktop\retail_management_system\env\Lib\site-packages\django\core\servers\basehttp.py:213 log_message "GET /inventory/categories/ HTTP/1.1" 200 20965
WARNING 2025-09-02 21:59:01,108 django.server C:\Users\Thembinkosi\Desktop\retail_management_system\env\Lib\site-packages\django\core\servers\basehttp.py:213 log_message "GET /static/css/main.css HTTP/1.1" 404 179
WARNING 2025-09-02 21:59:01,111 django.server C:\Users\Thembinkosi\Desktop\retail_management_system\env\Lib\site-packages\django\core\servers\basehttp.py:213 log_message "GET /static/js/main.js HTTP/1.1" 404 179
INFO 2025-09-02 21:59:01,265 django.server C:\Users\Thembinkosi\Desktop\retail_management_system\env\Lib\site-packages\django\core\servers\basehttp.py:213 log_message "GET /favicon.ico HTTP/1.1" 204 0
INFO 2025-09-02 21:59:06,197 django.server C:\Users\Thembinkosi\Desktop\retail_management_system\env\Lib\site-packages\django\core\servers\basehttp.py:213 log_message "GET /inventory/store-inventory/ HTTP/1.1" 200 21001
WARNING 2025-09-02 21:59:06,361 django.server C:\Users\Thembinkosi\Desktop\retail_management_system\env\Lib\site-packages\django\core\servers\basehttp.py:213 log_message "GET /static/js/main.js HTTP/1.1" 404 179
WARNING 2025-09-02 21:59:06,374 django.server C:\Users\Thembinkosi\Desktop\retail_management_system\env\Lib\site-packages\django\core\servers\basehttp.py:213 log_message "GET /static/css/main.css HTTP/1.1" 404 179
INFO 2025-09-02 21:59:06,484 django.server C:\Users\Thembinkosi\Desktop\retail_management_system\env\Lib\site-packages\django\core\servers\basehttp.py:213 log_message "GET /favicon.ico HTTP/1.1" 204 0
INFO 2025-09-02 21:59:18,311 django.server C:\Users\Thembinkosi\Desktop\retail_management_system\env\Lib\site-packages\django\core\servers\basehttp.py:213 log_message "GET /inventory/categories/ HTTP/1.1" 200 20965
WARNING 2025-09-02 21:59:18,478 django.server C:\Users\Thembinkosi\Desktop\retail_management_system\env\Lib\site-packages\django\core\servers\basehttp.py:213 log_message "GET /static/js/main.js HTTP/1.1" 404 179
WARNING 2025-09-02 21:59:18,482 django.server C:\Users\Thembinkosi\Desktop\retail_management_system\env\Lib\site-packages\django\core\servers\basehttp.py:213 log_message "GET /static/css/main.css HTTP/1.1" 404 179
INFO 2025-09-02 21:59:18,660 django.server C:\Users\Thembinkosi\Desktop\retail_management_system\env\Lib\site-packages\django\core\servers\basehttp.py:213 log_message "GET /favicon.ico HTTP/1.1" 204 0
INFO 2025-09-02 21:59:21,904 django.server C:\Users\Thembinkosi\Desktop\retail_management_system\env\Lib\site-packages\django\core\servers\basehttp.py:213 log_message "GET /hr/employees/ HTTP/1.1" 200 64607
WARNING 2025-09-02 21:59:22,069 django.server C:\Users\Thembinkosi\Desktop\retail_management_system\env\Lib\site-packages\django\core\servers\basehttp.py:213 log_message "GET /static/js/main.js HTTP/1.1" 404 179
WARNING 2025-09-02 21:59:22,133 django.server C:\Users\Thembinkosi\Desktop\retail_management_system\env\Lib\site-packages\django\core\servers\basehttp.py:213 log_message "GET /static/human_resources/css/hr.css HTTP/1.1" 404 179
WARNING 2025-09-02 21:59:22,167 django.server C:\Users\Thembinkosi\Desktop\retail_management_system\env\Lib\site-packages\django\core\servers\basehttp.py:213 log_message "GET /static/css/main.css HTTP/1.1" 404 179
INFO 2025-09-02 21:59:22,398 django.server C:\Users\Thembinkosi\Desktop\retail_management_system\env\Lib\site-packages\django\core\servers\basehttp.py:213 log_message "GET /favicon.ico HTTP/1.1" 204 0
INFO 2025-09-02 21:59:24,488 django.server C:\Users\Thembinkosi\Desktop\retail_management_system\env\Lib\site-packages\django\core\servers\basehttp.py:213 log_message "GET /favicon.ico HTTP/1.1" 204 0
INFO 2025-09-02 21:59:43,125 django.server C:\Users\Thembinkosi\Desktop\retail_management_system\env\Lib\site-packages\django\core\servers\basehttp.py:213 log_message "GET /inventory/product/create/ HTTP/1.1" 200 27586
WARNING 2025-09-02 21:59:43,278 django.server C:\Users\Thembinkosi\Desktop\retail_management_system\env\Lib\site-packages\django\core\servers\basehttp.py:213 log_message "GET /static/css/main.css HTTP/1.1" 404 179
WARNING 2025-09-02 21:59:43,288 django.server C:\Users\Thembinkosi\Desktop\retail_management_system\env\Lib\site-packages\django\core\servers\basehttp.py:213 log_message "GET /static/js/main.js HTTP/1.1" 404 179
INFO 2025-09-02 21:59:43,412 django.server C:\Users\Thembinkosi\Desktop\retail_management_system\env\Lib\site-packages\django\core\servers\basehttp.py:213 log_message "GET /favicon.ico HTTP/1.1" 204 0
INFO 2025-09-02 22:00:12,451 django.server C:\Users\Thembinkosi\Desktop\retail_management_system\env\Lib\site-packages\django\core\servers\basehttp.py:213 log_message "GET /inventory/ HTTP/1.1" 200 21414
WARNING 2025-09-02 22:00:12,663 django.server C:\Users\Thembinkosi\Desktop\retail_management_system\env\Lib\site-packages\django\core\servers\basehttp.py:213 log_message "GET /static/css/main.css HTTP/1.1" 404 179
WARNING 2025-09-02 22:00:12,668 django.server C:\Users\Thembinkosi\Desktop\retail_management_system\env\Lib\site-packages\django\core\servers\basehttp.py:213 log_message "GET /static/js/main.js HTTP/1.1" 404 179
INFO 2025-09-02 22:00:12,836 django.server C:\Users\Thembinkosi\Desktop\retail_management_system\env\Lib\site-packages\django\core\servers\basehttp.py:213 log_message "GET /favicon.ico HTTP/1.1" 204 0
INFO 2025-09-02 22:00:16,934 django.server C:\Users\Thembinkosi\Desktop\retail_management_system\env\Lib\site-packages\django\core\servers\basehttp.py:213 log_message "GET /favicon.ico HTTP/1.1" 204 0
INFO 2025-09-02 22:00:31,111 django.server C:\Users\Thembinkosi\Desktop\retail_management_system\env\Lib\site-packages\django\core\servers\basehttp.py:213 log_message "GET /inventory/product/create/ HTTP/1.1" 200 27586
WARNING 2025-09-02 22:00:31,305 django.server C:\Users\Thembinkosi\Desktop\retail_management_system\env\Lib\site-packages\django\core\servers\basehttp.py:213 log_message "GET /static/css/main.css HTTP/1.1" 404 179
WARNING 2025-09-02 22:00:31,347 django.server C:\Users\Thembinkosi\Desktop\retail_management_system\env\Lib\site-packages\django\core\servers\basehttp.py:213 log_message "GET /static/js/main.js HTTP/1.1" 404 179
INFO 2025-09-02 22:00:31,503 django.server C:\Users\Thembinkosi\Desktop\retail_management_system\env\Lib\site-packages\django\core\servers\basehttp.py:213 log_message "GET /favicon.ico HTTP/1.1" 204 0
INFO 2025-09-02 22:00:53,583 django.utils.autoreload C:\Users\Thembinkosi\Desktop\retail_management_system\env\Lib\site-packages\django\utils\autoreload.py:667 run_with_reloader Watching for file changes with StatReloader
INFO 2025-09-02 22:00:58,064 django.server C:\Users\Thembinkosi\Desktop\retail_management_system\env\Lib\site-packages\django\core\servers\basehttp.py:213 log_message "GET /inventory/stock/movements/ HTTP/1.1" 200 21819
WARNING 2025-09-02 22:00:58,266 django.server C:\Users\Thembinkosi\Desktop\retail_management_system\env\Lib\site-packages\django\core\servers\basehttp.py:213 log_message "GET /static/js/main.js HTTP/1.1" 404 179
WARNING 2025-09-02 22:00:58,301 django.server C:\Users\Thembinkosi\Desktop\retail_management_system\env\Lib\site-packages\django\core\servers\basehttp.py:213 log_message "GET /static/css/main.css HTTP/1.1" 404 179
INFO 2025-09-02 22:00:58,442 django.server C:\Users\Thembinkosi\Desktop\retail_management_system\env\Lib\site-packages\django\core\servers\basehttp.py:213 log_message "GET /favicon.ico HTTP/1.1" 204 0
INFO 2025-09-02 22:01:02,731 django.server C:\Users\Thembinkosi\Desktop\retail_management_system\env\Lib\site-packages\django\core\servers\basehttp.py:213 log_message "GET /favicon.ico HTTP/1.1" 204 0
INFO 2025-09-02 22:03:03,397 django.server C:\Users\Thembinkosi\Desktop\retail_management_system\env\Lib\site-packages\django\core\servers\basehttp.py:213 log_message "POST /inventory/product/create/ HTTP/1.1" 302 0
INFO 2025-09-02 22:03:03,504 django.server C:\Users\Thembinkosi\Desktop\retail_management_system\env\Lib\site-packages\django\core\servers\basehttp.py:213 log_message "GET /inventory/ HTTP/1.1" 200 23932
WARNING 2025-09-02 22:03:03,624 django.server C:\Users\Thembinkosi\Desktop\retail_management_system\env\Lib\site-packages\django\core\servers\basehttp.py:213 log_message "GET /static/js/main.js HTTP/1.1" 404 179
WARNING 2025-09-02 22:03:03,708 django.server C:\Users\Thembinkosi\Desktop\retail_management_system\env\Lib\site-packages\django\core\servers\basehttp.py:213 log_message "GET /static/css/main.css HTTP/1.1" 404 179
INFO 2025-09-02 22:03:03,845 django.server C:\Users\Thembinkosi\Desktop\retail_management_system\env\Lib\site-packages\django\core\servers\basehttp.py:213 log_message "GET /favicon.ico HTTP/1.1" 204 0
INFO 2025-09-02 22:06:00,738 django.server C:\Users\Thembinkosi\Desktop\retail_management_system\env\Lib\site-packages\django\core\servers\basehttp.py:213 log_message "GET /inventory/store-inventory/ HTTP/1.1" 200 21001
WARNING 2025-09-02 22:06:00,987 django.server C:\Users\Thembinkosi\Desktop\retail_management_system\env\Lib\site-packages\django\core\servers\basehttp.py:213 log_message "GET /static/css/main.css HTTP/1.1" 404 179
WARNING 2025-09-02 22:06:01,024 django.server C:\Users\Thembinkosi\Desktop\retail_management_system\env\Lib\site-packages\django\core\servers\basehttp.py:213 log_message "GET /static/js/main.js HTTP/1.1" 404 179
INFO 2025-09-02 22:06:01,173 django.server C:\Users\Thembinkosi\Desktop\retail_management_system\env\Lib\site-packages\django\core\servers\basehttp.py:213 log_message "GET /favicon.ico HTTP/1.1" 204 0
INFO 2025-09-02 22:06:07,927 django.server C:\Users\Thembinkosi\Desktop\retail_management_system\env\Lib\site-packages\django\core\servers\basehttp.py:213 log_message "GET /inventory/ HTTP/1.1" 200 23591
WARNING 2025-09-02 22:06:08,190 django.server C:\Users\Thembinkosi\Desktop\retail_management_system\env\Lib\site-packages\django\core\servers\basehttp.py:213 log_message "GET /static/js/main.js HTTP/1.1" 404 179
WARNING 2025-09-02 22:06:08,272 django.server C:\Users\Thembinkosi\Desktop\retail_management_system\env\Lib\site-packages\django\core\servers\basehttp.py:213 log_message "GET /static/css/main.css HTTP/1.1" 404 179
INFO 2025-09-02 22:06:08,473 django.server C:\Users\Thembinkosi\Desktop\retail_management_system\env\Lib\site-packages\django\core\servers\basehttp.py:213 log_message "GET /favicon.ico HTTP/1.1" 204 0
INFO 2025-09-02 22:07:11,161 django.server C:\Users\Thembinkosi\Desktop\retail_management_system\env\Lib\site-packages\django\core\servers\basehttp.py:213 log_message "GET /favicon.ico HTTP/1.1" 204 0
INFO 2025-09-02 22:07:14,963 django.server C:\Users\Thembinkosi\Desktop\retail_management_system\env\Lib\site-packages\django\core\servers\basehttp.py:213 log_message "GET /favicon.ico HTTP/1.1" 204 0
INFO 2025-09-02 22:08:27,673 django.server C:\Users\Thembinkosi\Desktop\retail_management_system\env\Lib\site-packages\django\core\servers\basehttp.py:213 log_message "GET /procurement/suppliers/ HTTP/1.1" 200 22139
WARNING 2025-09-02 22:08:27,894 django.server C:\Users\Thembinkosi\Desktop\retail_management_system\env\Lib\site-packages\django\core\servers\basehttp.py:213 log_message "GET /static/css/main.css HTTP/1.1" 404 179
WARNING 2025-09-02 22:08:27,911 django.server C:\Users\Thembinkosi\Desktop\retail_management_system\env\Lib\site-packages\django\core\servers\basehttp.py:213 log_message "GET /static/js/main.js HTTP/1.1" 404 179
INFO 2025-09-02 22:08:28,219 django.server C:\Users\Thembinkosi\Desktop\retail_management_system\env\Lib\site-packages\django\core\servers\basehttp.py:213 log_message "GET /favicon.ico HTTP/1.1" 204 0
INFO 2025-09-02 22:08:30,342 django.server C:\Users\Thembinkosi\Desktop\retail_management_system\env\Lib\site-packages\django\core\servers\basehttp.py:213 log_message "GET /favicon.ico HTTP/1.1" 204 0
INFO 2025-09-02 22:08:33,377 django.server C:\Users\Thembinkosi\Desktop\retail_management_system\env\Lib\site-packages\django\core\servers\basehttp.py:213 log_message "GET /procurement/orders/ HTTP/1.1" 200 21956
WARNING 2025-09-02 22:08:33,556 django.server C:\Users\Thembinkosi\Desktop\retail_management_system\env\Lib\site-packages\django\core\servers\basehttp.py:213 log_message "GET /static/js/main.js HTTP/1.1" 404 179
WARNING 2025-09-02 22:08:33,557 django.server C:\Users\Thembinkosi\Desktop\retail_management_system\env\Lib\site-packages\django\core\servers\basehttp.py:213 log_message "GET /static/css/main.css HTTP/1.1" 404 179
INFO 2025-09-02 22:08:33,719 django.server C:\Users\Thembinkosi\Desktop\retail_management_system\env\Lib\site-packages\django\core\servers\basehttp.py:213 log_message "GET /favicon.ico HTTP/1.1" 204 0
INFO 2025-09-02 22:08:40,966 django.server C:\Users\Thembinkosi\Desktop\retail_management_system\env\Lib\site-packages\django\core\servers\basehttp.py:213 log_message "GET /favicon.ico HTTP/1.1" 204 0
INFO 2025-09-02 22:09:56,197 django.utils.autoreload C:\Users\Thembinkosi\Desktop\retail_management_system\env\Lib\site-packages\django\utils\autoreload.py:265 trigger_reload C:\Users\Thembinkosi\Desktop\retail_management_system\inventory\forms.py changed, reloading.
INFO 2025-09-02 22:09:56,260 django.utils.autoreload C:\Users\Thembinkosi\Desktop\retail_management_system\env\Lib\site-packages\django\utils\autoreload.py:265 trigger_reload C:\Users\Thembinkosi\Desktop\retail_management_system\inventory\forms.py changed, reloading.
INFO 2025-09-02 22:09:56,500 django.utils.autoreload C:\Users\Thembinkosi\Desktop\retail_management_system\env\Lib\site-packages\django\utils\autoreload.py:265 trigger_reload C:\Users\Thembinkosi\Desktop\retail_management_system\inventory\forms.py changed, reloading.
INFO 2025-09-02 22:10:00,493 django.utils.autoreload C:\Users\Thembinkosi\Desktop\retail_management_system\env\Lib\site-packages\django\utils\autoreload.py:667 run_with_reloader Watching for file changes with StatReloader
INFO 2025-09-02 22:10:00,496 django.utils.autoreload C:\Users\Thembinkosi\Desktop\retail_management_system\env\Lib\site-packages\django\utils\autoreload.py:667 run_with_reloader Watching for file changes with StatReloader
INFO 2025-09-02 22:11:05,017 django.utils.autoreload C:\Users\Thembinkosi\Desktop\retail_management_system\env\Lib\site-packages\django\utils\autoreload.py:265 trigger_reload C:\Users\Thembinkosi\Desktop\retail_management_system\inventory\forms.py changed, reloading.
INFO 2025-09-02 22:11:05,248 django.utils.autoreload C:\Users\Thembinkosi\Desktop\retail_management_system\env\Lib\site-packages\django\utils\autoreload.py:265 trigger_reload C:\Users\Thembinkosi\Desktop\retail_management_system\inventory\forms.py changed, reloading.
INFO 2025-09-02 22:11:05,257 django.utils.autoreload C:\Users\Thembinkosi\Desktop\retail_management_system\env\Lib\site-packages\django\utils\autoreload.py:265 trigger_reload C:\Users\Thembinkosi\Desktop\retail_management_system\inventory\forms.py changed, reloading.
INFO 2025-09-02 22:11:08,388 django.utils.autoreload C:\Users\Thembinkosi\Desktop\retail_management_system\env\Lib\site-packages\django\utils\autoreload.py:667 run_with_reloader Watching for file changes with StatReloader
INFO 2025-09-02 22:11:08,392 django.utils.autoreload C:\Users\Thembinkosi\Desktop\retail_management_system\env\Lib\site-packages\django\utils\autoreload.py:667 run_with_reloader Watching for file changes with StatReloader
INFO 2025-09-02 22:11:08,552 django.utils.autoreload C:\Users\Thembinkosi\Desktop\retail_management_system\env\Lib\site-packages\django\utils\autoreload.py:667 run_with_reloader Watching for file changes with StatReloader
INFO 2025-09-02 22:11:36,317 django.utils.autoreload C:\Users\Thembinkosi\Desktop\retail_management_system\env\Lib\site-packages\django\utils\autoreload.py:265 trigger_reload C:\Users\Thembinkosi\Desktop\retail_management_system\inventory\forms.py changed, reloading.
INFO 2025-09-02 22:11:37,125 django.utils.autoreload C:\Users\Thembinkosi\Desktop\retail_management_system\env\Lib\site-packages\django\utils\autoreload.py:265 trigger_reload C:\Users\Thembinkosi\Desktop\retail_management_system\inventory\forms.py changed, reloading.
INFO 2025-09-02 22:11:37,265 django.utils.autoreload C:\Users\Thembinkosi\Desktop\retail_management_system\env\Lib\site-packages\django\utils\autoreload.py:265 trigger_reload C:\Users\Thembinkosi\Desktop\retail_management_system\inventory\forms.py changed, reloading.
INFO 2025-09-02 22:11:38,974 django.utils.autoreload C:\Users\Thembinkosi\Desktop\retail_management_system\env\Lib\site-packages\django\utils\autoreload.py:667 run_with_reloader Watching for file changes with StatReloader
INFO 2025-09-02 22:11:39,313 django.utils.autoreload C:\Users\Thembinkosi\Desktop\retail_management_system\env\Lib\site-packages\django\utils\autoreload.py:667 run_with_reloader Watching for file changes with StatReloader
INFO 2025-09-02 22:11:39,396 django.utils.autoreload C:\Users\Thembinkosi\Desktop\retail_management_system\env\Lib\site-packages\django\utils\autoreload.py:667 run_with_reloader Watching for file changes with StatReloader
INFO 2025-09-02 22:15:06,363 django.utils.autoreload C:\Users\Thembinkosi\Desktop\retail_management_system\env\Lib\site-packages\django\utils\autoreload.py:265 trigger_reload C:\Users\Thembinkosi\Desktop\retail_management_system\inventory\forms.py changed, reloading.
INFO 2025-09-02 22:15:06,368 django.utils.autoreload C:\Users\Thembinkosi\Desktop\retail_management_system\env\Lib\site-packages\django\utils\autoreload.py:265 trigger_reload C:\Users\Thembinkosi\Desktop\retail_management_system\inventory\forms.py changed, reloading.
INFO 2025-09-02 22:15:06,405 django.utils.autoreload C:\Users\Thembinkosi\Desktop\retail_management_system\env\Lib\site-packages\django\utils\autoreload.py:265 trigger_reload C:\Users\Thembinkosi\Desktop\retail_management_system\inventory\forms.py changed, reloading.
INFO 2025-09-02 22:15:09,526 django.utils.autoreload C:\Users\Thembinkosi\Desktop\retail_management_system\env\Lib\site-packages\django\utils\autoreload.py:667 run_with_reloader Watching for file changes with StatReloader
INFO 2025-09-02 22:15:09,545 django.utils.autoreload C:\Users\Thembinkosi\Desktop\retail_management_system\env\Lib\site-packages\django\utils\autoreload.py:667 run_with_reloader Watching for file changes with StatReloader
INFO 2025-09-02 22:15:09,586 django.utils.autoreload C:\Users\Thembinkosi\Desktop\retail_management_system\env\Lib\site-packages\django\utils\autoreload.py:667 run_with_reloader Watching for file changes with StatReloader
INFO 2025-09-02 22:15:53,766 django.server C:\Users\Thembinkosi\Desktop\retail_management_system\env\Lib\site-packages\django\core\servers\basehttp.py:213 log_message "GET /inventory/ HTTP/1.1" 200 23591
WARNING 2025-09-02 22:15:54,649 django.server C:\Users\Thembinkosi\Desktop\retail_management_system\env\Lib\site-packages\django\core\servers\basehttp.py:213 log_message "GET /static/css/main.css HTTP/1.1" 404 179
WARNING 2025-09-02 22:15:55,097 django.server C:\Users\Thembinkosi\Desktop\retail_management_system\env\Lib\site-packages\django\core\servers\basehttp.py:213 log_message "GET /static/css/main.css HTTP/1.1" 404 179
WARNING 2025-09-02 22:15:55,377 django.server C:\Users\Thembinkosi\Desktop\retail_management_system\env\Lib\site-packages\django\core\servers\basehttp.py:213 log_message "GET /static/js/main.js HTTP/1.1" 404 179
INFO 2025-09-02 22:15:55,609 django.server C:\Users\Thembinkosi\Desktop\retail_management_system\env\Lib\site-packages\django\core\servers\basehttp.py:213 log_message "GET /favicon.ico HTTP/1.1" 204 0
INFO 2025-09-02 22:16:14,159 django.server C:\Users\Thembinkosi\Desktop\retail_management_system\env\Lib\site-packages\django\core\servers\basehttp.py:213 log_message "GET /inventory/ HTTP/1.1" 200 23591
WARNING 2025-09-02 22:16:14,428 django.server C:\Users\Thembinkosi\Desktop\retail_management_system\env\Lib\site-packages\django\core\servers\basehttp.py:213 log_message "GET /static/css/main.css HTTP/1.1" 404 179
WARNING 2025-09-02 22:16:14,496 django.server C:\Users\Thembinkosi\Desktop\retail_management_system\env\Lib\site-packages\django\core\servers\basehttp.py:213 log_message "GET /static/js/main.js HTTP/1.1" 404 179
INFO 2025-09-02 22:16:14,655 django.server C:\Users\Thembinkosi\Desktop\retail_management_system\env\Lib\site-packages\django\core\servers\basehttp.py:213 log_message "GET /favicon.ico HTTP/1.1" 204 0
WARNING 2025-09-02 22:16:18,149 django.server C:\Users\Thembinkosi\Desktop\retail_management_system\env\Lib\site-packages\django\core\servers\basehttp.py:213 log_message "GET /static/js/main.js HTTP/1.1" 404 179
INFO 2025-09-02 22:16:18,249 django.server C:\Users\Thembinkosi\Desktop\retail_management_system\env\Lib\site-packages\django\core\servers\basehttp.py:213 log_message "GET /favicon.ico HTTP/1.1" 204 0
INFO 2025-09-02 22:16:24,621 django.server C:\Users\Thembinkosi\Desktop\retail_management_system\env\Lib\site-packages\django\core\servers\basehttp.py:213 log_message "GET /inventory/product/create/ HTTP/1.1" 200 27586
WARNING 2025-09-02 22:16:24,786 django.server C:\Users\Thembinkosi\Desktop\retail_management_system\env\Lib\site-packages\django\core\servers\basehttp.py:213 log_message "GET /static/css/main.css HTTP/1.1" 404 179
WARNING 2025-09-02 22:16:24,788 django.server C:\Users\Thembinkosi\Desktop\retail_management_system\env\Lib\site-packages\django\core\servers\basehttp.py:213 log_message "GET /static/js/main.js HTTP/1.1" 404 179
INFO 2025-09-02 22:16:24,945 django.server C:\Users\Thembinkosi\Desktop\retail_management_system\env\Lib\site-packages\django\core\servers\basehttp.py:213 log_message "GET /favicon.ico HTTP/1.1" 204 0
INFO 2025-09-02 22:16:26,954 django.server C:\Users\Thembinkosi\Desktop\retail_management_system\env\Lib\site-packages\django\core\servers\basehttp.py:213 log_message "GET /favicon.ico HTTP/1.1" 204 0
INFO 2025-09-02 22:30:23,193 django.utils.autoreload C:\Users\Thembinkosi\Desktop\retail_management_system\env\Lib\site-packages\django\utils\autoreload.py:265 trigger_reload C:\Users\Thembinkosi\Desktop\retail_management_system\inventory\views.py changed, reloading.
INFO 2025-09-02 22:30:23,272 django.utils.autoreload C:\Users\Thembinkosi\Desktop\retail_management_system\env\Lib\site-packages\django\utils\autoreload.py:265 trigger_reload C:\Users\Thembinkosi\Desktop\retail_management_system\inventory\views.py changed, reloading.
INFO 2025-09-02 22:30:23,578 django.utils.autoreload C:\Users\Thembinkosi\Desktop\retail_management_system\env\Lib\site-packages\django\utils\autoreload.py:265 trigger_reload C:\Users\Thembinkosi\Desktop\retail_management_system\inventory\views.py changed, reloading.
INFO 2025-09-02 22:30:26,552 django.utils.autoreload C:\Users\Thembinkosi\Desktop\retail_management_system\env\Lib\site-packages\django\utils\autoreload.py:667 run_with_reloader Watching for file changes with StatReloader
INFO 2025-09-02 22:30:26,552 django.utils.autoreload C:\Users\Thembinkosi\Desktop\retail_management_system\env\Lib\site-packages\django\utils\autoreload.py:667 run_with_reloader Watching for file changes with StatReloader
INFO 2025-09-02 22:30:26,936 django.utils.autoreload C:\Users\Thembinkosi\Desktop\retail_management_system\env\Lib\site-packages\django\utils\autoreload.py:667 run_with_reloader Watching for file changes with StatReloader
INFO 2025-09-02 22:30:50,248 django.utils.autoreload C:\Users\Thembinkosi\Desktop\retail_management_system\env\Lib\site-packages\django\utils\autoreload.py:265 trigger_reload C:\Users\Thembinkosi\Desktop\retail_management_system\inventory\views.py changed, reloading.
INFO 2025-09-02 22:30:50,343 django.utils.autoreload C:\Users\Thembinkosi\Desktop\retail_management_system\env\Lib\site-packages\django\utils\autoreload.py:265 trigger_reload C:\Users\Thembinkosi\Desktop\retail_management_system\inventory\views.py changed, reloading.
INFO 2025-09-02 22:30:50,498 django.utils.autoreload C:\Users\Thembinkosi\Desktop\retail_management_system\env\Lib\site-packages\django\utils\autoreload.py:265 trigger_reload C:\Users\Thembinkosi\Desktop\retail_management_system\inventory\views.py changed, reloading.
INFO 2025-09-02 22:30:53,756 django.utils.autoreload C:\Users\Thembinkosi\Desktop\retail_management_system\env\Lib\site-packages\django\utils\autoreload.py:667 run_with_reloader Watching for file changes with StatReloader
INFO 2025-09-02 22:30:53,790 django.utils.autoreload C:\Users\Thembinkosi\Desktop\retail_management_system\env\Lib\site-packages\django\utils\autoreload.py:667 run_with_reloader Watching for file changes with StatReloader
INFO 2025-09-02 22:30:53,809 django.utils.autoreload C:\Users\Thembinkosi\Desktop\retail_management_system\env\Lib\site-packages\django\utils\autoreload.py:667 run_with_reloader Watching for file changes with StatReloader
INFO 2025-09-02 22:32:19,730 django.utils.autoreload C:\Users\Thembinkosi\Desktop\retail_management_system\env\Lib\site-packages\django\utils\autoreload.py:265 trigger_reload C:\Users\Thembinkosi\Desktop\retail_management_system\inventory\urls.py changed, reloading.
INFO 2025-09-02 22:32:20,695 django.utils.autoreload C:\Users\Thembinkosi\Desktop\retail_management_system\env\Lib\site-packages\django\utils\autoreload.py:265 trigger_reload C:\Users\Thembinkosi\Desktop\retail_management_system\inventory\urls.py changed, reloading.
INFO 2025-09-02 22:32:20,719 django.utils.autoreload C:\Users\Thembinkosi\Desktop\retail_management_system\env\Lib\site-packages\django\utils\autoreload.py:265 trigger_reload C:\Users\Thembinkosi\Desktop\retail_management_system\inventory\urls.py changed, reloading.
INFO 2025-09-02 22:32:23,284 django.utils.autoreload C:\Users\Thembinkosi\Desktop\retail_management_system\env\Lib\site-packages\django\utils\autoreload.py:667 run_with_reloader Watching for file changes with StatReloader
INFO 2025-09-02 22:32:23,787 django.utils.autoreload C:\Users\Thembinkosi\Desktop\retail_management_system\env\Lib\site-packages\django\utils\autoreload.py:667 run_with_reloader Watching for file changes with StatReloader
INFO 2025-09-02 22:32:23,820 django.utils.autoreload C:\Users\Thembinkosi\Desktop\retail_management_system\env\Lib\site-packages\django\utils\autoreload.py:667 run_with_reloader Watching for file changes with StatReloader
INFO 2025-09-02 22:32:51,792 django.server C:\Users\Thembinkosi\Desktop\retail_management_system\env\Lib\site-packages\django\core\servers\basehttp.py:213 log_message "GET /inventory/store-inventory/ HTTP/1.1" 200 21001
WARNING 2025-09-02 22:32:51,980 django.server C:\Users\Thembinkosi\Desktop\retail_management_system\env\Lib\site-packages\django\core\servers\basehttp.py:213 log_message "GET /static/js/main.js HTTP/1.1" 404 179
WARNING 2025-09-02 22:32:51,991 django.server C:\Users\Thembinkosi\Desktop\retail_management_system\env\Lib\site-packages\django\core\servers\basehttp.py:213 log_message "GET /static/css/main.css HTTP/1.1" 404 179
INFO 2025-09-02 22:32:52,187 django.server C:\Users\Thembinkosi\Desktop\retail_management_system\env\Lib\site-packages\django\core\servers\basehttp.py:213 log_message "GET /favicon.ico HTTP/1.1" 204 0
INFO 2025-09-02 22:32:56,308 django.server C:\Users\Thembinkosi\Desktop\retail_management_system\env\Lib\site-packages\django\core\servers\basehttp.py:213 log_message "GET /inventory/ HTTP/1.1" 200 23591
WARNING 2025-09-02 22:32:56,534 django.server C:\Users\Thembinkosi\Desktop\retail_management_system\env\Lib\site-packages\django\core\servers\basehttp.py:213 log_message "GET /static/css/main.css HTTP/1.1" 404 179
WARNING 2025-09-02 22:32:56,591 django.server C:\Users\Thembinkosi\Desktop\retail_management_system\env\Lib\site-packages\django\core\servers\basehttp.py:213 log_message "GET /static/js/main.js HTTP/1.1" 404 179
INFO 2025-09-02 22:32:56,703 django.server C:\Users\Thembinkosi\Desktop\retail_management_system\env\Lib\site-packages\django\core\servers\basehttp.py:213 log_message "GET /favicon.ico HTTP/1.1" 204 0
INFO 2025-09-02 22:32:59,255 django.server C:\Users\Thembinkosi\Desktop\retail_management_system\env\Lib\site-packages\django\core\servers\basehttp.py:213 log_message "GET /favicon.ico HTTP/1.1" 204 0
INFO 2025-09-02 22:33:01,999 django.server C:\Users\Thembinkosi\Desktop\retail_management_system\env\Lib\site-packages\django\core\servers\basehttp.py:213 log_message "GET /inventory/brands/ HTTP/1.1" 200 20957
WARNING 2025-09-02 22:33:02,205 django.server C:\Users\Thembinkosi\Desktop\retail_management_system\env\Lib\site-packages\django\core\servers\basehttp.py:213 log_message "GET /static/css/main.css HTTP/1.1" 404 179
WARNING 2025-09-02 22:33:02,207 django.server C:\Users\Thembinkosi\Desktop\retail_management_system\env\Lib\site-packages\django\core\servers\basehttp.py:213 log_message "GET /static/js/main.js HTTP/1.1" 404 179
INFO 2025-09-02 22:33:02,395 django.server C:\Users\Thembinkosi\Desktop\retail_management_system\env\Lib\site-packages\django\core\servers\basehttp.py:213 log_message "GET /favicon.ico HTTP/1.1" 204 0
INFO 2025-09-02 22:33:03,985 django.server C:\Users\Thembinkosi\Desktop\retail_management_system\env\Lib\site-packages\django\core\servers\basehttp.py:213 log_message "GET /favicon.ico HTTP/1.1" 204 0
INFO 2025-09-02 22:37:20,660 django.utils.autoreload C:\Users\Thembinkosi\Desktop\retail_management_system\env\Lib\site-packages\django\utils\autoreload.py:265 trigger_reload C:\Users\Thembinkosi\Desktop\retail_management_system\inventory\views.py changed, reloading.
INFO 2025-09-02 22:37:21,021 django.utils.autoreload C:\Users\Thembinkosi\Desktop\retail_management_system\env\Lib\site-packages\django\utils\autoreload.py:265 trigger_reload C:\Users\Thembinkosi\Desktop\retail_management_system\inventory\views.py changed, reloading.
INFO 2025-09-02 22:37:21,242 django.utils.autoreload C:\Users\Thembinkosi\Desktop\retail_management_system\env\Lib\site-packages\django\utils\autoreload.py:265 trigger_reload C:\Users\Thembinkosi\Desktop\retail_management_system\inventory\views.py changed, reloading.
INFO 2025-09-02 22:37:24,268 django.utils.autoreload C:\Users\Thembinkosi\Desktop\retail_management_system\env\Lib\site-packages\django\utils\autoreload.py:667 run_with_reloader Watching for file changes with StatReloader
INFO 2025-09-02 22:37:24,372 django.utils.autoreload C:\Users\Thembinkosi\Desktop\retail_management_system\env\Lib\site-packages\django\utils\autoreload.py:667 run_with_reloader Watching for file changes with StatReloader
INFO 2025-09-02 22:37:24,438 django.utils.autoreload C:\Users\Thembinkosi\Desktop\retail_management_system\env\Lib\site-packages\django\utils\autoreload.py:667 run_with_reloader Watching for file changes with StatReloader
INFO 2025-09-02 22:37:39,018 django.utils.autoreload C:\Users\Thembinkosi\Desktop\retail_management_system\env\Lib\site-packages\django\utils\autoreload.py:265 trigger_reload C:\Users\Thembinkosi\Desktop\retail_management_system\inventory\views.py changed, reloading.
INFO 2025-09-02 22:37:39,091 django.utils.autoreload C:\Users\Thembinkosi\Desktop\retail_management_system\env\Lib\site-packages\django\utils\autoreload.py:265 trigger_reload C:\Users\Thembinkosi\Desktop\retail_management_system\inventory\views.py changed, reloading.
INFO 2025-09-02 22:37:39,151 django.utils.autoreload C:\Users\Thembinkosi\Desktop\retail_management_system\env\Lib\site-packages\django\utils\autoreload.py:265 trigger_reload C:\Users\Thembinkosi\Desktop\retail_management_system\inventory\views.py changed, reloading.
INFO 2025-09-02 22:37:42,648 django.utils.autoreload C:\Users\Thembinkosi\Desktop\retail_management_system\env\Lib\site-packages\django\utils\autoreload.py:667 run_with_reloader Watching for file changes with StatReloader
INFO 2025-09-02 22:37:42,654 django.utils.autoreload C:\Users\Thembinkosi\Desktop\retail_management_system\env\Lib\site-packages\django\utils\autoreload.py:667 run_with_reloader Watching for file changes with StatReloader
INFO 2025-09-02 22:37:42,701 django.utils.autoreload C:\Users\Thembinkosi\Desktop\retail_management_system\env\Lib\site-packages\django\utils\autoreload.py:667 run_with_reloader Watching for file changes with StatReloader
INFO 2025-09-02 22:38:23,756 django.utils.autoreload C:\Users\Thembinkosi\Desktop\retail_management_system\env\Lib\site-packages\django\utils\autoreload.py:667 run_with_reloader Watching for file changes with StatReloader
INFO 2025-09-02 22:38:59,480 django.server C:\Users\Thembinkosi\Desktop\retail_management_system\env\Lib\site-packages\django\core\servers\basehttp.py:213 log_message "GET /inventory/store-inventory/ HTTP/1.1" 200 21001
WARNING 2025-09-02 22:38:59,799 django.server C:\Users\Thembinkosi\Desktop\retail_management_system\env\Lib\site-packages\django\core\servers\basehttp.py:213 log_message "GET /static/js/main.js HTTP/1.1" 404 179
WARNING 2025-09-02 22:38:59,896 django.server C:\Users\Thembinkosi\Desktop\retail_management_system\env\Lib\site-packages\django\core\servers\basehttp.py:213 log_message "GET /static/css/main.css HTTP/1.1" 404 179
INFO 2025-09-02 22:39:00,092 django.server C:\Users\Thembinkosi\Desktop\retail_management_system\env\Lib\site-packages\django\core\servers\basehttp.py:213 log_message "GET /favicon.ico HTTP/1.1" 204 0
INFO 2025-09-02 22:40:11,257 django.server C:\Users\Thembinkosi\Desktop\retail_management_system\env\Lib\site-packages\django\core\servers\basehttp.py:213 log_message "GET /inventory/brands/ HTTP/1.1" 302 0
INFO 2025-09-02 22:40:11,992 django.server C:\Users\Thembinkosi\Desktop\retail_management_system\env\Lib\site-packages\django\core\servers\basehttp.py:213 log_message "GET /accounts/login/generic/?next=/inventory/brands/ HTTP/1.1" 200 3711
WARNING 2025-09-02 22:40:12,173 django.server C:\Users\Thembinkosi\Desktop\retail_management_system\env\Lib\site-packages\django\core\servers\basehttp.py:213 log_message "GET /static/css/main.css HTTP/1.1" 404 179
WARNING 2025-09-02 22:40:12,192 django.server C:\Users\Thembinkosi\Desktop\retail_management_system\env\Lib\site-packages\django\core\servers\basehttp.py:213 log_message "GET /static/js/main.js HTTP/1.1" 404 179
INFO 2025-09-02 22:40:21,246 django.server C:\Users\Thembinkosi\Desktop\retail_management_system\env\Lib\site-packages\django\core\servers\basehttp.py:213 log_message "GET /favicon.ico HTTP/1.1" 302 0
INFO 2025-09-02 22:40:21,268 django.server C:\Users\Thembinkosi\Desktop\retail_management_system\env\Lib\site-packages\django\core\servers\basehttp.py:213 log_message "GET /accounts/login/generic/?next=/favicon.ico HTTP/1.1" 200 3711
INFO 2025-09-02 22:41:50,271 django.server C:\Users\Thembinkosi\Desktop\retail_management_system\env\Lib\site-packages\django\core\servers\basehttp.py:213 log_message "GET / HTTP/1.1" 200 28187
WARNING 2025-09-02 22:41:50,434 django.server C:\Users\Thembinkosi\Desktop\retail_management_system\env\Lib\site-packages\django\core\servers\basehttp.py:213 log_message "GET /static/js/main.js HTTP/1.1" 404 179
WARNING 2025-09-02 22:41:50,473 django.server C:\Users\Thembinkosi\Desktop\retail_management_system\env\Lib\site-packages\django\core\servers\basehttp.py:213 log_message "GET /static/css/main.css HTTP/1.1" 404 179
INFO 2025-09-02 22:41:50,772 django.server C:\Users\Thembinkosi\Desktop\retail_management_system\env\Lib\site-packages\django\core\servers\basehttp.py:213 log_message "GET /favicon.ico HTTP/1.1" 204 0
INFO 2025-09-02 22:41:52,870 django.server C:\Users\Thembinkosi\Desktop\retail_management_system\env\Lib\site-packages\django\core\servers\basehttp.py:213 log_message "GET /inventory/ HTTP/1.1" 200 23591
WARNING 2025-09-02 22:41:53,054 django.server C:\Users\Thembinkosi\Desktop\retail_management_system\env\Lib\site-packages\django\core\servers\basehttp.py:213 log_message "GET /static/js/main.js HTTP/1.1" 404 179
WARNING 2025-09-02 22:41:53,071 django.server C:\Users\Thembinkosi\Desktop\retail_management_system\env\Lib\site-packages\django\core\servers\basehttp.py:213 log_message "GET /static/css/main.css HTTP/1.1" 404 179
INFO 2025-09-02 22:41:53,238 django.server C:\Users\Thembinkosi\Desktop\retail_management_system\env\Lib\site-packages\django\core\servers\basehttp.py:213 log_message "GET /favicon.ico HTTP/1.1" 204 0
INFO 2025-09-02 22:41:55,811 django.server C:\Users\Thembinkosi\Desktop\retail_management_system\env\Lib\site-packages\django\core\servers\basehttp.py:213 log_message "GET /inventory/product/add/ HTTP/1.1" 200 27586
WARNING 2025-09-02 22:41:55,971 django.server C:\Users\Thembinkosi\Desktop\retail_management_system\env\Lib\site-packages\django\core\servers\basehttp.py:213 log_message "GET /static/css/main.css HTTP/1.1" 404 179
WARNING 2025-09-02 22:41:55,978 django.server C:\Users\Thembinkosi\Desktop\retail_management_system\env\Lib\site-packages\django\core\servers\basehttp.py:213 log_message "GET /static/js/main.js HTTP/1.1" 404 179
INFO 2025-09-02 22:41:56,117 django.server C:\Users\Thembinkosi\Desktop\retail_management_system\env\Lib\site-packages\django\core\servers\basehttp.py:213 log_message "GET /favicon.ico HTTP/1.1" 204 0
INFO 2025-09-02 22:41:58,617 django.server C:\Users\Thembinkosi\Desktop\retail_management_system\env\Lib\site-packages\django\core\servers\basehttp.py:213 log_message "GET /favicon.ico HTTP/1.1" 204 0
INFO 2025-09-02 22:46:08,473 django.server C:\Users\Thembinkosi\Desktop\retail_management_system\env\Lib\site-packages\django\core\servers\basehttp.py:213 log_message "GET /inventory/ HTTP/1.1" 200 27998
WARNING 2025-09-02 22:46:08,610 django.server C:\Users\Thembinkosi\Desktop\retail_management_system\env\Lib\site-packages\django\core\servers\basehttp.py:213 log_message "GET /static/js/main.js HTTP/1.1" 404 179
WARNING 2025-09-02 22:46:08,614 django.server C:\Users\Thembinkosi\Desktop\retail_management_system\env\Lib\site-packages\django\core\servers\basehttp.py:213 log_message "GET /static/css/main.css HTTP/1.1" 404 179
INFO 2025-09-02 22:46:08,737 django.server C:\Users\Thembinkosi\Desktop\retail_management_system\env\Lib\site-packages\django\core\servers\basehttp.py:213 log_message "GET /favicon.ico HTTP/1.1" 204 0
INFO 2025-09-02 22:47:27,559 django.server C:\Users\Thembinkosi\Desktop\retail_management_system\env\Lib\site-packages\django\core\servers\basehttp.py:213 log_message "GET /inventory/stock/adjust/ HTTP/1.1" 200 26902
WARNING 2025-09-02 22:47:27,728 django.server C:\Users\Thembinkosi\Desktop\retail_management_system\env\Lib\site-packages\django\core\servers\basehttp.py:213 log_message "GET /static/css/main.css HTTP/1.1" 404 179
WARNING 2025-09-02 22:47:27,745 django.server C:\Users\Thembinkosi\Desktop\retail_management_system\env\Lib\site-packages\django\core\servers\basehttp.py:213 log_message "GET /static/js/main.js HTTP/1.1" 404 179
INFO 2025-09-02 22:47:27,904 django.server C:\Users\Thembinkosi\Desktop\retail_management_system\env\Lib\site-packages\django\core\servers\basehttp.py:213 log_message "GET /favicon.ico HTTP/1.1" 204 0
INFO 2025-09-02 22:48:21,550 django.server C:\Users\Thembinkosi\Desktop\retail_management_system\env\Lib\site-packages\django\core\servers\basehttp.py:213 log_message "GET /inventory/product/create/ HTTP/1.1" 200 31993
WARNING 2025-09-02 22:48:21,774 django.server C:\Users\Thembinkosi\Desktop\retail_management_system\env\Lib\site-packages\django\core\servers\basehttp.py:213 log_message "GET /static/css/main.css HTTP/1.1" 404 179
WARNING 2025-09-02 22:48:21,868 django.server C:\Users\Thembinkosi\Desktop\retail_management_system\env\Lib\site-packages\django\core\servers\basehttp.py:213 log_message "GET /static/js/main.js HTTP/1.1" 404 179
INFO 2025-09-02 22:48:22,067 django.server C:\Users\Thembinkosi\Desktop\retail_management_system\env\Lib\site-packages\django\core\servers\basehttp.py:213 log_message "GET /favicon.ico HTTP/1.1" 204 0
INFO 2025-09-02 22:48:46,375 django.server C:\Users\Thembinkosi\Desktop\retail_management_system\env\Lib\site-packages\django\core\servers\basehttp.py:213 log_message "GET /inventory/category/create/ HTTP/1.1" 200 29111
WARNING 2025-09-02 22:48:46,595 django.server C:\Users\Thembinkosi\Desktop\retail_management_system\env\Lib\site-packages\django\core\servers\basehttp.py:213 log_message "GET /static/css/main.css HTTP/1.1" 404 179
WARNING 2025-09-02 22:48:46,589 django.server C:\Users\Thembinkosi\Desktop\retail_management_system\env\Lib\site-packages\django\core\servers\basehttp.py:213 log_message "GET /static/js/main.js HTTP/1.1" 404 179
INFO 2025-09-02 22:48:46,830 django.server C:\Users\Thembinkosi\Desktop\retail_management_system\env\Lib\site-packages\django\core\servers\basehttp.py:213 log_message "GET /favicon.ico HTTP/1.1" 204 0
INFO 2025-09-02 22:49:49,004 django.server C:\Users\Thembinkosi\Desktop\retail_management_system\env\Lib\site-packages\django\core\servers\basehttp.py:213 log_message "GET /inventory/categories/ HTTP/1.1" 200 25372
WARNING 2025-09-02 22:49:49,176 django.server C:\Users\Thembinkosi\Desktop\retail_management_system\env\Lib\site-packages\django\core\servers\basehttp.py:213 log_message "GET /static/css/main.css HTTP/1.1" 404 179
WARNING 2025-09-02 22:49:49,176 django.server C:\Users\Thembinkosi\Desktop\retail_management_system\env\Lib\site-packages\django\core\servers\basehttp.py:213 log_message "GET /static/js/main.js HTTP/1.1" 404 179
INFO 2025-09-02 22:49:49,326 django.server C:\Users\Thembinkosi\Desktop\retail_management_system\env\Lib\site-packages\django\core\servers\basehttp.py:213 log_message "GET /favicon.ico HTTP/1.1" 204 0
INFO 2025-09-02 22:49:51,560 django.server C:\Users\Thembinkosi\Desktop\retail_management_system\env\Lib\site-packages\django\core\servers\basehttp.py:213 log_message "GET /favicon.ico HTTP/1.1" 204 0
INFO 2025-09-02 22:49:57,206 django.server C:\Users\Thembinkosi\Desktop\retail_management_system\env\Lib\site-packages\django\core\servers\basehttp.py:213 log_message "GET /inventory/brand/create/ HTTP/1.1" 200 28723
WARNING 2025-09-02 22:49:57,360 django.server C:\Users\Thembinkosi\Desktop\retail_management_system\env\Lib\site-packages\django\core\servers\basehttp.py:213 log_message "GET /static/css/main.css HTTP/1.1" 404 179
WARNING 2025-09-02 22:49:57,404 django.server C:\Users\Thembinkosi\Desktop\retail_management_system\env\Lib\site-packages\django\core\servers\basehttp.py:213 log_message "GET /static/js/main.js HTTP/1.1" 404 179
INFO 2025-09-02 22:49:57,508 django.server C:\Users\Thembinkosi\Desktop\retail_management_system\env\Lib\site-packages\django\core\servers\basehttp.py:213 log_message "GET /favicon.ico HTTP/1.1" 204 0
INFO 2025-09-02 22:53:39,807 django.server C:\Users\Thembinkosi\Desktop\retail_management_system\env\Lib\site-packages\django\core\servers\basehttp.py:213 log_message "POST /inventory/brand/create/ HTTP/1.1" 302 0
INFO 2025-09-02 22:53:39,935 django.server C:\Users\Thembinkosi\Desktop\retail_management_system\env\Lib\site-packages\django\core\servers\basehttp.py:213 log_message "GET /inventory/brands/ HTTP/1.1" 200 25748
WARNING 2025-09-02 22:53:40,140 django.server C:\Users\Thembinkosi\Desktop\retail_management_system\env\Lib\site-packages\django\core\servers\basehttp.py:213 log_message "GET /static/css/main.css HTTP/1.1" 404 179
WARNING 2025-09-02 22:53:40,144 django.server C:\Users\Thembinkosi\Desktop\retail_management_system\env\Lib\site-packages\django\core\servers\basehttp.py:213 log_message "GET /static/js/main.js HTTP/1.1" 404 179
INFO 2025-09-02 22:53:40,327 django.server C:\Users\Thembinkosi\Desktop\retail_management_system\env\Lib\site-packages\django\core\servers\basehttp.py:213 log_message "GET /favicon.ico HTTP/1.1" 204 0
INFO 2025-09-02 22:53:47,912 django.server C:\Users\Thembinkosi\Desktop\retail_management_system\env\Lib\site-packages\django\core\servers\basehttp.py:213 log_message "GET /inventory/brand/create/ HTTP/1.1" 200 28723
WARNING 2025-09-02 22:53:48,079 django.server C:\Users\Thembinkosi\Desktop\retail_management_system\env\Lib\site-packages\django\core\servers\basehttp.py:213 log_message "GET /static/js/main.js HTTP/1.1" 404 179
WARNING 2025-09-02 22:53:48,082 django.server C:\Users\Thembinkosi\Desktop\retail_management_system\env\Lib\site-packages\django\core\servers\basehttp.py:213 log_message "GET /static/css/main.css HTTP/1.1" 404 179
INFO 2025-09-02 22:53:48,238 django.server C:\Users\Thembinkosi\Desktop\retail_management_system\env\Lib\site-packages\django\core\servers\basehttp.py:213 log_message "GET /favicon.ico HTTP/1.1" 204 0
INFO 2025-09-02 22:54:32,121 django.server C:\Users\Thembinkosi\Desktop\retail_management_system\env\Lib\site-packages\django\core\servers\basehttp.py:213 log_message "POST /inventory/brand/create/ HTTP/1.1" 302 0
INFO 2025-09-02 22:54:32,306 django.server C:\Users\Thembinkosi\Desktop\retail_management_system\env\Lib\site-packages\django\core\servers\basehttp.py:213 log_message "GET /inventory/brands/ HTTP/1.1" 200 25798
WARNING 2025-09-02 22:54:32,591 django.server C:\Users\Thembinkosi\Desktop\retail_management_system\env\Lib\site-packages\django\core\servers\basehttp.py:213 log_message "GET /static/css/main.css HTTP/1.1" 404 179
WARNING 2025-09-02 22:54:32,673 django.server C:\Users\Thembinkosi\Desktop\retail_management_system\env\Lib\site-packages\django\core\servers\basehttp.py:213 log_message "GET /static/js/main.js HTTP/1.1" 404 179
INFO 2025-09-02 22:54:32,803 django.server C:\Users\Thembinkosi\Desktop\retail_management_system\env\Lib\site-packages\django\core\servers\basehttp.py:213 log_message "GET /favicon.ico HTTP/1.1" 204 0
INFO 2025-09-02 22:54:57,465 django.server C:\Users\Thembinkosi\Desktop\retail_management_system\env\Lib\site-packages\django\core\servers\basehttp.py:213 log_message "GET /inventory/brand/create/ HTTP/1.1" 200 28723
WARNING 2025-09-02 22:54:57,615 django.server C:\Users\Thembinkosi\Desktop\retail_management_system\env\Lib\site-packages\django\core\servers\basehttp.py:213 log_message "GET /static/css/main.css HTTP/1.1" 404 179
WARNING 2025-09-02 22:54:57,639 django.server C:\Users\Thembinkosi\Desktop\retail_management_system\env\Lib\site-packages\django\core\servers\basehttp.py:213 log_message "GET /static/js/main.js HTTP/1.1" 404 179
INFO 2025-09-02 22:54:57,761 django.server C:\Users\Thembinkosi\Desktop\retail_management_system\env\Lib\site-packages\django\core\servers\basehttp.py:213 log_message "GET /favicon.ico HTTP/1.1" 204 0
INFO 2025-09-02 22:55:26,477 django.server C:\Users\Thembinkosi\Desktop\retail_management_system\env\Lib\site-packages\django\core\servers\basehttp.py:213 log_message "POST /inventory/brand/create/ HTTP/1.1" 302 0
INFO 2025-09-02 22:55:26,585 django.server C:\Users\Thembinkosi\Desktop\retail_management_system\env\Lib\site-packages\django\core\servers\basehttp.py:213 log_message "GET /inventory/brands/ HTTP/1.1" 200 25837
WARNING 2025-09-02 22:55:26,741 django.server C:\Users\Thembinkosi\Desktop\retail_management_system\env\Lib\site-packages\django\core\servers\basehttp.py:213 log_message "GET /static/css/main.css HTTP/1.1" 404 179
WARNING 2025-09-02 22:55:26,752 django.server C:\Users\Thembinkosi\Desktop\retail_management_system\env\Lib\site-packages\django\core\servers\basehttp.py:213 log_message "GET /static/js/main.js HTTP/1.1" 404 179
INFO 2025-09-02 22:55:26,936 django.server C:\Users\Thembinkosi\Desktop\retail_management_system\env\Lib\site-packages\django\core\servers\basehttp.py:213 log_message "GET /favicon.ico HTTP/1.1" 204 0
INFO 2025-09-02 22:55:51,234 django.server C:\Users\Thembinkosi\Desktop\retail_management_system\env\Lib\site-packages\django\core\servers\basehttp.py:213 log_message "GET /inventory/brand/create/ HTTP/1.1" 200 28723
WARNING 2025-09-02 22:55:51,493 django.server C:\Users\Thembinkosi\Desktop\retail_management_system\env\Lib\site-packages\django\core\servers\basehttp.py:213 log_message "GET /static/js/main.js HTTP/1.1" 404 179
WARNING 2025-09-02 22:55:51,500 django.server C:\Users\Thembinkosi\Desktop\retail_management_system\env\Lib\site-packages\django\core\servers\basehttp.py:213 log_message "GET /static/css/main.css HTTP/1.1" 404 179
INFO 2025-09-02 22:55:51,695 django.server C:\Users\Thembinkosi\Desktop\retail_management_system\env\Lib\site-packages\django\core\servers\basehttp.py:213 log_message "GET /favicon.ico HTTP/1.1" 204 0
INFO 2025-09-02 22:56:46,897 django.server C:\Users\Thembinkosi\Desktop\retail_management_system\env\Lib\site-packages\django\core\servers\basehttp.py:213 log_message "POST /inventory/brand/create/ HTTP/1.1" 302 0
INFO 2025-09-02 22:56:47,062 django.server C:\Users\Thembinkosi\Desktop\retail_management_system\env\Lib\site-packages\django\core\servers\basehttp.py:213 log_message "GET /inventory/brands/ HTTP/1.1" 200 25876
WARNING 2025-09-02 22:56:47,231 django.server C:\Users\Thembinkosi\Desktop\retail_management_system\env\Lib\site-packages\django\core\servers\basehttp.py:213 log_message "GET /static/css/main.css HTTP/1.1" 404 179
WARNING 2025-09-02 22:56:47,254 django.server C:\Users\Thembinkosi\Desktop\retail_management_system\env\Lib\site-packages\django\core\servers\basehttp.py:213 log_message "GET /static/js/main.js HTTP/1.1" 404 179
INFO 2025-09-02 22:56:47,405 django.server C:\Users\Thembinkosi\Desktop\retail_management_system\env\Lib\site-packages\django\core\servers\basehttp.py:213 log_message "GET /favicon.ico HTTP/1.1" 204 0
INFO 2025-09-02 22:56:56,983 django.server C:\Users\Thembinkosi\Desktop\retail_management_system\env\Lib\site-packages\django\core\servers\basehttp.py:213 log_message "GET /inventory/brand/create/ HTTP/1.1" 200 28723
WARNING 2025-09-02 22:56:57,191 django.server C:\Users\Thembinkosi\Desktop\retail_management_system\env\Lib\site-packages\django\core\servers\basehttp.py:213 log_message "GET /static/css/main.css HTTP/1.1" 404 179
WARNING 2025-09-02 22:56:57,194 django.server C:\Users\Thembinkosi\Desktop\retail_management_system\env\Lib\site-packages\django\core\servers\basehttp.py:213 log_message "GET /static/js/main.js HTTP/1.1" 404 179
INFO 2025-09-02 22:56:57,428 django.server C:\Users\Thembinkosi\Desktop\retail_management_system\env\Lib\site-packages\django\core\servers\basehttp.py:213 log_message "GET /favicon.ico HTTP/1.1" 204 0
INFO 2025-09-02 22:57:30,527 django.server C:\Users\Thembinkosi\Desktop\retail_management_system\env\Lib\site-packages\django\core\servers\basehttp.py:213 log_message "POST /inventory/brand/create/ HTTP/1.1" 302 0
INFO 2025-09-02 22:57:30,676 django.server C:\Users\Thembinkosi\Desktop\retail_management_system\env\Lib\site-packages\django\core\servers\basehttp.py:213 log_message "GET /inventory/brands/ HTTP/1.1" 200 25922
WARNING 2025-09-02 22:57:30,870 django.server C:\Users\Thembinkosi\Desktop\retail_management_system\env\Lib\site-packages\django\core\servers\basehttp.py:213 log_message "GET /static/css/main.css HTTP/1.1" 404 179
WARNING 2025-09-02 22:57:30,874 django.server C:\Users\Thembinkosi\Desktop\retail_management_system\env\Lib\site-packages\django\core\servers\basehttp.py:213 log_message "GET /static/js/main.js HTTP/1.1" 404 179
INFO 2025-09-02 22:57:30,999 django.server C:\Users\Thembinkosi\Desktop\retail_management_system\env\Lib\site-packages\django\core\servers\basehttp.py:213 log_message "GET /favicon.ico HTTP/1.1" 204 0
INFO 2025-09-02 22:57:36,541 django.server C:\Users\Thembinkosi\Desktop\retail_management_system\env\Lib\site-packages\django\core\servers\basehttp.py:213 log_message "GET /inventory/brand/create/ HTTP/1.1" 200 28723
WARNING 2025-09-02 22:57:36,710 django.server C:\Users\Thembinkosi\Desktop\retail_management_system\env\Lib\site-packages\django\core\servers\basehttp.py:213 log_message "GET /static/js/main.js HTTP/1.1" 404 179
WARNING 2025-09-02 22:57:36,715 django.server C:\Users\Thembinkosi\Desktop\retail_management_system\env\Lib\site-packages\django\core\servers\basehttp.py:213 log_message "GET /static/css/main.css HTTP/1.1" 404 179
INFO 2025-09-02 22:57:36,860 django.server C:\Users\Thembinkosi\Desktop\retail_management_system\env\Lib\site-packages\django\core\servers\basehttp.py:213 log_message "GET /favicon.ico HTTP/1.1" 204 0
INFO 2025-09-02 22:59:10,692 django.server C:\Users\Thembinkosi\Desktop\retail_management_system\env\Lib\site-packages\django\core\servers\basehttp.py:213 log_message "POST /inventory/brand/create/ HTTP/1.1" 302 0
INFO 2025-09-02 22:59:10,922 django.server C:\Users\Thembinkosi\Desktop\retail_management_system\env\Lib\site-packages\django\core\servers\basehttp.py:213 log_message "GET /inventory/brands/ HTTP/1.1" 200 25965
WARNING 2025-09-02 22:59:11,119 django.server C:\Users\Thembinkosi\Desktop\retail_management_system\env\Lib\site-packages\django\core\servers\basehttp.py:213 log_message "GET /static/js/main.js HTTP/1.1" 404 179
WARNING 2025-09-02 22:59:11,126 django.server C:\Users\Thembinkosi\Desktop\retail_management_system\env\Lib\site-packages\django\core\servers\basehttp.py:213 log_message "GET /static/css/main.css HTTP/1.1" 404 179
INFO 2025-09-02 22:59:11,279 django.server C:\Users\Thembinkosi\Desktop\retail_management_system\env\Lib\site-packages\django\core\servers\basehttp.py:213 log_message "GET /favicon.ico HTTP/1.1" 204 0
INFO 2025-09-02 22:59:31,799 django.server C:\Users\Thembinkosi\Desktop\retail_management_system\env\Lib\site-packages\django\core\servers\basehttp.py:213 log_message "GET /inventory/brand/create/ HTTP/1.1" 200 28723
WARNING 2025-09-02 22:59:31,974 django.server C:\Users\Thembinkosi\Desktop\retail_management_system\env\Lib\site-packages\django\core\servers\basehttp.py:213 log_message "GET /static/css/main.css HTTP/1.1" 404 179
WARNING 2025-09-02 22:59:32,006 django.server C:\Users\Thembinkosi\Desktop\retail_management_system\env\Lib\site-packages\django\core\servers\basehttp.py:213 log_message "GET /static/js/main.js HTTP/1.1" 404 179
INFO 2025-09-02 22:59:32,147 django.server C:\Users\Thembinkosi\Desktop\retail_management_system\env\Lib\site-packages\django\core\servers\basehttp.py:213 log_message "GET /favicon.ico HTTP/1.1" 204 0
INFO 2025-09-02 23:00:49,844 django.server C:\Users\Thembinkosi\Desktop\retail_management_system\env\Lib\site-packages\django\core\servers\basehttp.py:213 log_message "POST /inventory/brand/create/ HTTP/1.1" 302 0
INFO 2025-09-02 23:00:49,931 django.server C:\Users\Thembinkosi\Desktop\retail_management_system\env\Lib\site-packages\django\core\servers\basehttp.py:213 log_message "GET /inventory/brands/ HTTP/1.1" 200 26013
WARNING 2025-09-02 23:00:50,115 django.server C:\Users\Thembinkosi\Desktop\retail_management_system\env\Lib\site-packages\django\core\servers\basehttp.py:213 log_message "GET /static/css/main.css HTTP/1.1" 404 179
WARNING 2025-09-02 23:00:50,140 django.server C:\Users\Thembinkosi\Desktop\retail_management_system\env\Lib\site-packages\django\core\servers\basehttp.py:213 log_message "GET /static/js/main.js HTTP/1.1" 404 179
INFO 2025-09-02 23:00:50,279 django.server C:\Users\Thembinkosi\Desktop\retail_management_system\env\Lib\site-packages\django\core\servers\basehttp.py:213 log_message "GET /favicon.ico HTTP/1.1" 204 0
INFO 2025-09-02 23:01:11,180 django.server C:\Users\Thembinkosi\Desktop\retail_management_system\env\Lib\site-packages\django\core\servers\basehttp.py:213 log_message "GET /inventory/brand/create/ HTTP/1.1" 200 28723
WARNING 2025-09-02 23:01:11,351 django.server C:\Users\Thembinkosi\Desktop\retail_management_system\env\Lib\site-packages\django\core\servers\basehttp.py:213 log_message "GET /static/js/main.js HTTP/1.1" 404 179
WARNING 2025-09-02 23:01:11,378 django.server C:\Users\Thembinkosi\Desktop\retail_management_system\env\Lib\site-packages\django\core\servers\basehttp.py:213 log_message "GET /static/css/main.css HTTP/1.1" 404 179
INFO 2025-09-02 23:01:11,506 django.server C:\Users\Thembinkosi\Desktop\retail_management_system\env\Lib\site-packages\django\core\servers\basehttp.py:213 log_message "GET /favicon.ico HTTP/1.1" 204 0
INFO 2025-09-02 23:01:59,430 django.server C:\Users\Thembinkosi\Desktop\retail_management_system\env\Lib\site-packages\django\core\servers\basehttp.py:213 log_message "POST /inventory/brand/create/ HTTP/1.1" 302 0
INFO 2025-09-02 23:01:59,626 django.server C:\Users\Thembinkosi\Desktop\retail_management_system\env\Lib\site-packages\django\core\servers\basehttp.py:213 log_message "GET /inventory/brands/ HTTP/1.1" 200 26050
WARNING 2025-09-02 23:01:59,817 django.server C:\Users\Thembinkosi\Desktop\retail_management_system\env\Lib\site-packages\django\core\servers\basehttp.py:213 log_message "GET /static/js/main.js HTTP/1.1" 404 179
WARNING 2025-09-02 23:01:59,822 django.server C:\Users\Thembinkosi\Desktop\retail_management_system\env\Lib\site-packages\django\core\servers\basehttp.py:213 log_message "GET /static/css/main.css HTTP/1.1" 404 179
INFO 2025-09-02 23:01:59,975 django.server C:\Users\Thembinkosi\Desktop\retail_management_system\env\Lib\site-packages\django\core\servers\basehttp.py:213 log_message "GET /favicon.ico HTTP/1.1" 204 0
INFO 2025-09-02 23:02:16,069 django.server C:\Users\Thembinkosi\Desktop\retail_management_system\env\Lib\site-packages\django\core\servers\basehttp.py:213 log_message "GET /inventory/brand/create/ HTTP/1.1" 200 28723
WARNING 2025-09-02 23:02:16,250 django.server C:\Users\Thembinkosi\Desktop\retail_management_system\env\Lib\site-packages\django\core\servers\basehttp.py:213 log_message "GET /static/js/main.js HTTP/1.1" 404 179
WARNING 2025-09-02 23:02:16,252 django.server C:\Users\Thembinkosi\Desktop\retail_management_system\env\Lib\site-packages\django\core\servers\basehttp.py:213 log_message "GET /static/css/main.css HTTP/1.1" 404 179
INFO 2025-09-02 23:02:16,417 django.server C:\Users\Thembinkosi\Desktop\retail_management_system\env\Lib\site-packages\django\core\servers\basehttp.py:213 log_message "GET /favicon.ico HTTP/1.1" 204 0
INFO 2025-09-02 23:02:40,749 django.server C:\Users\Thembinkosi\Desktop\retail_management_system\env\Lib\site-packages\django\core\servers\basehttp.py:213 log_message "POST /inventory/brand/create/ HTTP/1.1" 302 0
INFO 2025-09-02 23:02:40,936 django.server C:\Users\Thembinkosi\Desktop\retail_management_system\env\Lib\site-packages\django\core\servers\basehttp.py:213 log_message "GET /inventory/brands/ HTTP/1.1" 200 26094
WARNING 2025-09-02 23:02:41,139 django.server C:\Users\Thembinkosi\Desktop\retail_management_system\env\Lib\site-packages\django\core\servers\basehttp.py:213 log_message "GET /static/js/main.js HTTP/1.1" 404 179
WARNING 2025-09-02 23:02:41,147 django.server C:\Users\Thembinkosi\Desktop\retail_management_system\env\Lib\site-packages\django\core\servers\basehttp.py:213 log_message "GET /static/css/main.css HTTP/1.1" 404 179
INFO 2025-09-02 23:02:41,318 django.server C:\Users\Thembinkosi\Desktop\retail_management_system\env\Lib\site-packages\django\core\servers\basehttp.py:213 log_message "GET /favicon.ico HTTP/1.1" 204 0
INFO 2025-09-02 23:02:53,809 django.server C:\Users\Thembinkosi\Desktop\retail_management_system\env\Lib\site-packages\django\core\servers\basehttp.py:213 log_message "GET /inventory/brand/create/ HTTP/1.1" 200 28723
WARNING 2025-09-02 23:02:53,993 django.server C:\Users\Thembinkosi\Desktop\retail_management_system\env\Lib\site-packages\django\core\servers\basehttp.py:213 log_message "GET /static/css/main.css HTTP/1.1" 404 179
WARNING 2025-09-02 23:02:54,036 django.server C:\Users\Thembinkosi\Desktop\retail_management_system\env\Lib\site-packages\django\core\servers\basehttp.py:213 log_message "GET /static/js/main.js HTTP/1.1" 404 179
INFO 2025-09-02 23:02:54,169 django.server C:\Users\Thembinkosi\Desktop\retail_management_system\env\Lib\site-packages\django\core\servers\basehttp.py:213 log_message "GET /favicon.ico HTTP/1.1" 204 0
INFO 2025-09-02 23:03:30,169 django.server C:\Users\Thembinkosi\Desktop\retail_management_system\env\Lib\site-packages\django\core\servers\basehttp.py:213 log_message "POST /inventory/brand/create/ HTTP/1.1" 302 0
INFO 2025-09-02 23:03:30,275 django.server C:\Users\Thembinkosi\Desktop\retail_management_system\env\Lib\site-packages\django\core\servers\basehttp.py:213 log_message "GET /inventory/brands/ HTTP/1.1" 200 26133
WARNING 2025-09-02 23:03:30,443 django.server C:\Users\Thembinkosi\Desktop\retail_management_system\env\Lib\site-packages\django\core\servers\basehttp.py:213 log_message "GET /static/css/main.css HTTP/1.1" 404 179
WARNING 2025-09-02 23:03:30,449 django.server C:\Users\Thembinkosi\Desktop\retail_management_system\env\Lib\site-packages\django\core\servers\basehttp.py:213 log_message "GET /static/js/main.js HTTP/1.1" 404 179
INFO 2025-09-02 23:03:30,579 django.server C:\Users\Thembinkosi\Desktop\retail_management_system\env\Lib\site-packages\django\core\servers\basehttp.py:213 log_message "GET /favicon.ico HTTP/1.1" 204 0
INFO 2025-09-02 23:08:16,992 django.server C:\Users\Thembinkosi\Desktop\retail_management_system\env\Lib\site-packages\django\core\servers\basehttp.py:213 log_message "GET /inventory/category/create/ HTTP/1.1" 200 29111
WARNING 2025-09-02 23:08:17,157 django.server C:\Users\Thembinkosi\Desktop\retail_management_system\env\Lib\site-packages\django\core\servers\basehttp.py:213 log_message "GET /static/css/main.css HTTP/1.1" 404 179
WARNING 2025-09-02 23:08:17,165 django.server C:\Users\Thembinkosi\Desktop\retail_management_system\env\Lib\site-packages\django\core\servers\basehttp.py:213 log_message "GET /static/js/main.js HTTP/1.1" 404 179
INFO 2025-09-02 23:08:17,343 django.server C:\Users\Thembinkosi\Desktop\retail_management_system\env\Lib\site-packages\django\core\servers\basehttp.py:213 log_message "GET /favicon.ico HTTP/1.1" 204 0
INFO 2025-09-02 23:10:39,236 django.utils.autoreload C:\Users\Thembinkosi\Desktop\retail_management_system\env\Lib\site-packages\django\utils\autoreload.py:265 trigger_reload C:\Users\Thembinkosi\Desktop\retail_management_system\inventory\models.py changed, reloading.
INFO 2025-09-02 23:10:39,516 django.utils.autoreload C:\Users\Thembinkosi\Desktop\retail_management_system\env\Lib\site-packages\django\utils\autoreload.py:265 trigger_reload C:\Users\Thembinkosi\Desktop\retail_management_system\inventory\models.py changed, reloading.
INFO 2025-09-02 23:10:39,838 django.utils.autoreload C:\Users\Thembinkosi\Desktop\retail_management_system\env\Lib\site-packages\django\utils\autoreload.py:265 trigger_reload C:\Users\Thembinkosi\Desktop\retail_management_system\inventory\models.py changed, reloading.
INFO 2025-09-02 23:10:40,129 django.utils.autoreload C:\Users\Thembinkosi\Desktop\retail_management_system\env\Lib\site-packages\django\utils\autoreload.py:265 trigger_reload C:\Users\Thembinkosi\Desktop\retail_management_system\inventory\models.py changed, reloading.
INFO 2025-09-02 23:10:44,772 django.utils.autoreload C:\Users\Thembinkosi\Desktop\retail_management_system\env\Lib\site-packages\django\utils\autoreload.py:667 run_with_reloader Watching for file changes with StatReloader
INFO 2025-09-02 23:10:44,966 django.utils.autoreload C:\Users\Thembinkosi\Desktop\retail_management_system\env\Lib\site-packages\django\utils\autoreload.py:667 run_with_reloader Watching for file changes with StatReloader
INFO 2025-09-02 23:10:45,334 django.utils.autoreload C:\Users\Thembinkosi\Desktop\retail_management_system\env\Lib\site-packages\django\utils\autoreload.py:667 run_with_reloader Watching for file changes with StatReloader
INFO 2025-09-02 23:10:46,394 django.utils.autoreload C:\Users\Thembinkosi\Desktop\retail_management_system\env\Lib\site-packages\django\utils\autoreload.py:667 run_with_reloader Watching for file changes with StatReloader
INFO 2025-09-02 23:10:49,176 django.server C:\Users\Thembinkosi\Desktop\retail_management_system\env\Lib\site-packages\django\core\servers\basehttp.py:213 log_message "GET /inventory/category/create/ HTTP/1.1" 200 29111
WARNING 2025-09-02 23:10:49,862 django.server C:\Users\Thembinkosi\Desktop\retail_management_system\env\Lib\site-packages\django\core\servers\basehttp.py:213 log_message "GET /static/js/main.js HTTP/1.1" 404 179
WARNING 2025-09-02 23:10:50,016 django.server C:\Users\Thembinkosi\Desktop\retail_management_system\env\Lib\site-packages\django\core\servers\basehttp.py:213 log_message "GET /static/css/main.css HTTP/1.1" 404 179
INFO 2025-09-02 23:10:50,222 django.server C:\Users\Thembinkosi\Desktop\retail_management_system\env\Lib\site-packages\django\core\servers\basehttp.py:213 log_message "GET /favicon.ico HTTP/1.1" 204 0
INFO 2025-09-02 23:14:28,916 django.utils.autoreload C:\Users\Thembinkosi\Desktop\retail_management_system\env\Lib\site-packages\django\utils\autoreload.py:265 trigger_reload C:\Users\Thembinkosi\Desktop\retail_management_system\e_commerce\models.py changed, reloading.
INFO 2025-09-02 23:14:28,917 django.utils.autoreload C:\Users\Thembinkosi\Desktop\retail_management_system\env\Lib\site-packages\django\utils\autoreload.py:265 trigger_reload C:\Users\Thembinkosi\Desktop\retail_management_system\e_commerce\models.py changed, reloading.
INFO 2025-09-02 23:14:30,102 django.utils.autoreload C:\Users\Thembinkosi\Desktop\retail_management_system\env\Lib\site-packages\django\utils\autoreload.py:265 trigger_reload C:\Users\Thembinkosi\Desktop\retail_management_system\e_commerce\models.py changed, reloading.
INFO 2025-09-02 23:14:30,149 django.utils.autoreload C:\Users\Thembinkosi\Desktop\retail_management_system\env\Lib\site-packages\django\utils\autoreload.py:265 trigger_reload C:\Users\Thembinkosi\Desktop\retail_management_system\e_commerce\models.py changed, reloading.
INFO 2025-09-02 23:14:33,792 django.utils.autoreload C:\Users\Thembinkosi\Desktop\retail_management_system\env\Lib\site-packages\django\utils\autoreload.py:667 run_with_reloader Watching for file changes with StatReloader
INFO 2025-09-02 23:14:34,159 django.utils.autoreload C:\Users\Thembinkosi\Desktop\retail_management_system\env\Lib\site-packages\django\utils\autoreload.py:667 run_with_reloader Watching for file changes with StatReloader
INFO 2025-09-02 23:14:34,351 django.utils.autoreload C:\Users\Thembinkosi\Desktop\retail_management_system\env\Lib\site-packages\django\utils\autoreload.py:667 run_with_reloader Watching for file changes with StatReloader
INFO 2025-09-02 23:14:35,025 django.utils.autoreload C:\Users\Thembinkosi\Desktop\retail_management_system\env\Lib\site-packages\django\utils\autoreload.py:667 run_with_reloader Watching for file changes with StatReloader
INFO 2025-09-02 23:14:43,144 django.utils.autoreload C:\Users\Thembinkosi\Desktop\retail_management_system\env\Lib\site-packages\django\utils\autoreload.py:265 trigger_reload C:\Users\Thembinkosi\Desktop\retail_management_system\e_commerce\models.py changed, reloading.
INFO 2025-09-02 23:14:43,902 django.utils.autoreload C:\Users\Thembinkosi\Desktop\retail_management_system\env\Lib\site-packages\django\utils\autoreload.py:265 trigger_reload C:\Users\Thembinkosi\Desktop\retail_management_system\e_commerce\models.py changed, reloading.
INFO 2025-09-02 23:14:44,162 django.utils.autoreload C:\Users\Thembinkosi\Desktop\retail_management_system\env\Lib\site-packages\django\utils\autoreload.py:265 trigger_reload C:\Users\Thembinkosi\Desktop\retail_management_system\e_commerce\models.py changed, reloading.
INFO 2025-09-02 23:14:44,230 django.utils.autoreload C:\Users\Thembinkosi\Desktop\retail_management_system\env\Lib\site-packages\django\utils\autoreload.py:265 trigger_reload C:\Users\Thembinkosi\Desktop\retail_management_system\e_commerce\models.py changed, reloading.
INFO 2025-09-02 23:14:46,582 django.utils.autoreload C:\Users\Thembinkosi\Desktop\retail_management_system\env\Lib\site-packages\django\utils\autoreload.py:667 run_with_reloader Watching for file changes with StatReloader
INFO 2025-09-02 23:14:47,353 django.utils.autoreload C:\Users\Thembinkosi\Desktop\retail_management_system\env\Lib\site-packages\django\utils\autoreload.py:667 run_with_reloader Watching for file changes with StatReloader
INFO 2025-09-02 23:14:47,485 django.utils.autoreload C:\Users\Thembinkosi\Desktop\retail_management_system\env\Lib\site-packages\django\utils\autoreload.py:667 run_with_reloader Watching for file changes with StatReloader
INFO 2025-09-02 23:14:47,664 django.utils.autoreload C:\Users\Thembinkosi\Desktop\retail_management_system\env\Lib\site-packages\django\utils\autoreload.py:667 run_with_reloader Watching for file changes with StatReloader
INFO 2025-09-02 23:15:57,708 django.utils.autoreload C:\Users\Thembinkosi\Desktop\retail_management_system\env\Lib\site-packages\django\utils\autoreload.py:265 trigger_reload C:\Users\Thembinkosi\Desktop\retail_management_system\e_commerce\models.py changed, reloading.
INFO 2025-09-02 23:15:58,047 django.utils.autoreload C:\Users\Thembinkosi\Desktop\retail_management_system\env\Lib\site-packages\django\utils\autoreload.py:265 trigger_reload C:\Users\Thembinkosi\Desktop\retail_management_system\e_commerce\models.py changed, reloading.
INFO 2025-09-02 23:15:59,257 django.utils.autoreload C:\Users\Thembinkosi\Desktop\retail_management_system\env\Lib\site-packages\django\utils\autoreload.py:265 trigger_reload C:\Users\Thembinkosi\Desktop\retail_management_system\e_commerce\models.py changed, reloading.
INFO 2025-09-02 23:15:59,310 django.utils.autoreload C:\Users\Thembinkosi\Desktop\retail_management_system\env\Lib\site-packages\django\utils\autoreload.py:265 trigger_reload C:\Users\Thembinkosi\Desktop\retail_management_system\e_commerce\models.py changed, reloading.
INFO 2025-09-02 23:16:02,465 django.utils.autoreload C:\Users\Thembinkosi\Desktop\retail_management_system\env\Lib\site-packages\django\utils\autoreload.py:667 run_with_reloader Watching for file changes with StatReloader
INFO 2025-09-02 23:16:02,564 django.utils.autoreload C:\Users\Thembinkosi\Desktop\retail_management_system\env\Lib\site-packages\django\utils\autoreload.py:667 run_with_reloader Watching for file changes with StatReloader
INFO 2025-09-02 23:16:03,230 django.utils.autoreload C:\Users\Thembinkosi\Desktop\retail_management_system\env\Lib\site-packages\django\utils\autoreload.py:667 run_with_reloader Watching for file changes with StatReloader
INFO 2025-09-02 23:16:03,300 django.utils.autoreload C:\Users\Thembinkosi\Desktop\retail_management_system\env\Lib\site-packages\django\utils\autoreload.py:667 run_with_reloader Watching for file changes with StatReloader
INFO 2025-09-02 23:16:24,792 django.utils.autoreload C:\Users\Thembinkosi\Desktop\retail_management_system\env\Lib\site-packages\django\utils\autoreload.py:265 trigger_reload C:\Users\Thembinkosi\Desktop\retail_management_system\e_commerce\models.py changed, reloading.
INFO 2025-09-02 23:16:24,853 django.utils.autoreload C:\Users\Thembinkosi\Desktop\retail_management_system\env\Lib\site-packages\django\utils\autoreload.py:265 trigger_reload C:\Users\Thembinkosi\Desktop\retail_management_system\e_commerce\models.py changed, reloading.
INFO 2025-09-02 23:16:25,039 django.utils.autoreload C:\Users\Thembinkosi\Desktop\retail_management_system\env\Lib\site-packages\django\utils\autoreload.py:265 trigger_reload C:\Users\Thembinkosi\Desktop\retail_management_system\e_commerce\models.py changed, reloading.
INFO 2025-09-02 23:16:26,019 django.utils.autoreload C:\Users\Thembinkosi\Desktop\retail_management_system\env\Lib\site-packages\django\utils\autoreload.py:265 trigger_reload C:\Users\Thembinkosi\Desktop\retail_management_system\e_commerce\models.py changed, reloading.
INFO 2025-09-02 23:16:29,469 django.utils.autoreload C:\Users\Thembinkosi\Desktop\retail_management_system\env\Lib\site-packages\django\utils\autoreload.py:667 run_with_reloader Watching for file changes with StatReloader
INFO 2025-09-02 23:16:29,490 django.utils.autoreload C:\Users\Thembinkosi\Desktop\retail_management_system\env\Lib\site-packages\django\utils\autoreload.py:667 run_with_reloader Watching for file changes with StatReloader
INFO 2025-09-02 23:16:29,773 django.utils.autoreload C:\Users\Thembinkosi\Desktop\retail_management_system\env\Lib\site-packages\django\utils\autoreload.py:667 run_with_reloader Watching for file changes with StatReloader
INFO 2025-09-02 23:16:30,489 django.utils.autoreload C:\Users\Thembinkosi\Desktop\retail_management_system\env\Lib\site-packages\django\utils\autoreload.py:667 run_with_reloader Watching for file changes with StatReloader
INFO 2025-09-02 23:17:32,689 django.utils.autoreload C:\Users\Thembinkosi\Desktop\retail_management_system\env\Lib\site-packages\django\utils\autoreload.py:265 trigger_reload C:\Users\Thembinkosi\Desktop\retail_management_system\procurement\models.py changed, reloading.
INFO 2025-09-02 23:17:32,809 django.utils.autoreload C:\Users\Thembinkosi\Desktop\retail_management_system\env\Lib\site-packages\django\utils\autoreload.py:265 trigger_reload C:\Users\Thembinkosi\Desktop\retail_management_system\procurement\models.py changed, reloading.
INFO 2025-09-02 23:17:32,860 django.utils.autoreload C:\Users\Thembinkosi\Desktop\retail_management_system\env\Lib\site-packages\django\utils\autoreload.py:265 trigger_reload C:\Users\Thembinkosi\Desktop\retail_management_system\procurement\models.py changed, reloading.
INFO 2025-09-02 23:17:32,891 django.utils.autoreload C:\Users\Thembinkosi\Desktop\retail_management_system\env\Lib\site-packages\django\utils\autoreload.py:265 trigger_reload C:\Users\Thembinkosi\Desktop\retail_management_system\procurement\models.py changed, reloading.
INFO 2025-09-02 23:17:37,054 django.utils.autoreload C:\Users\Thembinkosi\Desktop\retail_management_system\env\Lib\site-packages\django\utils\autoreload.py:667 run_with_reloader Watching for file changes with StatReloader
INFO 2025-09-02 23:17:37,341 django.utils.autoreload C:\Users\Thembinkosi\Desktop\retail_management_system\env\Lib\site-packages\django\utils\autoreload.py:667 run_with_reloader Watching for file changes with StatReloader
INFO 2025-09-02 23:17:38,142 django.utils.autoreload C:\Users\Thembinkosi\Desktop\retail_management_system\env\Lib\site-packages\django\utils\autoreload.py:667 run_with_reloader Watching for file changes with StatReloader
INFO 2025-09-02 23:22:37,032 django.server C:\Users\Thembinkosi\Desktop\retail_management_system\env\Lib\site-packages\django\core\servers\basehttp.py:213 log_message "GET /inventory/category/create/ HTTP/1.1" 200 29111
WARNING 2025-09-02 23:22:37,205 django.server C:\Users\Thembinkosi\Desktop\retail_management_system\env\Lib\site-packages\django\core\servers\basehttp.py:213 log_message "GET /static/js/main.js HTTP/1.1" 404 179
WARNING 2025-09-02 23:22:37,206 django.server C:\Users\Thembinkosi\Desktop\retail_management_system\env\Lib\site-packages\django\core\servers\basehttp.py:213 log_message "GET /static/css/main.css HTTP/1.1" 404 179
INFO 2025-09-02 23:22:37,357 django.server C:\Users\Thembinkosi\Desktop\retail_management_system\env\Lib\site-packages\django\core\servers\basehttp.py:213 log_message "GET /favicon.ico HTTP/1.1" 204 0
INFO 2025-09-02 23:23:07,265 django.utils.autoreload C:\Users\Thembinkosi\Desktop\retail_management_system\env\Lib\site-packages\django\utils\autoreload.py:667 run_with_reloader Watching for file changes with StatReloader
INFO 2025-09-02 23:23:13,998 django.server C:\Users\Thembinkosi\Desktop\retail_management_system\env\Lib\site-packages\django\core\servers\basehttp.py:213 log_message "GET /inventory/category/create/ HTTP/1.1" 200 29111
WARNING 2025-09-02 23:23:14,129 django.server C:\Users\Thembinkosi\Desktop\retail_management_system\env\Lib\site-packages\django\core\servers\basehttp.py:213 log_message "GET /static/js/main.js HTTP/1.1" 404 179
WARNING 2025-09-02 23:23:14,163 django.server C:\Users\Thembinkosi\Desktop\retail_management_system\env\Lib\site-packages\django\core\servers\basehttp.py:213 log_message "GET /static/css/main.css HTTP/1.1" 404 179
INFO 2025-09-02 23:23:14,298 django.server C:\Users\Thembinkosi\Desktop\retail_management_system\env\Lib\site-packages\django\core\servers\basehttp.py:213 log_message "GET /favicon.ico HTTP/1.1" 204 0
INFO 2025-09-02 23:23:26,714 django.server C:\Users\Thembinkosi\Desktop\retail_management_system\env\Lib\site-packages\django\core\servers\basehttp.py:213 log_message "GET / HTTP/1.1" 200 32594
WARNING 2025-09-02 23:23:28,945 django.server C:\Users\Thembinkosi\Desktop\retail_management_system\env\Lib\site-packages\django\core\servers\basehttp.py:213 log_message "GET /static/css/main.css HTTP/1.1" 404 179
WARNING 2025-09-02 23:23:30,142 django.server C:\Users\Thembinkosi\Desktop\retail_management_system\env\Lib\site-packages\django\core\servers\basehttp.py:213 log_message "GET /static/js/main.js HTTP/1.1" 404 179
INFO 2025-09-02 23:23:34,930 django.server C:\Users\Thembinkosi\Desktop\retail_management_system\env\Lib\site-packages\django\core\servers\basehttp.py:213 log_message "GET /favicon.ico HTTP/1.1" 204 0
INFO 2025-09-02 23:23:48,536 django.server C:\Users\Thembinkosi\Desktop\retail_management_system\env\Lib\site-packages\django\core\servers\basehttp.py:213 log_message "GET /inventory/ HTTP/1.1" 200 27998
WARNING 2025-09-02 23:23:49,072 django.server C:\Users\Thembinkosi\Desktop\retail_management_system\env\Lib\site-packages\django\core\servers\basehttp.py:213 log_message "GET /static/js/main.js HTTP/1.1" 404 179
WARNING 2025-09-02 23:23:49,073 django.server C:\Users\Thembinkosi\Desktop\retail_management_system\env\Lib\site-packages\django\core\servers\basehttp.py:213 log_message "GET /static/css/main.css HTTP/1.1" 404 179
INFO 2025-09-02 23:23:49,256 django.server C:\Users\Thembinkosi\Desktop\retail_management_system\env\Lib\site-packages\django\core\servers\basehttp.py:213 log_message "GET /favicon.ico HTTP/1.1" 204 0
INFO 2025-09-02 23:23:52,900 django.server C:\Users\Thembinkosi\Desktop\retail_management_system\env\Lib\site-packages\django\core\servers\basehttp.py:213 log_message "GET /favicon.ico HTTP/1.1" 204 0
INFO 2025-09-02 23:31:05,046 django.server C:\Users\Thembinkosi\Desktop\retail_management_system\env\Lib\site-packages\django\core\servers\basehttp.py:213 log_message "GET /inventory/stock/adjust/ HTTP/1.1" 200 26902
WARNING 2025-09-02 23:31:05,257 django.server C:\Users\Thembinkosi\Desktop\retail_management_system\env\Lib\site-packages\django\core\servers\basehttp.py:213 log_message "GET /static/js/main.js HTTP/1.1" 404 179
WARNING 2025-09-02 23:31:05,340 django.server C:\Users\Thembinkosi\Desktop\retail_management_system\env\Lib\site-packages\django\core\servers\basehttp.py:213 log_message "GET /static/css/main.css HTTP/1.1" 404 179
INFO 2025-09-02 23:31:05,611 django.server C:\Users\Thembinkosi\Desktop\retail_management_system\env\Lib\site-packages\django\core\servers\basehttp.py:213 log_message "GET /favicon.ico HTTP/1.1" 204 0
INFO 2025-09-02 23:31:23,525 django.server C:\Users\Thembinkosi\Desktop\retail_management_system\env\Lib\site-packages\django\core\servers\basehttp.py:213 log_message "GET /inventory/stock/ HTTP/1.1" 200 27101
WARNING 2025-09-02 23:31:23,718 django.server C:\Users\Thembinkosi\Desktop\retail_management_system\env\Lib\site-packages\django\core\servers\basehttp.py:213 log_message "GET /static/css/main.css HTTP/1.1" 404 179
WARNING 2025-09-02 23:31:23,723 django.server C:\Users\Thembinkosi\Desktop\retail_management_system\env\Lib\site-packages\django\core\servers\basehttp.py:213 log_message "GET /static/js/main.js HTTP/1.1" 404 179
INFO 2025-09-02 23:31:23,974 django.server C:\Users\Thembinkosi\Desktop\retail_management_system\env\Lib\site-packages\django\core\servers\basehttp.py:213 log_message "GET /favicon.ico HTTP/1.1" 204 0
INFO 2025-09-02 23:33:31,092 django.server C:\Users\Thembinkosi\Desktop\retail_management_system\env\Lib\site-packages\django\core\servers\basehttp.py:213 log_message "GET /inventory/stock/ HTTP/1.1" 200 27101
WARNING 2025-09-02 23:33:31,301 django.server C:\Users\Thembinkosi\Desktop\retail_management_system\env\Lib\site-packages\django\core\servers\basehttp.py:213 log_message "GET /static/css/main.css HTTP/1.1" 404 179
WARNING 2025-09-02 23:33:31,321 django.server C:\Users\Thembinkosi\Desktop\retail_management_system\env\Lib\site-packages\django\core\servers\basehttp.py:213 log_message "GET /static/js/main.js HTTP/1.1" 404 179
INFO 2025-09-02 23:33:31,470 django.server C:\Users\Thembinkosi\Desktop\retail_management_system\env\Lib\site-packages\django\core\servers\basehttp.py:213 log_message "GET /favicon.ico HTTP/1.1" 204 0
INFO 2025-09-02 23:36:31,715 django.server C:\Users\Thembinkosi\Desktop\retail_management_system\env\Lib\site-packages\django\core\servers\basehttp.py:213 log_message "GET /inventory/ HTTP/1.1" 200 27998
WARNING 2025-09-02 23:36:31,944 django.server C:\Users\Thembinkosi\Desktop\retail_management_system\env\Lib\site-packages\django\core\servers\basehttp.py:213 log_message "GET /static/js/main.js HTTP/1.1" 404 179
WARNING 2025-09-02 23:36:31,992 django.server C:\Users\Thembinkosi\Desktop\retail_management_system\env\Lib\site-packages\django\core\servers\basehttp.py:213 log_message "GET /static/css/main.css HTTP/1.1" 404 179
INFO 2025-09-02 23:36:32,213 django.server C:\Users\Thembinkosi\Desktop\retail_management_system\env\Lib\site-packages\django\core\servers\basehttp.py:213 log_message "GET /favicon.ico HTTP/1.1" 204 0
INFO 2025-09-02 23:36:35,644 django.server C:\Users\Thembinkosi\Desktop\retail_management_system\env\Lib\site-packages\django\core\servers\basehttp.py:213 log_message "GET /favicon.ico HTTP/1.1" 204 0
INFO 2025-09-02 23:37:17,866 django.server C:\Users\Thembinkosi\Desktop\retail_management_system\env\Lib\site-packages\django\core\servers\basehttp.py:213 log_message "GET /inventory/category/create/ HTTP/1.1" 200 29111
WARNING 2025-09-02 23:37:18,086 django.server C:\Users\Thembinkosi\Desktop\retail_management_system\env\Lib\site-packages\django\core\servers\basehttp.py:213 log_message "GET /static/css/main.css HTTP/1.1" 404 179
WARNING 2025-09-02 23:37:18,087 django.server C:\Users\Thembinkosi\Desktop\retail_management_system\env\Lib\site-packages\django\core\servers\basehttp.py:213 log_message "GET /static/js/main.js HTTP/1.1" 404 179
INFO 2025-09-02 23:37:18,280 django.server C:\Users\Thembinkosi\Desktop\retail_management_system\env\Lib\site-packages\django\core\servers\basehttp.py:213 log_message "GET /favicon.ico HTTP/1.1" 204 0
INFO 2025-09-02 23:38:57,936 django.server C:\Users\Thembinkosi\Desktop\retail_management_system\env\Lib\site-packages\django\core\servers\basehttp.py:213 log_message "POST /inventory/category/create/ HTTP/1.1" 302 0
INFO 2025-09-02 23:38:58,112 django.server C:\Users\Thembinkosi\Desktop\retail_management_system\env\Lib\site-packages\django\core\servers\basehttp.py:213 log_message "GET /inventory/categories/ HTTP/1.1" 200 25750
WARNING 2025-09-02 23:38:58,527 django.server C:\Users\Thembinkosi\Desktop\retail_management_system\env\Lib\site-packages\django\core\servers\basehttp.py:213 log_message "GET /static/css/main.css HTTP/1.1" 404 179
WARNING 2025-09-02 23:38:58,528 django.server C:\Users\Thembinkosi\Desktop\retail_management_system\env\Lib\site-packages\django\core\servers\basehttp.py:213 log_message "GET /static/js/main.js HTTP/1.1" 404 179
INFO 2025-09-02 23:38:58,741 django.server C:\Users\Thembinkosi\Desktop\retail_management_system\env\Lib\site-packages\django\core\servers\basehttp.py:213 log_message "GET /favicon.ico HTTP/1.1" 204 0
INFO 2025-09-02 23:44:55,481 django.server C:\Users\Thembinkosi\Desktop\retail_management_system\env\Lib\site-packages\django\core\servers\basehttp.py:213 log_message "GET /inventory/category/create/ HTTP/1.1" 200 29147
WARNING 2025-09-02 23:44:55,661 django.server C:\Users\Thembinkosi\Desktop\retail_management_system\env\Lib\site-packages\django\core\servers\basehttp.py:213 log_message "GET /static/css/main.css HTTP/1.1" 404 179
WARNING 2025-09-02 23:44:55,681 django.server C:\Users\Thembinkosi\Desktop\retail_management_system\env\Lib\site-packages\django\core\servers\basehttp.py:213 log_message "GET /static/js/main.js HTTP/1.1" 404 179
INFO 2025-09-02 23:44:55,869 django.server C:\Users\Thembinkosi\Desktop\retail_management_system\env\Lib\site-packages\django\core\servers\basehttp.py:213 log_message "GET /favicon.ico HTTP/1.1" 204 0
INFO 2025-09-02 23:46:12,121 django.server C:\Users\Thembinkosi\Desktop\retail_management_system\env\Lib\site-packages\django\core\servers\basehttp.py:213 log_message "POST /inventory/category/create/ HTTP/1.1" 302 0
INFO 2025-09-02 23:46:12,329 django.server C:\Users\Thembinkosi\Desktop\retail_management_system\env\Lib\site-packages\django\core\servers\basehttp.py:213 log_message "GET /inventory/categories/ HTTP/1.1" 200 25787
WARNING 2025-09-02 23:46:12,608 django.server C:\Users\Thembinkosi\Desktop\retail_management_system\env\Lib\site-packages\django\core\servers\basehttp.py:213 log_message "GET /static/css/main.css HTTP/1.1" 404 179
WARNING 2025-09-02 23:46:12,689 django.server C:\Users\Thembinkosi\Desktop\retail_management_system\env\Lib\site-packages\django\core\servers\basehttp.py:213 log_message "GET /static/js/main.js HTTP/1.1" 404 179
INFO 2025-09-02 23:46:12,948 django.server C:\Users\Thembinkosi\Desktop\retail_management_system\env\Lib\site-packages\django\core\servers\basehttp.py:213 log_message "GET /favicon.ico HTTP/1.1" 204 0
INFO 2025-09-02 23:47:25,437 django.server C:\Users\Thembinkosi\Desktop\retail_management_system\env\Lib\site-packages\django\core\servers\basehttp.py:213 log_message "GET /inventory/category/create/ HTTP/1.1" 200 29184
WARNING 2025-09-02 23:47:25,621 django.server C:\Users\Thembinkosi\Desktop\retail_management_system\env\Lib\site-packages\django\core\servers\basehttp.py:213 log_message "GET /static/js/main.js HTTP/1.1" 404 179
WARNING 2025-09-02 23:47:25,622 django.server C:\Users\Thembinkosi\Desktop\retail_management_system\env\Lib\site-packages\django\core\servers\basehttp.py:213 log_message "GET /static/css/main.css HTTP/1.1" 404 179
INFO 2025-09-02 23:47:25,761 django.server C:\Users\Thembinkosi\Desktop\retail_management_system\env\Lib\site-packages\django\core\servers\basehttp.py:213 log_message "GET /favicon.ico HTTP/1.1" 204 0
INFO 2025-09-02 23:50:28,639 django.server C:\Users\Thembinkosi\Desktop\retail_management_system\env\Lib\site-packages\django\core\servers\basehttp.py:213 log_message "POST /inventory/category/create/ HTTP/1.1" 302 0
INFO 2025-09-02 23:50:28,754 django.server C:\Users\Thembinkosi\Desktop\retail_management_system\env\Lib\site-packages\django\core\servers\basehttp.py:213 log_message "GET /inventory/categories/ HTTP/1.1" 200 25829
WARNING 2025-09-02 23:50:28,921 django.server C:\Users\Thembinkosi\Desktop\retail_management_system\env\Lib\site-packages\django\core\servers\basehttp.py:213 log_message "GET /static/css/main.css HTTP/1.1" 404 179
WARNING 2025-09-02 23:50:28,924 django.server C:\Users\Thembinkosi\Desktop\retail_management_system\env\Lib\site-packages\django\core\servers\basehttp.py:213 log_message "GET /static/js/main.js HTTP/1.1" 404 179
INFO 2025-09-02 23:50:29,119 django.server C:\Users\Thembinkosi\Desktop\retail_management_system\env\Lib\site-packages\django\core\servers\basehttp.py:213 log_message "GET /favicon.ico HTTP/1.1" 204 0
INFO 2025-09-02 23:50:35,252 django.server C:\Users\Thembinkosi\Desktop\retail_management_system\env\Lib\site-packages\django\core\servers\basehttp.py:213 log_message "GET /inventory/category/create/ HTTP/1.1" 200 29226
WARNING 2025-09-02 23:50:35,482 django.server C:\Users\Thembinkosi\Desktop\retail_management_system\env\Lib\site-packages\django\core\servers\basehttp.py:213 log_message "GET /static/css/main.css HTTP/1.1" 404 179
WARNING 2025-09-02 23:50:35,548 django.server C:\Users\Thembinkosi\Desktop\retail_management_system\env\Lib\site-packages\django\core\servers\basehttp.py:213 log_message "GET /static/js/main.js HTTP/1.1" 404 179
INFO 2025-09-02 23:50:35,790 django.server C:\Users\Thembinkosi\Desktop\retail_management_system\env\Lib\site-packages\django\core\servers\basehttp.py:213 log_message "GET /favicon.ico HTTP/1.1" 204 0
INFO 2025-09-02 23:54:06,947 django.server C:\Users\Thembinkosi\Desktop\retail_management_system\env\Lib\site-packages\django\core\servers\basehttp.py:213 log_message "POST /inventory/category/create/ HTTP/1.1" 302 0
INFO 2025-09-02 23:54:07,139 django.server C:\Users\Thembinkosi\Desktop\retail_management_system\env\Lib\site-packages\django\core\servers\basehttp.py:213 log_message "GET /inventory/categories/ HTTP/1.1" 200 25881
WARNING 2025-09-02 23:54:07,298 django.server C:\Users\Thembinkosi\Desktop\retail_management_system\env\Lib\site-packages\django\core\servers\basehttp.py:213 log_message "GET /static/js/main.js HTTP/1.1" 404 179
WARNING 2025-09-02 23:54:07,314 django.server C:\Users\Thembinkosi\Desktop\retail_management_system\env\Lib\site-packages\django\core\servers\basehttp.py:213 log_message "GET /static/css/main.css HTTP/1.1" 404 179
INFO 2025-09-02 23:54:07,445 django.server C:\Users\Thembinkosi\Desktop\retail_management_system\env\Lib\site-packages\django\core\servers\basehttp.py:213 log_message "GET /favicon.ico HTTP/1.1" 204 0
INFO 2025-09-02 23:55:05,020 django.server C:\Users\Thembinkosi\Desktop\retail_management_system\env\Lib\site-packages\django\core\servers\basehttp.py:213 log_message "GET /inventory/category/create/ HTTP/1.1" 200 29278
WARNING 2025-09-02 23:55:05,183 django.server C:\Users\Thembinkosi\Desktop\retail_management_system\env\Lib\site-packages\django\core\servers\basehttp.py:213 log_message "GET /static/css/main.css HTTP/1.1" 404 179
WARNING 2025-09-02 23:55:05,186 django.server C:\Users\Thembinkosi\Desktop\retail_management_system\env\Lib\site-packages\django\core\servers\basehttp.py:213 log_message "GET /static/js/main.js HTTP/1.1" 404 179
INFO 2025-09-02 23:55:05,374 django.server C:\Users\Thembinkosi\Desktop\retail_management_system\env\Lib\site-packages\django\core\servers\basehttp.py:213 log_message "GET /favicon.ico HTTP/1.1" 204 0
INFO 2025-09-02 23:55:27,790 django.server C:\Users\Thembinkosi\Desktop\retail_management_system\env\Lib\site-packages\django\core\servers\basehttp.py:213 log_message "POST /inventory/category/create/ HTTP/1.1" 302 0
INFO 2025-09-02 23:55:27,945 django.server C:\Users\Thembinkosi\Desktop\retail_management_system\env\Lib\site-packages\django\core\servers\basehttp.py:213 log_message "GET /inventory/categories/ HTTP/1.1" 200 25918
WARNING 2025-09-02 23:55:28,112 django.server C:\Users\Thembinkosi\Desktop\retail_management_system\env\Lib\site-packages\django\core\servers\basehttp.py:213 log_message "GET /static/js/main.js HTTP/1.1" 404 179
WARNING 2025-09-02 23:55:28,125 django.server C:\Users\Thembinkosi\Desktop\retail_management_system\env\Lib\site-packages\django\core\servers\basehttp.py:213 log_message "GET /static/css/main.css HTTP/1.1" 404 179
INFO 2025-09-02 23:55:28,271 django.server C:\Users\Thembinkosi\Desktop\retail_management_system\env\Lib\site-packages\django\core\servers\basehttp.py:213 log_message "GET /favicon.ico HTTP/1.1" 204 0
INFO 2025-09-02 23:55:35,710 django.server C:\Users\Thembinkosi\Desktop\retail_management_system\env\Lib\site-packages\django\core\servers\basehttp.py:213 log_message "GET /inventory/category/create/ HTTP/1.1" 200 29315
WARNING 2025-09-02 23:55:35,939 django.server C:\Users\Thembinkosi\Desktop\retail_management_system\env\Lib\site-packages\django\core\servers\basehttp.py:213 log_message "GET /static/js/main.js HTTP/1.1" 404 179
WARNING 2025-09-02 23:55:35,963 django.server C:\Users\Thembinkosi\Desktop\retail_management_system\env\Lib\site-packages\django\core\servers\basehttp.py:213 log_message "GET /static/css/main.css HTTP/1.1" 404 179
INFO 2025-09-02 23:55:36,229 django.server C:\Users\Thembinkosi\Desktop\retail_management_system\env\Lib\site-packages\django\core\servers\basehttp.py:213 log_message "GET /favicon.ico HTTP/1.1" 204 0
INFO 2025-09-02 23:55:40,016 django.server C:\Users\Thembinkosi\Desktop\retail_management_system\env\Lib\site-packages\django\core\servers\basehttp.py:213 log_message "POST /inventory/category/create/ HTTP/1.1" 302 0
INFO 2025-09-02 23:55:40,135 django.server C:\Users\Thembinkosi\Desktop\retail_management_system\env\Lib\site-packages\django\core\servers\basehttp.py:213 log_message "GET /inventory/categories/ HTTP/1.1" 200 25959
WARNING 2025-09-02 23:55:40,292 django.server C:\Users\Thembinkosi\Desktop\retail_management_system\env\Lib\site-packages\django\core\servers\basehttp.py:213 log_message "GET /static/css/main.css HTTP/1.1" 404 179
WARNING 2025-09-02 23:55:40,294 django.server C:\Users\Thembinkosi\Desktop\retail_management_system\env\Lib\site-packages\django\core\servers\basehttp.py:213 log_message "GET /static/js/main.js HTTP/1.1" 404 179
INFO 2025-09-02 23:55:40,525 django.server C:\Users\Thembinkosi\Desktop\retail_management_system\env\Lib\site-packages\django\core\servers\basehttp.py:213 log_message "GET /favicon.ico HTTP/1.1" 204 0
INFO 2025-09-02 23:55:58,392 django.server C:\Users\Thembinkosi\Desktop\retail_management_system\env\Lib\site-packages\django\core\servers\basehttp.py:213 log_message "POST /inventory/category/create/ HTTP/1.1" 302 0
INFO 2025-09-02 23:55:58,558 django.server C:\Users\Thembinkosi\Desktop\retail_management_system\env\Lib\site-packages\django\core\servers\basehttp.py:213 log_message "GET /inventory/categories/ HTTP/1.1" 200 26004
WARNING 2025-09-02 23:55:58,714 django.server C:\Users\Thembinkosi\Desktop\retail_management_system\env\Lib\site-packages\django\core\servers\basehttp.py:213 log_message "GET /static/js/main.js HTTP/1.1" 404 179
WARNING 2025-09-02 23:55:58,726 django.server C:\Users\Thembinkosi\Desktop\retail_management_system\env\Lib\site-packages\django\core\servers\basehttp.py:213 log_message "GET /static/css/main.css HTTP/1.1" 404 179
INFO 2025-09-02 23:55:58,900 django.server C:\Users\Thembinkosi\Desktop\retail_management_system\env\Lib\site-packages\django\core\servers\basehttp.py:213 log_message "GET /favicon.ico HTTP/1.1" 204 0
INFO 2025-09-02 23:56:18,348 django.server C:\Users\Thembinkosi\Desktop\retail_management_system\env\Lib\site-packages\django\core\servers\basehttp.py:213 log_message "GET /inventory/category/create/ HTTP/1.1" 200 29401
WARNING 2025-09-02 23:56:18,528 django.server C:\Users\Thembinkosi\Desktop\retail_management_system\env\Lib\site-packages\django\core\servers\basehttp.py:213 log_message "GET /static/css/main.css HTTP/1.1" 404 179
WARNING 2025-09-02 23:56:18,549 django.server C:\Users\Thembinkosi\Desktop\retail_management_system\env\Lib\site-packages\django\core\servers\basehttp.py:213 log_message "GET /static/js/main.js HTTP/1.1" 404 179
INFO 2025-09-02 23:56:18,825 django.server C:\Users\Thembinkosi\Desktop\retail_management_system\env\Lib\site-packages\django\core\servers\basehttp.py:213 log_message "GET /favicon.ico HTTP/1.1" 204 0
INFO 2025-09-02 23:56:23,027 django.server C:\Users\Thembinkosi\Desktop\retail_management_system\env\Lib\site-packages\django\core\servers\basehttp.py:213 log_message "POST /inventory/category/create/ HTTP/1.1" 302 0
INFO 2025-09-02 23:56:23,191 django.server C:\Users\Thembinkosi\Desktop\retail_management_system\env\Lib\site-packages\django\core\servers\basehttp.py:213 log_message "GET /inventory/categories/ HTTP/1.1" 200 26046
WARNING 2025-09-02 23:56:23,363 django.server C:\Users\Thembinkosi\Desktop\retail_management_system\env\Lib\site-packages\django\core\servers\basehttp.py:213 log_message "GET /static/css/main.css HTTP/1.1" 404 179
WARNING 2025-09-02 23:56:23,414 django.server C:\Users\Thembinkosi\Desktop\retail_management_system\env\Lib\site-packages\django\core\servers\basehttp.py:213 log_message "GET /static/js/main.js HTTP/1.1" 404 179
INFO 2025-09-02 23:56:23,530 django.server C:\Users\Thembinkosi\Desktop\retail_management_system\env\Lib\site-packages\django\core\servers\basehttp.py:213 log_message "GET /favicon.ico HTTP/1.1" 204 0
INFO 2025-09-02 23:57:03,033 django.server C:\Users\Thembinkosi\Desktop\retail_management_system\env\Lib\site-packages\django\core\servers\basehttp.py:213 log_message "GET /inventory/product/create/ HTTP/1.1" 200 32757
WARNING 2025-09-02 23:57:03,204 django.server C:\Users\Thembinkosi\Desktop\retail_management_system\env\Lib\site-packages\django\core\servers\basehttp.py:213 log_message "GET /static/js/main.js HTTP/1.1" 404 179
WARNING 2025-09-02 23:57:03,255 django.server C:\Users\Thembinkosi\Desktop\retail_management_system\env\Lib\site-packages\django\core\servers\basehttp.py:213 log_message "GET /static/css/main.css HTTP/1.1" 404 179
INFO 2025-09-02 23:57:03,424 django.server C:\Users\Thembinkosi\Desktop\retail_management_system\env\Lib\site-packages\django\core\servers\basehttp.py:213 log_message "GET /favicon.ico HTTP/1.1" 204 0
INFO 2025-09-03 00:01:36,523 django.server C:\Users\Thembinkosi\Desktop\retail_management_system\env\Lib\site-packages\django\core\servers\basehttp.py:213 log_message "POST /inventory/product/create/ HTTP/1.1" 302 0
INFO 2025-09-03 00:01:36,900 django.server C:\Users\Thembinkosi\Desktop\retail_management_system\env\Lib\site-packages\django\core\servers\basehttp.py:213 log_message "GET /inventory/ HTTP/1.1" 200 29982
WARNING 2025-09-03 00:01:37,034 django.server C:\Users\Thembinkosi\Desktop\retail_management_system\env\Lib\site-packages\django\core\servers\basehttp.py:213 log_message "GET /static/js/main.js HTTP/1.1" 404 179
WARNING 2025-09-03 00:01:37,056 django.server C:\Users\Thembinkosi\Desktop\retail_management_system\env\Lib\site-packages\django\core\servers\basehttp.py:213 log_message "GET /static/css/main.css HTTP/1.1" 404 179
INFO 2025-09-03 00:01:37,177 django.server C:\Users\Thembinkosi\Desktop\retail_management_system\env\Lib\site-packages\django\core\servers\basehttp.py:213 log_message "GET /favicon.ico HTTP/1.1" 204 0
INFO 2025-09-03 00:01:45,959 django.server C:\Users\Thembinkosi\Desktop\retail_management_system\env\Lib\site-packages\django\core\servers\basehttp.py:213 log_message "GET /inventory/product/2/ HTTP/1.1" 200 33604
WARNING 2025-09-03 00:01:46,120 django.server C:\Users\Thembinkosi\Desktop\retail_management_system\env\Lib\site-packages\django\core\servers\basehttp.py:213 log_message "GET /static/css/main.css HTTP/1.1" 404 179
WARNING 2025-09-03 00:01:46,199 django.server C:\Users\Thembinkosi\Desktop\retail_management_system\env\Lib\site-packages\django\core\servers\basehttp.py:213 log_message "GET /static/js/main.js HTTP/1.1" 404 179
INFO 2025-09-03 00:01:46,342 django.server C:\Users\Thembinkosi\Desktop\retail_management_system\env\Lib\site-packages\django\core\servers\basehttp.py:213 log_message "GET /favicon.ico HTTP/1.1" 204 0
INFO 2025-09-03 00:02:16,917 django.server C:\Users\Thembinkosi\Desktop\retail_management_system\env\Lib\site-packages\django\core\servers\basehttp.py:213 log_message "GET /inventory/stock/adjust/?product=2 HTTP/1.1" 200 26956
WARNING 2025-09-03 00:02:17,177 django.server C:\Users\Thembinkosi\Desktop\retail_management_system\env\Lib\site-packages\django\core\servers\basehttp.py:213 log_message "GET /static/js/main.js HTTP/1.1" 404 179
WARNING 2025-09-03 00:02:17,310 django.server C:\Users\Thembinkosi\Desktop\retail_management_system\env\Lib\site-packages\django\core\servers\basehttp.py:213 log_message "GET /static/css/main.css HTTP/1.1" 404 179
INFO 2025-09-03 00:02:17,441 django.server C:\Users\Thembinkosi\Desktop\retail_management_system\env\Lib\site-packages\django\core\servers\basehttp.py:213 log_message "GET /favicon.ico HTTP/1.1" 204 0
WARNING 2025-09-03 00:02:21,838 django.server C:\Users\Thembinkosi\Desktop\retail_management_system\env\Lib\site-packages\django\core\servers\basehttp.py:213 log_message "GET /static/js/main.js HTTP/1.1" 404 179
INFO 2025-09-03 00:02:21,994 django.server C:\Users\Thembinkosi\Desktop\retail_management_system\env\Lib\site-packages\django\core\servers\basehttp.py:213 log_message "GET /favicon.ico HTTP/1.1" 204 0
INFO 2025-09-03 00:02:31,263 django.server C:\Users\Thembinkosi\Desktop\retail_management_system\env\Lib\site-packages\django\core\servers\basehttp.py:213 log_message "GET /inventory/ HTTP/1.1" 200 29641
INFO 2025-09-03 00:02:31,575 django.server C:\Users\Thembinkosi\Desktop\retail_management_system\env\Lib\site-packages\django\core\servers\basehttp.py:213 log_message "GET /favicon.ico HTTP/1.1" 204 0
INFO 2025-09-03 00:03:12,914 django.server C:\Users\Thembinkosi\Desktop\retail_management_system\env\Lib\site-packages\django\core\servers\basehttp.py:213 log_message "GET /inventory/product/create/ HTTP/1.1" 200 32757
WARNING 2025-09-03 00:03:13,080 django.server C:\Users\Thembinkosi\Desktop\retail_management_system\env\Lib\site-packages\django\core\servers\basehttp.py:213 log_message "GET /static/js/main.js HTTP/1.1" 404 179
WARNING 2025-09-03 00:03:13,130 django.server C:\Users\Thembinkosi\Desktop\retail_management_system\env\Lib\site-packages\django\core\servers\basehttp.py:213 log_message "GET /static/css/main.css HTTP/1.1" 404 179
INFO 2025-09-03 00:03:13,270 django.server C:\Users\Thembinkosi\Desktop\retail_management_system\env\Lib\site-packages\django\core\servers\basehttp.py:213 log_message "GET /favicon.ico HTTP/1.1" 204 0
INFO 2025-09-03 00:05:20,620 django.server C:\Users\Thembinkosi\Desktop\retail_management_system\env\Lib\site-packages\django\core\servers\basehttp.py:213 log_message "POST /inventory/product/create/ HTTP/1.1" 302 0
INFO 2025-09-03 00:05:20,814 django.server C:\Users\Thembinkosi\Desktop\retail_management_system\env\Lib\site-packages\django\core\servers\basehttp.py:213 log_message "GET /inventory/ HTTP/1.1" 200 31622
WARNING 2025-09-03 00:05:20,989 django.server C:\Users\Thembinkosi\Desktop\retail_management_system\env\Lib\site-packages\django\core\servers\basehttp.py:213 log_message "GET /static/js/main.js HTTP/1.1" 404 179
WARNING 2025-09-03 00:05:20,993 django.server C:\Users\Thembinkosi\Desktop\retail_management_system\env\Lib\site-packages\django\core\servers\basehttp.py:213 log_message "GET /static/css/main.css HTTP/1.1" 404 179
INFO 2025-09-03 00:05:21,150 django.server C:\Users\Thembinkosi\Desktop\retail_management_system\env\Lib\site-packages\django\core\servers\basehttp.py:213 log_message "GET /favicon.ico HTTP/1.1" 204 0
INFO 2025-09-03 00:05:53,618 django.server C:\Users\Thembinkosi\Desktop\retail_management_system\env\Lib\site-packages\django\core\servers\basehttp.py:213 log_message "GET /inventory/product/create/ HTTP/1.1" 200 32757
WARNING 2025-09-03 00:05:53,797 django.server C:\Users\Thembinkosi\Desktop\retail_management_system\env\Lib\site-packages\django\core\servers\basehttp.py:213 log_message "GET /static/css/main.css HTTP/1.1" 404 179
WARNING 2025-09-03 00:05:53,802 django.server C:\Users\Thembinkosi\Desktop\retail_management_system\env\Lib\site-packages\django\core\servers\basehttp.py:213 log_message "GET /static/js/main.js HTTP/1.1" 404 179
INFO 2025-09-03 00:05:53,976 django.server C:\Users\Thembinkosi\Desktop\retail_management_system\env\Lib\site-packages\django\core\servers\basehttp.py:213 log_message "GET /favicon.ico HTTP/1.1" 204 0
INFO 2025-09-03 00:08:38,335 django.server C:\Users\Thembinkosi\Desktop\retail_management_system\env\Lib\site-packages\django\core\servers\basehttp.py:213 log_message "POST /inventory/product/create/ HTTP/1.1" 302 0
INFO 2025-09-03 00:08:38,452 django.server C:\Users\Thembinkosi\Desktop\retail_management_system\env\Lib\site-packages\django\core\servers\basehttp.py:213 log_message "GET /inventory/ HTTP/1.1" 200 33280
WARNING 2025-09-03 00:08:38,626 django.server C:\Users\Thembinkosi\Desktop\retail_management_system\env\Lib\site-packages\django\core\servers\basehttp.py:213 log_message "GET /static/css/main.css HTTP/1.1" 404 179
WARNING 2025-09-03 00:08:38,668 django.server C:\Users\Thembinkosi\Desktop\retail_management_system\env\Lib\site-packages\django\core\servers\basehttp.py:213 log_message "GET /static/js/main.js HTTP/1.1" 404 179
INFO 2025-09-03 00:08:38,857 django.server C:\Users\Thembinkosi\Desktop\retail_management_system\env\Lib\site-packages\django\core\servers\basehttp.py:213 log_message "GET /favicon.ico HTTP/1.1" 204 0
INFO 2025-09-03 00:08:52,950 django.server C:\Users\Thembinkosi\Desktop\retail_management_system\env\Lib\site-packages\django\core\servers\basehttp.py:213 log_message "GET /inventory/product/create/ HTTP/1.1" 200 32757
WARNING 2025-09-03 00:08:53,134 django.server C:\Users\Thembinkosi\Desktop\retail_management_system\env\Lib\site-packages\django\core\servers\basehttp.py:213 log_message "GET /static/js/main.js HTTP/1.1" 404 179
WARNING 2025-09-03 00:08:53,141 django.server C:\Users\Thembinkosi\Desktop\retail_management_system\env\Lib\site-packages\django\core\servers\basehttp.py:213 log_message "GET /static/css/main.css HTTP/1.1" 404 179
INFO 2025-09-03 00:08:53,290 django.server C:\Users\Thembinkosi\Desktop\retail_management_system\env\Lib\site-packages\django\core\servers\basehttp.py:213 log_message "GET /favicon.ico HTTP/1.1" 204 0
INFO 2025-09-03 00:11:22,642 django.server C:\Users\Thembinkosi\Desktop\retail_management_system\env\Lib\site-packages\django\core\servers\basehttp.py:213 log_message "POST /inventory/product/create/ HTTP/1.1" 302 0
INFO 2025-09-03 00:11:23,056 django.server C:\Users\Thembinkosi\Desktop\retail_management_system\env\Lib\site-packages\django\core\servers\basehttp.py:213 log_message "GET /inventory/ HTTP/1.1" 200 34932
WARNING 2025-09-03 00:11:23,272 django.server C:\Users\Thembinkosi\Desktop\retail_management_system\env\Lib\site-packages\django\core\servers\basehttp.py:213 log_message "GET /static/js/main.js HTTP/1.1" 404 179
WARNING 2025-09-03 00:11:23,274 django.server C:\Users\Thembinkosi\Desktop\retail_management_system\env\Lib\site-packages\django\core\servers\basehttp.py:213 log_message "GET /static/css/main.css HTTP/1.1" 404 179
INFO 2025-09-03 00:11:23,513 django.server C:\Users\Thembinkosi\Desktop\retail_management_system\env\Lib\site-packages\django\core\servers\basehttp.py:213 log_message "GET /favicon.ico HTTP/1.1" 204 0
INFO 2025-09-03 00:11:47,523 django.server C:\Users\Thembinkosi\Desktop\retail_management_system\env\Lib\site-packages\django\core\servers\basehttp.py:213 log_message "GET /inventory/product/create/ HTTP/1.1" 200 32757
WARNING 2025-09-03 00:11:47,784 django.server C:\Users\Thembinkosi\Desktop\retail_management_system\env\Lib\site-packages\django\core\servers\basehttp.py:213 log_message "GET /static/js/main.js HTTP/1.1" 404 179
WARNING 2025-09-03 00:11:47,812 django.server C:\Users\Thembinkosi\Desktop\retail_management_system\env\Lib\site-packages\django\core\servers\basehttp.py:213 log_message "GET /static/css/main.css HTTP/1.1" 404 179
INFO 2025-09-03 00:11:47,996 django.server C:\Users\Thembinkosi\Desktop\retail_management_system\env\Lib\site-packages\django\core\servers\basehttp.py:213 log_message "GET /favicon.ico HTTP/1.1" 204 0
INFO 2025-09-03 00:14:41,705 django.server C:\Users\Thembinkosi\Desktop\retail_management_system\env\Lib\site-packages\django\core\servers\basehttp.py:213 log_message "POST /inventory/product/create/ HTTP/1.1" 302 0
INFO 2025-09-03 00:14:41,985 django.server C:\Users\Thembinkosi\Desktop\retail_management_system\env\Lib\site-packages\django\core\servers\basehttp.py:213 log_message "GET /inventory/ HTTP/1.1" 200 36579
WARNING 2025-09-03 00:14:42,135 django.server C:\Users\Thembinkosi\Desktop\retail_management_system\env\Lib\site-packages\django\core\servers\basehttp.py:213 log_message "GET /static/js/main.js HTTP/1.1" 404 179
WARNING 2025-09-03 00:14:42,140 django.server C:\Users\Thembinkosi\Desktop\retail_management_system\env\Lib\site-packages\django\core\servers\basehttp.py:213 log_message "GET /static/css/main.css HTTP/1.1" 404 179
INFO 2025-09-03 00:14:42,267 django.server C:\Users\Thembinkosi\Desktop\retail_management_system\env\Lib\site-packages\django\core\servers\basehttp.py:213 log_message "GET /favicon.ico HTTP/1.1" 204 0
INFO 2025-09-03 00:15:07,771 django.server C:\Users\Thembinkosi\Desktop\retail_management_system\env\Lib\site-packages\django\core\servers\basehttp.py:213 log_message "GET /inventory/product/create/ HTTP/1.1" 200 32757
WARNING 2025-09-03 00:15:07,926 django.server C:\Users\Thembinkosi\Desktop\retail_management_system\env\Lib\site-packages\django\core\servers\basehttp.py:213 log_message "GET /static/css/main.css HTTP/1.1" 404 179
WARNING 2025-09-03 00:15:07,930 django.server C:\Users\Thembinkosi\Desktop\retail_management_system\env\Lib\site-packages\django\core\servers\basehttp.py:213 log_message "GET /static/js/main.js HTTP/1.1" 404 179
INFO 2025-09-03 00:15:08,166 django.server C:\Users\Thembinkosi\Desktop\retail_management_system\env\Lib\site-packages\django\core\servers\basehttp.py:213 log_message "GET /favicon.ico HTTP/1.1" 204 0
INFO 2025-09-03 00:19:03,979 django.server C:\Users\Thembinkosi\Desktop\retail_management_system\env\Lib\site-packages\django\core\servers\basehttp.py:213 log_message "GET /inventory/category/create/ HTTP/1.1" 200 29443
WARNING 2025-09-03 00:19:04,323 django.server C:\Users\Thembinkosi\Desktop\retail_management_system\env\Lib\site-packages\django\core\servers\basehttp.py:213 log_message "GET /static/css/main.css HTTP/1.1" 404 179
WARNING 2025-09-03 00:19:04,368 django.server C:\Users\Thembinkosi\Desktop\retail_management_system\env\Lib\site-packages\django\core\servers\basehttp.py:213 log_message "GET /static/js/main.js HTTP/1.1" 404 179
INFO 2025-09-03 00:19:04,671 django.server C:\Users\Thembinkosi\Desktop\retail_management_system\env\Lib\site-packages\django\core\servers\basehttp.py:213 log_message "GET /favicon.ico HTTP/1.1" 204 0
INFO 2025-09-03 00:19:14,860 django.server C:\Users\Thembinkosi\Desktop\retail_management_system\env\Lib\site-packages\django\core\servers\basehttp.py:213 log_message "POST /inventory/category/create/ HTTP/1.1" 302 0
INFO 2025-09-03 00:19:14,969 django.server C:\Users\Thembinkosi\Desktop\retail_management_system\env\Lib\site-packages\django\core\servers\basehttp.py:213 log_message "GET /inventory/categories/ HTTP/1.1" 200 26088
WARNING 2025-09-03 00:19:15,123 django.server C:\Users\Thembinkosi\Desktop\retail_management_system\env\Lib\site-packages\django\core\servers\basehttp.py:213 log_message "GET /static/js/main.js HTTP/1.1" 404 179
WARNING 2025-09-03 00:19:15,135 django.server C:\Users\Thembinkosi\Desktop\retail_management_system\env\Lib\site-packages\django\core\servers\basehttp.py:213 log_message "GET /static/css/main.css HTTP/1.1" 404 179
INFO 2025-09-03 00:19:15,260 django.server C:\Users\Thembinkosi\Desktop\retail_management_system\env\Lib\site-packages\django\core\servers\basehttp.py:213 log_message "GET /favicon.ico HTTP/1.1" 204 0
INFO 2025-09-03 00:19:23,568 django.server C:\Users\Thembinkosi\Desktop\retail_management_system\env\Lib\site-packages\django\core\servers\basehttp.py:213 log_message "GET /inventory/product/create/ HTTP/1.1" 200 32800
WARNING 2025-09-03 00:19:23,730 django.server C:\Users\Thembinkosi\Desktop\retail_management_system\env\Lib\site-packages\django\core\servers\basehttp.py:213 log_message "GET /static/css/main.css HTTP/1.1" 404 179
WARNING 2025-09-03 00:19:23,746 django.server C:\Users\Thembinkosi\Desktop\retail_management_system\env\Lib\site-packages\django\core\servers\basehttp.py:213 log_message "GET /static/js/main.js HTTP/1.1" 404 179
INFO 2025-09-03 00:19:23,880 django.server C:\Users\Thembinkosi\Desktop\retail_management_system\env\Lib\site-packages\django\core\servers\basehttp.py:213 log_message "GET /favicon.ico HTTP/1.1" 204 0
INFO 2025-09-03 00:21:23,421 django.server C:\Users\Thembinkosi\Desktop\retail_management_system\env\Lib\site-packages\django\core\servers\basehttp.py:213 log_message "POST /inventory/product/create/ HTTP/1.1" 302 0
INFO 2025-09-03 00:21:23,767 django.server C:\Users\Thembinkosi\Desktop\retail_management_system\env\Lib\site-packages\django\core\servers\basehttp.py:213 log_message "GET /inventory/ HTTP/1.1" 200 38214
WARNING 2025-09-03 00:21:23,934 django.server C:\Users\Thembinkosi\Desktop\retail_management_system\env\Lib\site-packages\django\core\servers\basehttp.py:213 log_message "GET /static/css/main.css HTTP/1.1" 404 179
WARNING 2025-09-03 00:21:23,958 django.server C:\Users\Thembinkosi\Desktop\retail_management_system\env\Lib\site-packages\django\core\servers\basehttp.py:213 log_message "GET /static/js/main.js HTTP/1.1" 404 179
INFO 2025-09-03 00:21:24,083 django.server C:\Users\Thembinkosi\Desktop\retail_management_system\env\Lib\site-packages\django\core\servers\basehttp.py:213 log_message "GET /favicon.ico HTTP/1.1" 204 0
INFO 2025-09-03 00:21:37,483 django.server C:\Users\Thembinkosi\Desktop\retail_management_system\env\Lib\site-packages\django\core\servers\basehttp.py:213 log_message "GET /inventory/product/2/ HTTP/1.1" 200 33604
WARNING 2025-09-03 00:21:37,664 django.server C:\Users\Thembinkosi\Desktop\retail_management_system\env\Lib\site-packages\django\core\servers\basehttp.py:213 log_message "GET /static/css/main.css HTTP/1.1" 404 179
WARNING 2025-09-03 00:21:37,778 django.server C:\Users\Thembinkosi\Desktop\retail_management_system\env\Lib\site-packages\django\core\servers\basehttp.py:213 log_message "GET /static/js/main.js HTTP/1.1" 404 179
INFO 2025-09-03 00:21:37,995 django.server C:\Users\Thembinkosi\Desktop\retail_management_system\env\Lib\site-packages\django\core\servers\basehttp.py:213 log_message "GET /favicon.ico HTTP/1.1" 204 0
INFO 2025-09-03 00:21:43,049 django.server C:\Users\Thembinkosi\Desktop\retail_management_system\env\Lib\site-packages\django\core\servers\basehttp.py:213 log_message "GET /inventory/ HTTP/1.1" 200 37873
WARNING 2025-09-03 00:21:43,208 django.server C:\Users\Thembinkosi\Desktop\retail_management_system\env\Lib\site-packages\django\core\servers\basehttp.py:213 log_message "GET /static/js/main.js HTTP/1.1" 404 179
WARNING 2025-09-03 00:21:43,212 django.server C:\Users\Thembinkosi\Desktop\retail_management_system\env\Lib\site-packages\django\core\servers\basehttp.py:213 log_message "GET /static/css/main.css HTTP/1.1" 404 179
INFO 2025-09-03 00:21:43,341 django.server C:\Users\Thembinkosi\Desktop\retail_management_system\env\Lib\site-packages\django\core\servers\basehttp.py:213 log_message "GET /favicon.ico HTTP/1.1" 204 0
INFO 2025-09-03 00:21:45,811 django.server C:\Users\Thembinkosi\Desktop\retail_management_system\env\Lib\site-packages\django\core\servers\basehttp.py:213 log_message "GET /inventory/product/3/ HTTP/1.1" 200 33707
WARNING 2025-09-03 00:21:45,983 django.server C:\Users\Thembinkosi\Desktop\retail_management_system\env\Lib\site-packages\django\core\servers\basehttp.py:213 log_message "GET /static/js/main.js HTTP/1.1" 404 179
WARNING 2025-09-03 00:21:46,007 django.server C:\Users\Thembinkosi\Desktop\retail_management_system\env\Lib\site-packages\django\core\servers\basehttp.py:213 log_message "GET /static/css/main.css HTTP/1.1" 404 179
INFO 2025-09-03 00:21:46,343 django.server C:\Users\Thembinkosi\Desktop\retail_management_system\env\Lib\site-packages\django\core\servers\basehttp.py:213 log_message "GET /favicon.ico HTTP/1.1" 204 0
WARNING 2025-09-03 00:21:52,704 django.server C:\Users\Thembinkosi\Desktop\retail_management_system\env\Lib\site-packages\django\core\servers\basehttp.py:213 log_message "GET /static/js/main.js HTTP/1.1" 404 179
WARNING 2025-09-03 00:21:52,708 django.server C:\Users\Thembinkosi\Desktop\retail_management_system\env\Lib\site-packages\django\core\servers\basehttp.py:213 log_message "GET /static/css/main.css HTTP/1.1" 404 179
INFO 2025-09-03 00:21:52,846 django.server C:\Users\Thembinkosi\Desktop\retail_management_system\env\Lib\site-packages\django\core\servers\basehttp.py:213 log_message "GET /favicon.ico HTTP/1.1" 204 0
INFO 2025-09-03 00:22:04,831 django.server C:\Users\Thembinkosi\Desktop\retail_management_system\env\Lib\site-packages\django\core\servers\basehttp.py:213 log_message "GET /inventory/product/create/ HTTP/1.1" 200 32800
WARNING 2025-09-03 00:22:05,012 django.server C:\Users\Thembinkosi\Desktop\retail_management_system\env\Lib\site-packages\django\core\servers\basehttp.py:213 log_message "GET /static/css/main.css HTTP/1.1" 404 179
WARNING 2025-09-03 00:22:05,019 django.server C:\Users\Thembinkosi\Desktop\retail_management_system\env\Lib\site-packages\django\core\servers\basehttp.py:213 log_message "GET /static/js/main.js HTTP/1.1" 404 179
INFO 2025-09-03 00:22:05,185 django.server C:\Users\Thembinkosi\Desktop\retail_management_system\env\Lib\site-packages\django\core\servers\basehttp.py:213 log_message "GET /favicon.ico HTTP/1.1" 204 0
WARNING 2025-09-03 00:22:06,743 django.server C:\Users\Thembinkosi\Desktop\retail_management_system\env\Lib\site-packages\django\core\servers\basehttp.py:213 log_message "GET /static/css/main.css HTTP/1.1" 404 179
INFO 2025-09-03 00:22:06,887 django.server C:\Users\Thembinkosi\Desktop\retail_management_system\env\Lib\site-packages\django\core\servers\basehttp.py:213 log_message "GET /favicon.ico HTTP/1.1" 204 0
INFO 2025-09-03 00:22:18,151 django.server C:\Users\Thembinkosi\Desktop\retail_management_system\env\Lib\site-packages\django\core\servers\basehttp.py:213 log_message "GET /inventory/product/create/ HTTP/1.1" 200 32800
WARNING 2025-09-03 00:22:18,316 django.server C:\Users\Thembinkosi\Desktop\retail_management_system\env\Lib\site-packages\django\core\servers\basehttp.py:213 log_message "GET /static/css/main.css HTTP/1.1" 404 179
WARNING 2025-09-03 00:22:18,336 django.server C:\Users\Thembinkosi\Desktop\retail_management_system\env\Lib\site-packages\django\core\servers\basehttp.py:213 log_message "GET /static/js/main.js HTTP/1.1" 404 179
INFO 2025-09-03 00:22:18,494 django.server C:\Users\Thembinkosi\Desktop\retail_management_system\env\Lib\site-packages\django\core\servers\basehttp.py:213 log_message "GET /favicon.ico HTTP/1.1" 204 0
INFO 2025-09-03 00:25:03,740 django.server C:\Users\Thembinkosi\Desktop\retail_management_system\env\Lib\site-packages\django\core\servers\basehttp.py:213 log_message "POST /inventory/product/create/ HTTP/1.1" 302 0
INFO 2025-09-03 00:25:03,956 django.server C:\Users\Thembinkosi\Desktop\retail_management_system\env\Lib\site-packages\django\core\servers\basehttp.py:213 log_message "GET /inventory/ HTTP/1.1" 200 39848
WARNING 2025-09-03 00:25:04,125 django.server C:\Users\Thembinkosi\Desktop\retail_management_system\env\Lib\site-packages\django\core\servers\basehttp.py:213 log_message "GET /static/js/main.js HTTP/1.1" 404 179
WARNING 2025-09-03 00:25:04,174 django.server C:\Users\Thembinkosi\Desktop\retail_management_system\env\Lib\site-packages\django\core\servers\basehttp.py:213 log_message "GET /static/css/main.css HTTP/1.1" 404 179
INFO 2025-09-03 00:25:04,346 django.server C:\Users\Thembinkosi\Desktop\retail_management_system\env\Lib\site-packages\django\core\servers\basehttp.py:213 log_message "GET /favicon.ico HTTP/1.1" 204 0
INFO 2025-09-03 00:25:49,542 django.server C:\Users\Thembinkosi\Desktop\retail_management_system\env\Lib\site-packages\django\core\servers\basehttp.py:213 log_message "GET /inventory/product/create/ HTTP/1.1" 200 32800
WARNING 2025-09-03 00:25:49,709 django.server C:\Users\Thembinkosi\Desktop\retail_management_system\env\Lib\site-packages\django\core\servers\basehttp.py:213 log_message "GET /static/css/main.css HTTP/1.1" 404 179
WARNING 2025-09-03 00:25:49,742 django.server C:\Users\Thembinkosi\Desktop\retail_management_system\env\Lib\site-packages\django\core\servers\basehttp.py:213 log_message "GET /static/js/main.js HTTP/1.1" 404 179
INFO 2025-09-03 00:25:49,959 django.server C:\Users\Thembinkosi\Desktop\retail_management_system\env\Lib\site-packages\django\core\servers\basehttp.py:213 log_message "GET /favicon.ico HTTP/1.1" 204 0
INFO 2025-09-03 00:28:41,118 django.server C:\Users\Thembinkosi\Desktop\retail_management_system\env\Lib\site-packages\django\core\servers\basehttp.py:213 log_message "POST /inventory/product/create/ HTTP/1.1" 302 0
INFO 2025-09-03 00:28:41,380 django.server C:\Users\Thembinkosi\Desktop\retail_management_system\env\Lib\site-packages\django\core\servers\basehttp.py:213 log_message "GET /inventory/ HTTP/1.1" 200 41478
WARNING 2025-09-03 00:28:41,547 django.server C:\Users\Thembinkosi\Desktop\retail_management_system\env\Lib\site-packages\django\core\servers\basehttp.py:213 log_message "GET /static/css/main.css HTTP/1.1" 404 179
WARNING 2025-09-03 00:28:41,579 django.server C:\Users\Thembinkosi\Desktop\retail_management_system\env\Lib\site-packages\django\core\servers\basehttp.py:213 log_message "GET /static/js/main.js HTTP/1.1" 404 179
INFO 2025-09-03 00:28:41,770 django.server C:\Users\Thembinkosi\Desktop\retail_management_system\env\Lib\site-packages\django\core\servers\basehttp.py:213 log_message "GET /favicon.ico HTTP/1.1" 204 0
INFO 2025-09-03 00:29:10,919 django.server C:\Users\Thembinkosi\Desktop\retail_management_system\env\Lib\site-packages\django\core\servers\basehttp.py:213 log_message "GET /inventory/product/create/ HTTP/1.1" 200 32800
WARNING 2025-09-03 00:29:11,171 django.server C:\Users\Thembinkosi\Desktop\retail_management_system\env\Lib\site-packages\django\core\servers\basehttp.py:213 log_message "GET /static/css/main.css HTTP/1.1" 404 179
WARNING 2025-09-03 00:29:11,173 django.server C:\Users\Thembinkosi\Desktop\retail_management_system\env\Lib\site-packages\django\core\servers\basehttp.py:213 log_message "GET /static/js/main.js HTTP/1.1" 404 179
INFO 2025-09-03 00:29:11,550 django.server C:\Users\Thembinkosi\Desktop\retail_management_system\env\Lib\site-packages\django\core\servers\basehttp.py:213 log_message "GET /favicon.ico HTTP/1.1" 204 0
INFO 2025-09-03 00:32:30,249 django.server C:\Users\Thembinkosi\Desktop\retail_management_system\env\Lib\site-packages\django\core\servers\basehttp.py:213 log_message "POST /inventory/product/create/ HTTP/1.1" 302 0
INFO 2025-09-03 00:32:30,409 django.server C:\Users\Thembinkosi\Desktop\retail_management_system\env\Lib\site-packages\django\core\servers\basehttp.py:213 log_message "GET /inventory/ HTTP/1.1" 200 43112
WARNING 2025-09-03 00:32:30,627 django.server C:\Users\Thembinkosi\Desktop\retail_management_system\env\Lib\site-packages\django\core\servers\basehttp.py:213 log_message "GET /static/css/main.css HTTP/1.1" 404 179
WARNING 2025-09-03 00:32:30,789 django.server C:\Users\Thembinkosi\Desktop\retail_management_system\env\Lib\site-packages\django\core\servers\basehttp.py:213 log_message "GET /static/js/main.js HTTP/1.1" 404 179
INFO 2025-09-03 00:32:31,020 django.server C:\Users\Thembinkosi\Desktop\retail_management_system\env\Lib\site-packages\django\core\servers\basehttp.py:213 log_message "GET /favicon.ico HTTP/1.1" 204 0
INFO 2025-09-03 00:33:07,111 django.server C:\Users\Thembinkosi\Desktop\retail_management_system\env\Lib\site-packages\django\core\servers\basehttp.py:213 log_message "GET /inventory/product/create/ HTTP/1.1" 200 32800
WARNING 2025-09-03 00:33:07,495 django.server C:\Users\Thembinkosi\Desktop\retail_management_system\env\Lib\site-packages\django\core\servers\basehttp.py:213 log_message "GET /static/js/main.js HTTP/1.1" 404 179
WARNING 2025-09-03 00:33:07,497 django.server C:\Users\Thembinkosi\Desktop\retail_management_system\env\Lib\site-packages\django\core\servers\basehttp.py:213 log_message "GET /static/css/main.css HTTP/1.1" 404 179
INFO 2025-09-03 00:33:07,640 django.server C:\Users\Thembinkosi\Desktop\retail_management_system\env\Lib\site-packages\django\core\servers\basehttp.py:213 log_message "GET /favicon.ico HTTP/1.1" 204 0
INFO 2025-09-03 00:35:32,835 django.server C:\Users\Thembinkosi\Desktop\retail_management_system\env\Lib\site-packages\django\core\servers\basehttp.py:213 log_message "POST /inventory/product/create/ HTTP/1.1" 302 0
INFO 2025-09-03 00:35:32,972 django.server C:\Users\Thembinkosi\Desktop\retail_management_system\env\Lib\site-packages\django\core\servers\basehttp.py:213 log_message "GET /inventory/ HTTP/1.1" 200 44747
WARNING 2025-09-03 00:35:33,138 django.server C:\Users\Thembinkosi\Desktop\retail_management_system\env\Lib\site-packages\django\core\servers\basehttp.py:213 log_message "GET /static/js/main.js HTTP/1.1" 404 179
WARNING 2025-09-03 00:35:33,140 django.server C:\Users\Thembinkosi\Desktop\retail_management_system\env\Lib\site-packages\django\core\servers\basehttp.py:213 log_message "GET /static/css/main.css HTTP/1.1" 404 179
INFO 2025-09-03 00:35:33,294 django.server C:\Users\Thembinkosi\Desktop\retail_management_system\env\Lib\site-packages\django\core\servers\basehttp.py:213 log_message "GET /favicon.ico HTTP/1.1" 204 0
INFO 2025-09-03 00:35:44,261 django.server C:\Users\Thembinkosi\Desktop\retail_management_system\env\Lib\site-packages\django\core\servers\basehttp.py:213 log_message "GET /inventory/product/create/ HTTP/1.1" 200 32800
WARNING 2025-09-03 00:35:44,512 django.server C:\Users\Thembinkosi\Desktop\retail_management_system\env\Lib\site-packages\django\core\servers\basehttp.py:213 log_message "GET /static/js/main.js HTTP/1.1" 404 179
WARNING 2025-09-03 00:35:44,551 django.server C:\Users\Thembinkosi\Desktop\retail_management_system\env\Lib\site-packages\django\core\servers\basehttp.py:213 log_message "GET /static/css/main.css HTTP/1.1" 404 179
INFO 2025-09-03 00:35:44,822 django.server C:\Users\Thembinkosi\Desktop\retail_management_system\env\Lib\site-packages\django\core\servers\basehttp.py:213 log_message "GET /favicon.ico HTTP/1.1" 204 0
INFO 2025-09-03 00:38:30,057 django.server C:\Users\Thembinkosi\Desktop\retail_management_system\env\Lib\site-packages\django\core\servers\basehttp.py:213 log_message "POST /inventory/product/create/ HTTP/1.1" 302 0
INFO 2025-09-03 00:38:30,229 django.server C:\Users\Thembinkosi\Desktop\retail_management_system\env\Lib\site-packages\django\core\servers\basehttp.py:213 log_message "GET /inventory/ HTTP/1.1" 200 46390
WARNING 2025-09-03 00:38:30,380 django.server C:\Users\Thembinkosi\Desktop\retail_management_system\env\Lib\site-packages\django\core\servers\basehttp.py:213 log_message "GET /static/css/main.css HTTP/1.1" 404 179
WARNING 2025-09-03 00:38:30,402 django.server C:\Users\Thembinkosi\Desktop\retail_management_system\env\Lib\site-packages\django\core\servers\basehttp.py:213 log_message "GET /static/js/main.js HTTP/1.1" 404 179
INFO 2025-09-03 00:38:30,564 django.server C:\Users\Thembinkosi\Desktop\retail_management_system\env\Lib\site-packages\django\core\servers\basehttp.py:213 log_message "GET /favicon.ico HTTP/1.1" 204 0
INFO 2025-09-03 00:38:42,944 django.server C:\Users\Thembinkosi\Desktop\retail_management_system\env\Lib\site-packages\django\core\servers\basehttp.py:213 log_message "GET /inventory/product/create/ HTTP/1.1" 200 32800
WARNING 2025-09-03 00:38:43,095 django.server C:\Users\Thembinkosi\Desktop\retail_management_system\env\Lib\site-packages\django\core\servers\basehttp.py:213 log_message "GET /static/js/main.js HTTP/1.1" 404 179
WARNING 2025-09-03 00:38:43,106 django.server C:\Users\Thembinkosi\Desktop\retail_management_system\env\Lib\site-packages\django\core\servers\basehttp.py:213 log_message "GET /static/css/main.css HTTP/1.1" 404 179
INFO 2025-09-03 00:38:43,277 django.server C:\Users\Thembinkosi\Desktop\retail_management_system\env\Lib\site-packages\django\core\servers\basehttp.py:213 log_message "GET /favicon.ico HTTP/1.1" 204 0
INFO 2025-09-03 00:41:00,585 django.server C:\Users\Thembinkosi\Desktop\retail_management_system\env\Lib\site-packages\django\core\servers\basehttp.py:213 log_message "POST /inventory/product/create/ HTTP/1.1" 302 0
INFO 2025-09-03 00:41:00,782 django.server C:\Users\Thembinkosi\Desktop\retail_management_system\env\Lib\site-packages\django\core\servers\basehttp.py:213 log_message "GET /inventory/ HTTP/1.1" 200 48038
WARNING 2025-09-03 00:41:00,940 django.server C:\Users\Thembinkosi\Desktop\retail_management_system\env\Lib\site-packages\django\core\servers\basehttp.py:213 log_message "GET /static/css/main.css HTTP/1.1" 404 179
WARNING 2025-09-03 00:41:00,947 django.server C:\Users\Thembinkosi\Desktop\retail_management_system\env\Lib\site-packages\django\core\servers\basehttp.py:213 log_message "GET /static/js/main.js HTTP/1.1" 404 179
INFO 2025-09-03 00:41:01,107 django.server C:\Users\Thembinkosi\Desktop\retail_management_system\env\Lib\site-packages\django\core\servers\basehttp.py:213 log_message "GET /favicon.ico HTTP/1.1" 204 0
INFO 2025-09-03 00:41:48,051 django.server C:\Users\Thembinkosi\Desktop\retail_management_system\env\Lib\site-packages\django\core\servers\basehttp.py:213 log_message "GET /inventory/product/add/ HTTP/1.1" 200 32800
WARNING 2025-09-03 00:41:48,243 django.server C:\Users\Thembinkosi\Desktop\retail_management_system\env\Lib\site-packages\django\core\servers\basehttp.py:213 log_message "GET /static/js/main.js HTTP/1.1" 404 179
WARNING 2025-09-03 00:41:48,257 django.server C:\Users\Thembinkosi\Desktop\retail_management_system\env\Lib\site-packages\django\core\servers\basehttp.py:213 log_message "GET /static/css/main.css HTTP/1.1" 404 179
INFO 2025-09-03 00:41:48,452 django.server C:\Users\Thembinkosi\Desktop\retail_management_system\env\Lib\site-packages\django\core\servers\basehttp.py:213 log_message "GET /favicon.ico HTTP/1.1" 204 0
INFO 2025-09-03 00:43:15,911 django.server C:\Users\Thembinkosi\Desktop\retail_management_system\env\Lib\site-packages\django\core\servers\basehttp.py:213 log_message "POST /inventory/product/add/ HTTP/1.1" 302 0
INFO 2025-09-03 00:43:16,055 django.server C:\Users\Thembinkosi\Desktop\retail_management_system\env\Lib\site-packages\django\core\servers\basehttp.py:213 log_message "GET /inventory/ HTTP/1.1" 200 49689
WARNING 2025-09-03 00:43:16,339 django.server C:\Users\Thembinkosi\Desktop\retail_management_system\env\Lib\site-packages\django\core\servers\basehttp.py:213 log_message "GET /static/css/main.css HTTP/1.1" 404 179
WARNING 2025-09-03 00:43:16,355 django.server C:\Users\Thembinkosi\Desktop\retail_management_system\env\Lib\site-packages\django\core\servers\basehttp.py:213 log_message "GET /static/js/main.js HTTP/1.1" 404 179
INFO 2025-09-03 00:43:16,600 django.server C:\Users\Thembinkosi\Desktop\retail_management_system\env\Lib\site-packages\django\core\servers\basehttp.py:213 log_message "GET /favicon.ico HTTP/1.1" 204 0
INFO 2025-09-03 00:43:27,447 django.server C:\Users\Thembinkosi\Desktop\retail_management_system\env\Lib\site-packages\django\core\servers\basehttp.py:213 log_message "GET /inventory/product/add/ HTTP/1.1" 200 32800
WARNING 2025-09-03 00:43:27,771 django.server C:\Users\Thembinkosi\Desktop\retail_management_system\env\Lib\site-packages\django\core\servers\basehttp.py:213 log_message "GET /static/js/main.js HTTP/1.1" 404 179
WARNING 2025-09-03 00:43:27,818 django.server C:\Users\Thembinkosi\Desktop\retail_management_system\env\Lib\site-packages\django\core\servers\basehttp.py:213 log_message "GET /static/css/main.css HTTP/1.1" 404 179
INFO 2025-09-03 00:43:28,127 django.server C:\Users\Thembinkosi\Desktop\retail_management_system\env\Lib\site-packages\django\core\servers\basehttp.py:213 log_message "GET /favicon.ico HTTP/1.1" 204 0
INFO 2025-09-03 00:46:07,309 django.server C:\Users\Thembinkosi\Desktop\retail_management_system\env\Lib\site-packages\django\core\servers\basehttp.py:213 log_message "POST /inventory/product/add/ HTTP/1.1" 302 0
INFO 2025-09-03 00:46:07,478 django.server C:\Users\Thembinkosi\Desktop\retail_management_system\env\Lib\site-packages\django\core\servers\basehttp.py:213 log_message "GET /inventory/ HTTP/1.1" 200 51346
WARNING 2025-09-03 00:46:07,718 django.server C:\Users\Thembinkosi\Desktop\retail_management_system\env\Lib\site-packages\django\core\servers\basehttp.py:213 log_message "GET /static/css/main.css HTTP/1.1" 404 179
WARNING 2025-09-03 00:46:07,724 django.server C:\Users\Thembinkosi\Desktop\retail_management_system\env\Lib\site-packages\django\core\servers\basehttp.py:213 log_message "GET /static/js/main.js HTTP/1.1" 404 179
INFO 2025-09-03 00:46:07,934 django.server C:\Users\Thembinkosi\Desktop\retail_management_system\env\Lib\site-packages\django\core\servers\basehttp.py:213 log_message "GET /favicon.ico HTTP/1.1" 204 0
INFO 2025-09-03 00:46:13,458 django.server C:\Users\Thembinkosi\Desktop\retail_management_system\env\Lib\site-packages\django\core\servers\basehttp.py:213 log_message "GET /inventory/product/create/ HTTP/1.1" 200 32800
WARNING 2025-09-03 00:46:13,618 django.server C:\Users\Thembinkosi\Desktop\retail_management_system\env\Lib\site-packages\django\core\servers\basehttp.py:213 log_message "GET /static/js/main.js HTTP/1.1" 404 179
WARNING 2025-09-03 00:46:13,640 django.server C:\Users\Thembinkosi\Desktop\retail_management_system\env\Lib\site-packages\django\core\servers\basehttp.py:213 log_message "GET /static/css/main.css HTTP/1.1" 404 179
INFO 2025-09-03 00:46:13,790 django.server C:\Users\Thembinkosi\Desktop\retail_management_system\env\Lib\site-packages\django\core\servers\basehttp.py:213 log_message "GET /favicon.ico HTTP/1.1" 204 0
INFO 2025-09-03 00:47:40,048 django.server C:\Users\Thembinkosi\Desktop\retail_management_system\env\Lib\site-packages\django\core\servers\basehttp.py:213 log_message "GET /inventory/category/create/ HTTP/1.1" 200 29486
WARNING 2025-09-03 00:47:40,217 django.server C:\Users\Thembinkosi\Desktop\retail_management_system\env\Lib\site-packages\django\core\servers\basehttp.py:213 log_message "GET /static/css/main.css HTTP/1.1" 404 179
WARNING 2025-09-03 00:47:40,249 django.server C:\Users\Thembinkosi\Desktop\retail_management_system\env\Lib\site-packages\django\core\servers\basehttp.py:213 log_message "GET /static/js/main.js HTTP/1.1" 404 179
INFO 2025-09-03 00:47:40,396 django.server C:\Users\Thembinkosi\Desktop\retail_management_system\env\Lib\site-packages\django\core\servers\basehttp.py:213 log_message "GET /favicon.ico HTTP/1.1" 204 0
INFO 2025-09-03 00:49:22,401 django.server C:\Users\Thembinkosi\Desktop\retail_management_system\env\Lib\site-packages\django\core\servers\basehttp.py:213 log_message "POST /inventory/category/create/ HTTP/1.1" 302 0
INFO 2025-09-03 00:49:22,534 django.server C:\Users\Thembinkosi\Desktop\retail_management_system\env\Lib\site-packages\django\core\servers\basehttp.py:213 log_message "GET /inventory/categories/ HTTP/1.1" 200 26126
WARNING 2025-09-03 00:49:22,687 django.server C:\Users\Thembinkosi\Desktop\retail_management_system\env\Lib\site-packages\django\core\servers\basehttp.py:213 log_message "GET /static/css/main.css HTTP/1.1" 404 179
WARNING 2025-09-03 00:49:22,736 django.server C:\Users\Thembinkosi\Desktop\retail_management_system\env\Lib\site-packages\django\core\servers\basehttp.py:213 log_message "GET /static/js/main.js HTTP/1.1" 404 179
INFO 2025-09-03 00:49:22,931 django.server C:\Users\Thembinkosi\Desktop\retail_management_system\env\Lib\site-packages\django\core\servers\basehttp.py:213 log_message "GET /favicon.ico HTTP/1.1" 204 0
INFO 2025-09-03 00:49:47,461 django.server C:\Users\Thembinkosi\Desktop\retail_management_system\env\Lib\site-packages\django\core\servers\basehttp.py:213 log_message "GET /inventory/product/create/ HTTP/1.1" 200 32839
WARNING 2025-09-03 00:49:47,668 django.server C:\Users\Thembinkosi\Desktop\retail_management_system\env\Lib\site-packages\django\core\servers\basehttp.py:213 log_message "GET /static/css/main.css HTTP/1.1" 404 179
WARNING 2025-09-03 00:49:47,689 django.server C:\Users\Thembinkosi\Desktop\retail_management_system\env\Lib\site-packages\django\core\servers\basehttp.py:213 log_message "GET /static/js/main.js HTTP/1.1" 404 179
INFO 2025-09-03 00:49:47,829 django.server C:\Users\Thembinkosi\Desktop\retail_management_system\env\Lib\site-packages\django\core\servers\basehttp.py:213 log_message "GET /favicon.ico HTTP/1.1" 204 0
INFO 2025-09-03 00:52:03,291 django.server C:\Users\Thembinkosi\Desktop\retail_management_system\env\Lib\site-packages\django\core\servers\basehttp.py:213 log_message "POST /inventory/product/create/ HTTP/1.1" 302 0
INFO 2025-09-03 00:52:03,548 django.server C:\Users\Thembinkosi\Desktop\retail_management_system\env\Lib\site-packages\django\core\servers\basehttp.py:213 log_message "GET /inventory/ HTTP/1.1" 200 52982
WARNING 2025-09-03 00:52:03,704 django.server C:\Users\Thembinkosi\Desktop\retail_management_system\env\Lib\site-packages\django\core\servers\basehttp.py:213 log_message "GET /static/css/main.css HTTP/1.1" 404 179
WARNING 2025-09-03 00:52:03,737 django.server C:\Users\Thembinkosi\Desktop\retail_management_system\env\Lib\site-packages\django\core\servers\basehttp.py:213 log_message "GET /static/js/main.js HTTP/1.1" 404 179
INFO 2025-09-03 00:52:03,891 django.server C:\Users\Thembinkosi\Desktop\retail_management_system\env\Lib\site-packages\django\core\servers\basehttp.py:213 log_message "GET /favicon.ico HTTP/1.1" 204 0
INFO 2025-09-03 00:52:51,118 django.server C:\Users\Thembinkosi\Desktop\retail_management_system\env\Lib\site-packages\django\core\servers\basehttp.py:213 log_message "GET /inventory/product/create/ HTTP/1.1" 200 32839
WARNING 2025-09-03 00:52:51,372 django.server C:\Users\Thembinkosi\Desktop\retail_management_system\env\Lib\site-packages\django\core\servers\basehttp.py:213 log_message "GET /static/css/main.css HTTP/1.1" 404 179
WARNING 2025-09-03 00:52:51,403 django.server C:\Users\Thembinkosi\Desktop\retail_management_system\env\Lib\site-packages\django\core\servers\basehttp.py:213 log_message "GET /static/js/main.js HTTP/1.1" 404 179
INFO 2025-09-03 00:52:51,644 django.server C:\Users\Thembinkosi\Desktop\retail_management_system\env\Lib\site-packages\django\core\servers\basehttp.py:213 log_message "GET /favicon.ico HTTP/1.1" 204 0
INFO 2025-09-03 00:55:37,887 django.server C:\Users\Thembinkosi\Desktop\retail_management_system\env\Lib\site-packages\django\core\servers\basehttp.py:213 log_message "POST /inventory/product/create/ HTTP/1.1" 302 0
INFO 2025-09-03 00:55:38,060 django.server C:\Users\Thembinkosi\Desktop\retail_management_system\env\Lib\site-packages\django\core\servers\basehttp.py:213 log_message "GET /inventory/ HTTP/1.1" 200 54621
WARNING 2025-09-03 00:55:38,359 django.server C:\Users\Thembinkosi\Desktop\retail_management_system\env\Lib\site-packages\django\core\servers\basehttp.py:213 log_message "GET /static/css/main.css HTTP/1.1" 404 179
WARNING 2025-09-03 00:55:38,436 django.server C:\Users\Thembinkosi\Desktop\retail_management_system\env\Lib\site-packages\django\core\servers\basehttp.py:213 log_message "GET /static/js/main.js HTTP/1.1" 404 179
INFO 2025-09-03 00:55:38,661 django.server C:\Users\Thembinkosi\Desktop\retail_management_system\env\Lib\site-packages\django\core\servers\basehttp.py:213 log_message "GET /favicon.ico HTTP/1.1" 204 0
INFO 2025-09-03 00:57:26,297 django.server C:\Users\Thembinkosi\Desktop\retail_management_system\env\Lib\site-packages\django\core\servers\basehttp.py:213 log_message "GET /inventory/product/add/ HTTP/1.1" 200 32839
WARNING 2025-09-03 00:57:26,535 django.server C:\Users\Thembinkosi\Desktop\retail_management_system\env\Lib\site-packages\django\core\servers\basehttp.py:213 log_message "GET /static/css/main.css HTTP/1.1" 404 179
WARNING 2025-09-03 00:57:26,538 django.server C:\Users\Thembinkosi\Desktop\retail_management_system\env\Lib\site-packages\django\core\servers\basehttp.py:213 log_message "GET /static/js/main.js HTTP/1.1" 404 179
INFO 2025-09-03 00:57:26,693 django.server C:\Users\Thembinkosi\Desktop\retail_management_system\env\Lib\site-packages\django\core\servers\basehttp.py:213 log_message "GET /favicon.ico HTTP/1.1" 204 0
INFO 2025-09-03 00:58:23,145 django.server C:\Users\Thembinkosi\Desktop\retail_management_system\env\Lib\site-packages\django\core\servers\basehttp.py:213 log_message "GET /inventory/category/create/ HTTP/1.1" 200 29525
WARNING 2025-09-03 00:58:23,415 django.server C:\Users\Thembinkosi\Desktop\retail_management_system\env\Lib\site-packages\django\core\servers\basehttp.py:213 log_message "GET /static/css/main.css HTTP/1.1" 404 179
WARNING 2025-09-03 00:58:23,460 django.server C:\Users\Thembinkosi\Desktop\retail_management_system\env\Lib\site-packages\django\core\servers\basehttp.py:213 log_message "GET /static/js/main.js HTTP/1.1" 404 179
INFO 2025-09-03 00:58:23,676 django.server C:\Users\Thembinkosi\Desktop\retail_management_system\env\Lib\site-packages\django\core\servers\basehttp.py:213 log_message "GET /favicon.ico HTTP/1.1" 204 0
INFO 2025-09-03 00:58:35,910 django.server C:\Users\Thembinkosi\Desktop\retail_management_system\env\Lib\site-packages\django\core\servers\basehttp.py:213 log_message "POST /inventory/category/create/ HTTP/1.1" 302 0
INFO 2025-09-03 00:58:36,096 django.server C:\Users\Thembinkosi\Desktop\retail_management_system\env\Lib\site-packages\django\core\servers\basehttp.py:213 log_message "GET /inventory/categories/ HTTP/1.1" 200 26164
WARNING 2025-09-03 00:58:36,264 django.server C:\Users\Thembinkosi\Desktop\retail_management_system\env\Lib\site-packages\django\core\servers\basehttp.py:213 log_message "GET /static/css/main.css HTTP/1.1" 404 179
WARNING 2025-09-03 00:58:36,296 django.server C:\Users\Thembinkosi\Desktop\retail_management_system\env\Lib\site-packages\django\core\servers\basehttp.py:213 log_message "GET /static/js/main.js HTTP/1.1" 404 179
INFO 2025-09-03 00:58:36,486 django.server C:\Users\Thembinkosi\Desktop\retail_management_system\env\Lib\site-packages\django\core\servers\basehttp.py:213 log_message "GET /favicon.ico HTTP/1.1" 204 0
INFO 2025-09-03 00:58:45,228 django.server C:\Users\Thembinkosi\Desktop\retail_management_system\env\Lib\site-packages\django\core\servers\basehttp.py:213 log_message "GET /inventory/product/create/ HTTP/1.1" 200 32878
WARNING 2025-09-03 00:58:45,534 django.server C:\Users\Thembinkosi\Desktop\retail_management_system\env\Lib\site-packages\django\core\servers\basehttp.py:213 log_message "GET /static/css/main.css HTTP/1.1" 404 179
WARNING 2025-09-03 00:58:45,641 django.server C:\Users\Thembinkosi\Desktop\retail_management_system\env\Lib\site-packages\django\core\servers\basehttp.py:213 log_message "GET /static/js/main.js HTTP/1.1" 404 179
INFO 2025-09-03 00:58:45,849 django.server C:\Users\Thembinkosi\Desktop\retail_management_system\env\Lib\site-packages\django\core\servers\basehttp.py:213 log_message "GET /favicon.ico HTTP/1.1" 204 0
INFO 2025-09-03 00:59:37,808 django.server C:\Users\Thembinkosi\Desktop\retail_management_system\env\Lib\site-packages\django\core\servers\basehttp.py:213 log_message "POST /inventory/product/create/ HTTP/1.1" 302 0
INFO 2025-09-03 00:59:38,015 django.server C:\Users\Thembinkosi\Desktop\retail_management_system\env\Lib\site-packages\django\core\servers\basehttp.py:213 log_message "GET /inventory/ HTTP/1.1" 200 56243
WARNING 2025-09-03 00:59:38,170 django.server C:\Users\Thembinkosi\Desktop\retail_management_system\env\Lib\site-packages\django\core\servers\basehttp.py:213 log_message "GET /static/js/main.js HTTP/1.1" 404 179
WARNING 2025-09-03 00:59:38,183 django.server C:\Users\Thembinkosi\Desktop\retail_management_system\env\Lib\site-packages\django\core\servers\basehttp.py:213 log_message "GET /static/css/main.css HTTP/1.1" 404 179
INFO 2025-09-03 00:59:38,324 django.server C:\Users\Thembinkosi\Desktop\retail_management_system\env\Lib\site-packages\django\core\servers\basehttp.py:213 log_message "GET /favicon.ico HTTP/1.1" 204 0
INFO 2025-09-03 01:01:43,867 django.server C:\Users\Thembinkosi\Desktop\retail_management_system\env\Lib\site-packages\django\core\servers\basehttp.py:213 log_message "GET /inventory/product/add/ HTTP/1.1" 200 32878
WARNING 2025-09-03 01:01:44,134 django.server C:\Users\Thembinkosi\Desktop\retail_management_system\env\Lib\site-packages\django\core\servers\basehttp.py:213 log_message "GET /static/css/main.css HTTP/1.1" 404 179
WARNING 2025-09-03 01:01:44,188 django.server C:\Users\Thembinkosi\Desktop\retail_management_system\env\Lib\site-packages\django\core\servers\basehttp.py:213 log_message "GET /static/js/main.js HTTP/1.1" 404 179
INFO 2025-09-03 01:01:44,316 django.server C:\Users\Thembinkosi\Desktop\retail_management_system\env\Lib\site-packages\django\core\servers\basehttp.py:213 log_message "GET /favicon.ico HTTP/1.1" 204 0
INFO 2025-09-03 01:02:34,511 django.server C:\Users\Thembinkosi\Desktop\retail_management_system\env\Lib\site-packages\django\core\servers\basehttp.py:213 log_message "POST /inventory/product/add/ HTTP/1.1" 302 0
INFO 2025-09-03 01:02:34,766 django.server C:\Users\Thembinkosi\Desktop\retail_management_system\env\Lib\site-packages\django\core\servers\basehttp.py:213 log_message "GET /inventory/ HTTP/1.1" 200 57876
WARNING 2025-09-03 01:02:34,968 django.server C:\Users\Thembinkosi\Desktop\retail_management_system\env\Lib\site-packages\django\core\servers\basehttp.py:213 log_message "GET /static/js/main.js HTTP/1.1" 404 179
WARNING 2025-09-03 01:02:34,993 django.server C:\Users\Thembinkosi\Desktop\retail_management_system\env\Lib\site-packages\django\core\servers\basehttp.py:213 log_message "GET /static/css/main.css HTTP/1.1" 404 179
INFO 2025-09-03 01:02:35,265 django.server C:\Users\Thembinkosi\Desktop\retail_management_system\env\Lib\site-packages\django\core\servers\basehttp.py:213 log_message "GET /favicon.ico HTTP/1.1" 204 0
INFO 2025-09-03 01:04:03,858 django.server C:\Users\Thembinkosi\Desktop\retail_management_system\env\Lib\site-packages\django\core\servers\basehttp.py:213 log_message "GET /inventory/category/create/ HTTP/1.1" 200 29564
WARNING 2025-09-03 01:04:04,147 django.server C:\Users\Thembinkosi\Desktop\retail_management_system\env\Lib\site-packages\django\core\servers\basehttp.py:213 log_message "GET /static/css/main.css HTTP/1.1" 404 179
WARNING 2025-09-03 01:04:04,227 django.server C:\Users\Thembinkosi\Desktop\retail_management_system\env\Lib\site-packages\django\core\servers\basehttp.py:213 log_message "GET /static/js/main.js HTTP/1.1" 404 179
INFO 2025-09-03 01:04:04,368 django.server C:\Users\Thembinkosi\Desktop\retail_management_system\env\Lib\site-packages\django\core\servers\basehttp.py:213 log_message "GET /favicon.ico HTTP/1.1" 204 0
INFO 2025-09-03 01:04:37,468 django.server C:\Users\Thembinkosi\Desktop\retail_management_system\env\Lib\site-packages\django\core\servers\basehttp.py:213 log_message "POST /inventory/category/create/ HTTP/1.1" 302 0
INFO 2025-09-03 01:04:37,577 django.server C:\Users\Thembinkosi\Desktop\retail_management_system\env\Lib\site-packages\django\core\servers\basehttp.py:213 log_message "GET /inventory/categories/ HTTP/1.1" 200 26201
WARNING 2025-09-03 01:04:37,748 django.server C:\Users\Thembinkosi\Desktop\retail_management_system\env\Lib\site-packages\django\core\servers\basehttp.py:213 log_message "GET /static/css/main.css HTTP/1.1" 404 179
WARNING 2025-09-03 01:04:37,797 django.server C:\Users\Thembinkosi\Desktop\retail_management_system\env\Lib\site-packages\django\core\servers\basehttp.py:213 log_message "GET /static/js/main.js HTTP/1.1" 404 179
INFO 2025-09-03 01:04:37,951 django.server C:\Users\Thembinkosi\Desktop\retail_management_system\env\Lib\site-packages\django\core\servers\basehttp.py:213 log_message "GET /favicon.ico HTTP/1.1" 204 0
INFO 2025-09-03 01:04:51,039 django.server C:\Users\Thembinkosi\Desktop\retail_management_system\env\Lib\site-packages\django\core\servers\basehttp.py:213 log_message "GET /inventory/ HTTP/1.1" 200 57535
WARNING 2025-09-03 01:04:51,338 django.server C:\Users\Thembinkosi\Desktop\retail_management_system\env\Lib\site-packages\django\core\servers\basehttp.py:213 log_message "GET /static/js/main.js HTTP/1.1" 404 179
WARNING 2025-09-03 01:04:51,379 django.server C:\Users\Thembinkosi\Desktop\retail_management_system\env\Lib\site-packages\django\core\servers\basehttp.py:213 log_message "GET /static/css/main.css HTTP/1.1" 404 179
INFO 2025-09-03 01:04:51,547 django.server C:\Users\Thembinkosi\Desktop\retail_management_system\env\Lib\site-packages\django\core\servers\basehttp.py:213 log_message "GET /favicon.ico HTTP/1.1" 204 0
INFO 2025-09-03 01:05:00,407 django.server C:\Users\Thembinkosi\Desktop\retail_management_system\env\Lib\site-packages\django\core\servers\basehttp.py:213 log_message "GET /inventory/product/18/edit/ HTTP/1.1" 200 33290
WARNING 2025-09-03 01:05:00,590 django.server C:\Users\Thembinkosi\Desktop\retail_management_system\env\Lib\site-packages\django\core\servers\basehttp.py:213 log_message "GET /static/css/main.css HTTP/1.1" 404 179
WARNING 2025-09-03 01:05:00,635 django.server C:\Users\Thembinkosi\Desktop\retail_management_system\env\Lib\site-packages\django\core\servers\basehttp.py:213 log_message "GET /static/js/main.js HTTP/1.1" 404 179
INFO 2025-09-03 01:05:00,809 django.server C:\Users\Thembinkosi\Desktop\retail_management_system\env\Lib\site-packages\django\core\servers\basehttp.py:213 log_message "GET /favicon.ico HTTP/1.1" 204 0
INFO 2025-09-03 01:05:12,829 django.server C:\Users\Thembinkosi\Desktop\retail_management_system\env\Lib\site-packages\django\core\servers\basehttp.py:213 log_message "POST /inventory/product/18/edit/ HTTP/1.1" 302 0
INFO 2025-09-03 01:05:13,278 django.server C:\Users\Thembinkosi\Desktop\retail_management_system\env\Lib\site-packages\django\core\servers\basehttp.py:213 log_message "GET /inventory/ HTTP/1.1" 200 57887
WARNING 2025-09-03 01:05:13,467 django.server C:\Users\Thembinkosi\Desktop\retail_management_system\env\Lib\site-packages\django\core\servers\basehttp.py:213 log_message "GET /static/js/main.js HTTP/1.1" 404 179
WARNING 2025-09-03 01:05:13,472 django.server C:\Users\Thembinkosi\Desktop\retail_management_system\env\Lib\site-packages\django\core\servers\basehttp.py:213 log_message "GET /static/css/main.css HTTP/1.1" 404 179
INFO 2025-09-03 01:05:13,677 django.server C:\Users\Thembinkosi\Desktop\retail_management_system\env\Lib\site-packages\django\core\servers\basehttp.py:213 log_message "GET /favicon.ico HTTP/1.1" 204 0
INFO 2025-09-03 01:05:19,862 django.server C:\Users\Thembinkosi\Desktop\retail_management_system\env\Lib\site-packages\django\core\servers\basehttp.py:213 log_message "GET /inventory/product/19/edit/ HTTP/1.1" 200 33333
WARNING 2025-09-03 01:05:20,096 django.server C:\Users\Thembinkosi\Desktop\retail_management_system\env\Lib\site-packages\django\core\servers\basehttp.py:213 log_message "GET /static/js/main.js HTTP/1.1" 404 179
WARNING 2025-09-03 01:05:20,114 django.server C:\Users\Thembinkosi\Desktop\retail_management_system\env\Lib\site-packages\django\core\servers\basehttp.py:213 log_message "GET /static/css/main.css HTTP/1.1" 404 179
INFO 2025-09-03 01:05:20,298 django.server C:\Users\Thembinkosi\Desktop\retail_management_system\env\Lib\site-packages\django\core\servers\basehttp.py:213 log_message "GET /favicon.ico HTTP/1.1" 204 0
INFO 2025-09-03 01:05:39,501 django.server C:\Users\Thembinkosi\Desktop\retail_management_system\env\Lib\site-packages\django\core\servers\basehttp.py:213 log_message "POST /inventory/product/19/edit/ HTTP/1.1" 302 0
INFO 2025-09-03 01:05:39,918 django.server C:\Users\Thembinkosi\Desktop\retail_management_system\env\Lib\site-packages\django\core\servers\basehttp.py:213 log_message "GET /inventory/ HTTP/1.1" 200 57890
WARNING 2025-09-03 01:05:40,088 django.server C:\Users\Thembinkosi\Desktop\retail_management_system\env\Lib\site-packages\django\core\servers\basehttp.py:213 log_message "GET /static/css/main.css HTTP/1.1" 404 179
WARNING 2025-09-03 01:05:40,098 django.server C:\Users\Thembinkosi\Desktop\retail_management_system\env\Lib\site-packages\django\core\servers\basehttp.py:213 log_message "GET /static/js/main.js HTTP/1.1" 404 179
INFO 2025-09-03 01:05:40,234 django.server C:\Users\Thembinkosi\Desktop\retail_management_system\env\Lib\site-packages\django\core\servers\basehttp.py:213 log_message "GET /favicon.ico HTTP/1.1" 204 0
INFO 2025-09-03 01:06:06,555 django.server C:\Users\Thembinkosi\Desktop\retail_management_system\env\Lib\site-packages\django\core\servers\basehttp.py:213 log_message "GET /inventory/product/add/ HTTP/1.1" 200 32916
WARNING 2025-09-03 01:06:06,727 django.server C:\Users\Thembinkosi\Desktop\retail_management_system\env\Lib\site-packages\django\core\servers\basehttp.py:213 log_message "GET /static/js/main.js HTTP/1.1" 404 179
WARNING 2025-09-03 01:06:06,731 django.server C:\Users\Thembinkosi\Desktop\retail_management_system\env\Lib\site-packages\django\core\servers\basehttp.py:213 log_message "GET /static/css/main.css HTTP/1.1" 404 179
INFO 2025-09-03 01:06:06,896 django.server C:\Users\Thembinkosi\Desktop\retail_management_system\env\Lib\site-packages\django\core\servers\basehttp.py:213 log_message "GET /favicon.ico HTTP/1.1" 204 0
INFO 2025-09-03 01:08:48,711 django.server C:\Users\Thembinkosi\Desktop\retail_management_system\env\Lib\site-packages\django\core\servers\basehttp.py:213 log_message "POST /inventory/product/add/ HTTP/1.1" 200 33971
WARNING 2025-09-03 01:08:48,867 django.server C:\Users\Thembinkosi\Desktop\retail_management_system\env\Lib\site-packages\django\core\servers\basehttp.py:213 log_message "GET /static/js/main.js HTTP/1.1" 404 179
WARNING 2025-09-03 01:08:48,872 django.server C:\Users\Thembinkosi\Desktop\retail_management_system\env\Lib\site-packages\django\core\servers\basehttp.py:213 log_message "GET /static/css/main.css HTTP/1.1" 404 179
INFO 2025-09-03 01:08:49,026 django.server C:\Users\Thembinkosi\Desktop\retail_management_system\env\Lib\site-packages\django\core\servers\basehttp.py:213 log_message "GET /favicon.ico HTTP/1.1" 204 0
INFO 2025-09-03 01:09:02,201 django.server C:\Users\Thembinkosi\Desktop\retail_management_system\env\Lib\site-packages\django\core\servers\basehttp.py:213 log_message "POST /inventory/product/add/ HTTP/1.1" 302 0
INFO 2025-09-03 01:09:02,372 django.server C:\Users\Thembinkosi\Desktop\retail_management_system\env\Lib\site-packages\django\core\servers\basehttp.py:213 log_message "GET /inventory/ HTTP/1.1" 200 59510
WARNING 2025-09-03 01:09:02,519 django.server C:\Users\Thembinkosi\Desktop\retail_management_system\env\Lib\site-packages\django\core\servers\basehttp.py:213 log_message "GET /static/css/main.css HTTP/1.1" 404 179
WARNING 2025-09-03 01:09:02,546 django.server C:\Users\Thembinkosi\Desktop\retail_management_system\env\Lib\site-packages\django\core\servers\basehttp.py:213 log_message "GET /static/js/main.js HTTP/1.1" 404 179
INFO 2025-09-03 01:09:02,686 django.server C:\Users\Thembinkosi\Desktop\retail_management_system\env\Lib\site-packages\django\core\servers\basehttp.py:213 log_message "GET /favicon.ico HTTP/1.1" 204 0
INFO 2025-09-03 01:09:19,107 django.server C:\Users\Thembinkosi\Desktop\retail_management_system\env\Lib\site-packages\django\core\servers\basehttp.py:213 log_message "GET /inventory/ HTTP/1.1" 200 59169
WARNING 2025-09-03 01:09:19,271 django.server C:\Users\Thembinkosi\Desktop\retail_management_system\env\Lib\site-packages\django\core\servers\basehttp.py:213 log_message "GET /static/js/main.js HTTP/1.1" 404 179
WARNING 2025-09-03 01:09:19,276 django.server C:\Users\Thembinkosi\Desktop\retail_management_system\env\Lib\site-packages\django\core\servers\basehttp.py:213 log_message "GET /static/css/main.css HTTP/1.1" 404 179
INFO 2025-09-03 01:09:19,546 django.server C:\Users\Thembinkosi\Desktop\retail_management_system\env\Lib\site-packages\django\core\servers\basehttp.py:213 log_message "GET /favicon.ico HTTP/1.1" 204 0
INFO 2025-09-03 01:09:23,958 django.server C:\Users\Thembinkosi\Desktop\retail_management_system\env\Lib\site-packages\django\core\servers\basehttp.py:213 log_message "GET /inventory/product/create/ HTTP/1.1" 200 32916
WARNING 2025-09-03 01:09:24,124 django.server C:\Users\Thembinkosi\Desktop\retail_management_system\env\Lib\site-packages\django\core\servers\basehttp.py:213 log_message "GET /static/js/main.js HTTP/1.1" 404 179
WARNING 2025-09-03 01:09:24,133 django.server C:\Users\Thembinkosi\Desktop\retail_management_system\env\Lib\site-packages\django\core\servers\basehttp.py:213 log_message "GET /static/css/main.css HTTP/1.1" 404 179
INFO 2025-09-03 01:09:24,438 django.server C:\Users\Thembinkosi\Desktop\retail_management_system\env\Lib\site-packages\django\core\servers\basehttp.py:213 log_message "GET /favicon.ico HTTP/1.1" 204 0
INFO 2025-09-03 01:11:24,626 django.server C:\Users\Thembinkosi\Desktop\retail_management_system\env\Lib\site-packages\django\core\servers\basehttp.py:213 log_message "POST /inventory/product/create/ HTTP/1.1" 302 0
INFO 2025-09-03 01:11:24,808 django.server C:\Users\Thembinkosi\Desktop\retail_management_system\env\Lib\site-packages\django\core\servers\basehttp.py:213 log_message "GET /inventory/ HTTP/1.1" 200 60209
WARNING 2025-09-03 01:11:25,026 django.server C:\Users\Thembinkosi\Desktop\retail_management_system\env\Lib\site-packages\django\core\servers\basehttp.py:213 log_message "GET /static/js/main.js HTTP/1.1" 404 179
WARNING 2025-09-03 01:11:25,027 django.server C:\Users\Thembinkosi\Desktop\retail_management_system\env\Lib\site-packages\django\core\servers\basehttp.py:213 log_message "GET /static/css/main.css HTTP/1.1" 404 179
INFO 2025-09-03 01:11:25,273 django.server C:\Users\Thembinkosi\Desktop\retail_management_system\env\Lib\site-packages\django\core\servers\basehttp.py:213 log_message "GET /favicon.ico HTTP/1.1" 204 0
INFO 2025-09-03 01:12:41,997 django.server C:\Users\Thembinkosi\Desktop\retail_management_system\env\Lib\site-packages\django\core\servers\basehttp.py:213 log_message "GET /inventory/?page=2 HTTP/1.1" 200 28716
WARNING 2025-09-03 01:12:42,164 django.server C:\Users\Thembinkosi\Desktop\retail_management_system\env\Lib\site-packages\django\core\servers\basehttp.py:213 log_message "GET /static/js/main.js HTTP/1.1" 404 179
WARNING 2025-09-03 01:12:42,171 django.server C:\Users\Thembinkosi\Desktop\retail_management_system\env\Lib\site-packages\django\core\servers\basehttp.py:213 log_message "GET /static/css/main.css HTTP/1.1" 404 179
INFO 2025-09-03 01:12:42,311 django.server C:\Users\Thembinkosi\Desktop\retail_management_system\env\Lib\site-packages\django\core\servers\basehttp.py:213 log_message "GET /favicon.ico HTTP/1.1" 204 0
INFO 2025-09-03 01:12:52,248 django.server C:\Users\Thembinkosi\Desktop\retail_management_system\env\Lib\site-packages\django\core\servers\basehttp.py:213 log_message "GET /inventory/?page=1 HTTP/1.1" 200 59868
WARNING 2025-09-03 01:12:52,412 django.server C:\Users\Thembinkosi\Desktop\retail_management_system\env\Lib\site-packages\django\core\servers\basehttp.py:213 log_message "GET /static/js/main.js HTTP/1.1" 404 179
WARNING 2025-09-03 01:12:52,419 django.server C:\Users\Thembinkosi\Desktop\retail_management_system\env\Lib\site-packages\django\core\servers\basehttp.py:213 log_message "GET /static/css/main.css HTTP/1.1" 404 179
INFO 2025-09-03 01:12:52,598 django.server C:\Users\Thembinkosi\Desktop\retail_management_system\env\Lib\site-packages\django\core\servers\basehttp.py:213 log_message "GET /favicon.ico HTTP/1.1" 204 0
INFO 2025-09-03 01:12:57,565 django.server C:\Users\Thembinkosi\Desktop\retail_management_system\env\Lib\site-packages\django\core\servers\basehttp.py:213 log_message "GET /inventory/product/add/ HTTP/1.1" 200 32916
WARNING 2025-09-03 01:12:57,736 django.server C:\Users\Thembinkosi\Desktop\retail_management_system\env\Lib\site-packages\django\core\servers\basehttp.py:213 log_message "GET /static/css/main.css HTTP/1.1" 404 179
WARNING 2025-09-03 01:12:57,756 django.server C:\Users\Thembinkosi\Desktop\retail_management_system\env\Lib\site-packages\django\core\servers\basehttp.py:213 log_message "GET /static/js/main.js HTTP/1.1" 404 179
INFO 2025-09-03 01:12:57,888 django.server C:\Users\Thembinkosi\Desktop\retail_management_system\env\Lib\site-packages\django\core\servers\basehttp.py:213 log_message "GET /favicon.ico HTTP/1.1" 204 0
INFO 2025-09-03 01:15:19,836 django.server C:\Users\Thembinkosi\Desktop\retail_management_system\env\Lib\site-packages\django\core\servers\basehttp.py:213 log_message "POST /inventory/product/add/ HTTP/1.1" 302 0
INFO 2025-09-03 01:15:20,036 django.server C:\Users\Thembinkosi\Desktop\retail_management_system\env\Lib\site-packages\django\core\servers\basehttp.py:213 log_message "GET /inventory/ HTTP/1.1" 200 60209
WARNING 2025-09-03 01:15:20,197 django.server C:\Users\Thembinkosi\Desktop\retail_management_system\env\Lib\site-packages\django\core\servers\basehttp.py:213 log_message "GET /static/js/main.js HTTP/1.1" 404 179
WARNING 2025-09-03 01:15:20,203 django.server C:\Users\Thembinkosi\Desktop\retail_management_system\env\Lib\site-packages\django\core\servers\basehttp.py:213 log_message "GET /static/css/main.css HTTP/1.1" 404 179
INFO 2025-09-03 01:15:20,418 django.server C:\Users\Thembinkosi\Desktop\retail_management_system\env\Lib\site-packages\django\core\servers\basehttp.py:213 log_message "GET /favicon.ico HTTP/1.1" 204 0
INFO 2025-09-03 01:16:58,962 django.server C:\Users\Thembinkosi\Desktop\retail_management_system\env\Lib\site-packages\django\core\servers\basehttp.py:213 log_message "GET /inventory/product/add/ HTTP/1.1" 200 32916
WARNING 2025-09-03 01:16:59,213 django.server C:\Users\Thembinkosi\Desktop\retail_management_system\env\Lib\site-packages\django\core\servers\basehttp.py:213 log_message "GET /static/css/main.css HTTP/1.1" 404 179
WARNING 2025-09-03 01:16:59,411 django.server C:\Users\Thembinkosi\Desktop\retail_management_system\env\Lib\site-packages\django\core\servers\basehttp.py:213 log_message "GET /static/js/main.js HTTP/1.1" 404 179
INFO 2025-09-03 01:16:59,698 django.server C:\Users\Thembinkosi\Desktop\retail_management_system\env\Lib\site-packages\django\core\servers\basehttp.py:213 log_message "GET /favicon.ico HTTP/1.1" 204 0
INFO 2025-09-03 01:19:11,892 django.server C:\Users\Thembinkosi\Desktop\retail_management_system\env\Lib\site-packages\django\core\servers\basehttp.py:213 log_message "POST /inventory/product/add/ HTTP/1.1" 302 0
INFO 2025-09-03 01:19:12,089 django.server C:\Users\Thembinkosi\Desktop\retail_management_system\env\Lib\site-packages\django\core\servers\basehttp.py:213 log_message "GET /inventory/ HTTP/1.1" 200 60209
WARNING 2025-09-03 01:19:12,251 django.server C:\Users\Thembinkosi\Desktop\retail_management_system\env\Lib\site-packages\django\core\servers\basehttp.py:213 log_message "GET /static/js/main.js HTTP/1.1" 404 179
WARNING 2025-09-03 01:19:12,285 django.server C:\Users\Thembinkosi\Desktop\retail_management_system\env\Lib\site-packages\django\core\servers\basehttp.py:213 log_message "GET /static/css/main.css HTTP/1.1" 404 179
INFO 2025-09-03 01:19:12,475 django.server C:\Users\Thembinkosi\Desktop\retail_management_system\env\Lib\site-packages\django\core\servers\basehttp.py:213 log_message "GET /favicon.ico HTTP/1.1" 204 0
INFO 2025-09-03 01:21:04,324 django.server C:\Users\Thembinkosi\Desktop\retail_management_system\env\Lib\site-packages\django\core\servers\basehttp.py:213 log_message "GET /inventory/ HTTP/1.1" 200 59868
WARNING 2025-09-03 01:21:04,486 django.server C:\Users\Thembinkosi\Desktop\retail_management_system\env\Lib\site-packages\django\core\servers\basehttp.py:213 log_message "GET /static/css/main.css HTTP/1.1" 404 179
WARNING 2025-09-03 01:21:04,492 django.server C:\Users\Thembinkosi\Desktop\retail_management_system\env\Lib\site-packages\django\core\servers\basehttp.py:213 log_message "GET /static/js/main.js HTTP/1.1" 404 179
INFO 2025-09-03 01:21:04,671 django.server C:\Users\Thembinkosi\Desktop\retail_management_system\env\Lib\site-packages\django\core\servers\basehttp.py:213 log_message "GET /favicon.ico HTTP/1.1" 204 0
INFO 2025-09-03 01:21:13,098 django.server C:\Users\Thembinkosi\Desktop\retail_management_system\env\Lib\site-packages\django\core\servers\basehttp.py:213 log_message "GET /inventory/product/add/ HTTP/1.1" 200 32916
WARNING 2025-09-03 01:21:13,297 django.server C:\Users\Thembinkosi\Desktop\retail_management_system\env\Lib\site-packages\django\core\servers\basehttp.py:213 log_message "GET /static/css/main.css HTTP/1.1" 404 179
WARNING 2025-09-03 01:21:13,302 django.server C:\Users\Thembinkosi\Desktop\retail_management_system\env\Lib\site-packages\django\core\servers\basehttp.py:213 log_message "GET /static/js/main.js HTTP/1.1" 404 179
INFO 2025-09-03 01:21:13,508 django.server C:\Users\Thembinkosi\Desktop\retail_management_system\env\Lib\site-packages\django\core\servers\basehttp.py:213 log_message "GET /favicon.ico HTTP/1.1" 204 0
INFO 2025-09-03 01:22:35,986 django.server C:\Users\Thembinkosi\Desktop\retail_management_system\env\Lib\site-packages\django\core\servers\basehttp.py:213 log_message "POST /inventory/product/add/ HTTP/1.1" 302 0
INFO 2025-09-03 01:22:36,198 django.server C:\Users\Thembinkosi\Desktop\retail_management_system\env\Lib\site-packages\django\core\servers\basehttp.py:213 log_message "GET /inventory/ HTTP/1.1" 200 60209
WARNING 2025-09-03 01:22:36,490 django.server C:\Users\Thembinkosi\Desktop\retail_management_system\env\Lib\site-packages\django\core\servers\basehttp.py:213 log_message "GET /static/css/main.css HTTP/1.1" 404 179
WARNING 2025-09-03 01:22:36,501 django.server C:\Users\Thembinkosi\Desktop\retail_management_system\env\Lib\site-packages\django\core\servers\basehttp.py:213 log_message "GET /static/js/main.js HTTP/1.1" 404 179
INFO 2025-09-03 01:22:36,689 django.server C:\Users\Thembinkosi\Desktop\retail_management_system\env\Lib\site-packages\django\core\servers\basehttp.py:213 log_message "GET /favicon.ico HTTP/1.1" 204 0
INFO 2025-09-03 01:24:42,872 django.server C:\Users\Thembinkosi\Desktop\retail_management_system\env\Lib\site-packages\django\core\servers\basehttp.py:213 log_message "GET /inventory/product/add/ HTTP/1.1" 200 32916
WARNING 2025-09-03 01:24:43,049 django.server C:\Users\Thembinkosi\Desktop\retail_management_system\env\Lib\site-packages\django\core\servers\basehttp.py:213 log_message "GET /static/css/main.css HTTP/1.1" 404 179
WARNING 2025-09-03 01:24:43,074 django.server C:\Users\Thembinkosi\Desktop\retail_management_system\env\Lib\site-packages\django\core\servers\basehttp.py:213 log_message "GET /static/js/main.js HTTP/1.1" 404 179
INFO 2025-09-03 01:24:43,261 django.server C:\Users\Thembinkosi\Desktop\retail_management_system\env\Lib\site-packages\django\core\servers\basehttp.py:213 log_message "GET /favicon.ico HTTP/1.1" 204 0
INFO 2025-09-03 01:26:05,542 django.server C:\Users\Thembinkosi\Desktop\retail_management_system\env\Lib\site-packages\django\core\servers\basehttp.py:213 log_message "POST /inventory/product/add/ HTTP/1.1" 302 0
INFO 2025-09-03 01:26:05,828 django.server C:\Users\Thembinkosi\Desktop\retail_management_system\env\Lib\site-packages\django\core\servers\basehttp.py:213 log_message "GET /inventory/ HTTP/1.1" 200 60209
WARNING 2025-09-03 01:26:06,009 django.server C:\Users\Thembinkosi\Desktop\retail_management_system\env\Lib\site-packages\django\core\servers\basehttp.py:213 log_message "GET /static/css/main.css HTTP/1.1" 404 179
WARNING 2025-09-03 01:26:06,014 django.server C:\Users\Thembinkosi\Desktop\retail_management_system\env\Lib\site-packages\django\core\servers\basehttp.py:213 log_message "GET /static/js/main.js HTTP/1.1" 404 179
INFO 2025-09-03 01:26:06,181 django.server C:\Users\Thembinkosi\Desktop\retail_management_system\env\Lib\site-packages\django\core\servers\basehttp.py:213 log_message "GET /favicon.ico HTTP/1.1" 204 0
INFO 2025-09-03 01:27:20,672 django.server C:\Users\Thembinkosi\Desktop\retail_management_system\env\Lib\site-packages\django\core\servers\basehttp.py:213 log_message "GET /inventory/product/add/ HTTP/1.1" 200 32916
WARNING 2025-09-03 01:27:20,867 django.server C:\Users\Thembinkosi\Desktop\retail_management_system\env\Lib\site-packages\django\core\servers\basehttp.py:213 log_message "GET /static/js/main.js HTTP/1.1" 404 179
WARNING 2025-09-03 01:27:20,939 django.server C:\Users\Thembinkosi\Desktop\retail_management_system\env\Lib\site-packages\django\core\servers\basehttp.py:213 log_message "GET /static/css/main.css HTTP/1.1" 404 179
INFO 2025-09-03 01:27:21,202 django.server C:\Users\Thembinkosi\Desktop\retail_management_system\env\Lib\site-packages\django\core\servers\basehttp.py:213 log_message "GET /favicon.ico HTTP/1.1" 204 0
INFO 2025-09-03 01:28:16,618 django.server C:\Users\Thembinkosi\Desktop\retail_management_system\env\Lib\site-packages\django\core\servers\basehttp.py:213 log_message "POST /inventory/product/add/ HTTP/1.1" 200 33916
WARNING 2025-09-03 01:28:16,930 django.server C:\Users\Thembinkosi\Desktop\retail_management_system\env\Lib\site-packages\django\core\servers\basehttp.py:213 log_message "GET /static/js/main.js HTTP/1.1" 404 179
WARNING 2025-09-03 01:28:16,931 django.server C:\Users\Thembinkosi\Desktop\retail_management_system\env\Lib\site-packages\django\core\servers\basehttp.py:213 log_message "GET /static/css/main.css HTTP/1.1" 404 179
INFO 2025-09-03 01:28:17,210 django.server C:\Users\Thembinkosi\Desktop\retail_management_system\env\Lib\site-packages\django\core\servers\basehttp.py:213 log_message "GET /favicon.ico HTTP/1.1" 204 0
INFO 2025-09-03 01:28:25,464 django.server C:\Users\Thembinkosi\Desktop\retail_management_system\env\Lib\site-packages\django\core\servers\basehttp.py:213 log_message "POST /inventory/product/add/ HTTP/1.1" 302 0
INFO 2025-09-03 01:28:25,692 django.server C:\Users\Thembinkosi\Desktop\retail_management_system\env\Lib\site-packages\django\core\servers\basehttp.py:213 log_message "GET /inventory/ HTTP/1.1" 200 60209
WARNING 2025-09-03 01:28:25,932 django.server C:\Users\Thembinkosi\Desktop\retail_management_system\env\Lib\site-packages\django\core\servers\basehttp.py:213 log_message "GET /static/js/main.js HTTP/1.1" 404 179
WARNING 2025-09-03 01:28:26,030 django.server C:\Users\Thembinkosi\Desktop\retail_management_system\env\Lib\site-packages\django\core\servers\basehttp.py:213 log_message "GET /static/css/main.css HTTP/1.1" 404 179
INFO 2025-09-03 01:28:26,244 django.server C:\Users\Thembinkosi\Desktop\retail_management_system\env\Lib\site-packages\django\core\servers\basehttp.py:213 log_message "GET /favicon.ico HTTP/1.1" 204 0
INFO 2025-09-03 01:28:48,135 django.server C:\Users\Thembinkosi\Desktop\retail_management_system\env\Lib\site-packages\django\core\servers\basehttp.py:213 log_message "GET /inventory/product/create/ HTTP/1.1" 200 32916
WARNING 2025-09-03 01:28:48,307 django.server C:\Users\Thembinkosi\Desktop\retail_management_system\env\Lib\site-packages\django\core\servers\basehttp.py:213 log_message "GET /static/css/main.css HTTP/1.1" 404 179
WARNING 2025-09-03 01:28:48,310 django.server C:\Users\Thembinkosi\Desktop\retail_management_system\env\Lib\site-packages\django\core\servers\basehttp.py:213 log_message "GET /static/js/main.js HTTP/1.1" 404 179
INFO 2025-09-03 01:28:48,519 django.server C:\Users\Thembinkosi\Desktop\retail_management_system\env\Lib\site-packages\django\core\servers\basehttp.py:213 log_message "GET /favicon.ico HTTP/1.1" 204 0
INFO 2025-09-03 01:28:50,961 django.server C:\Users\Thembinkosi\Desktop\retail_management_system\env\Lib\site-packages\django\core\servers\basehttp.py:213 log_message "GET /inventory/ HTTP/1.1" 200 59868
WARNING 2025-09-03 01:28:51,139 django.server C:\Users\Thembinkosi\Desktop\retail_management_system\env\Lib\site-packages\django\core\servers\basehttp.py:213 log_message "GET /static/js/main.js HTTP/1.1" 404 179
INFO 2025-09-03 01:28:51,371 django.server C:\Users\Thembinkosi\Desktop\retail_management_system\env\Lib\site-packages\django\core\servers\basehttp.py:213 log_message "GET /favicon.ico HTTP/1.1" 204 0
INFO 2025-09-03 01:28:55,869 django.server C:\Users\Thembinkosi\Desktop\retail_management_system\env\Lib\site-packages\django\core\servers\basehttp.py:213 log_message "GET /inventory/product/add/ HTTP/1.1" 200 32916
WARNING 2025-09-03 01:28:56,192 django.server C:\Users\Thembinkosi\Desktop\retail_management_system\env\Lib\site-packages\django\core\servers\basehttp.py:213 log_message "GET /static/js/main.js HTTP/1.1" 404 179
WARNING 2025-09-03 01:28:56,207 django.server C:\Users\Thembinkosi\Desktop\retail_management_system\env\Lib\site-packages\django\core\servers\basehttp.py:213 log_message "GET /static/css/main.css HTTP/1.1" 404 179
INFO 2025-09-03 01:28:56,501 django.server C:\Users\Thembinkosi\Desktop\retail_management_system\env\Lib\site-packages\django\core\servers\basehttp.py:213 log_message "GET /favicon.ico HTTP/1.1" 204 0
INFO 2025-09-03 01:31:52,958 django.server C:\Users\Thembinkosi\Desktop\retail_management_system\env\Lib\site-packages\django\core\servers\basehttp.py:213 log_message "POST /inventory/product/add/ HTTP/1.1" 302 0
INFO 2025-09-03 01:31:53,101 django.server C:\Users\Thembinkosi\Desktop\retail_management_system\env\Lib\site-packages\django\core\servers\basehttp.py:213 log_message "GET /inventory/ HTTP/1.1" 200 60209
WARNING 2025-09-03 01:31:53,354 django.server C:\Users\Thembinkosi\Desktop\retail_management_system\env\Lib\site-packages\django\core\servers\basehttp.py:213 log_message "GET /static/js/main.js HTTP/1.1" 404 179
WARNING 2025-09-03 01:31:53,368 django.server C:\Users\Thembinkosi\Desktop\retail_management_system\env\Lib\site-packages\django\core\servers\basehttp.py:213 log_message "GET /static/css/main.css HTTP/1.1" 404 179
INFO 2025-09-03 01:31:53,668 django.server C:\Users\Thembinkosi\Desktop\retail_management_system\env\Lib\site-packages\django\core\servers\basehttp.py:213 log_message "GET /favicon.ico HTTP/1.1" 204 0
INFO 2025-09-03 01:31:56,482 django.server C:\Users\Thembinkosi\Desktop\retail_management_system\env\Lib\site-packages\django\core\servers\basehttp.py:213 log_message "GET /accounts/logout/ HTTP/1.1" 302 0
INFO 2025-09-03 01:31:56,520 django.server C:\Users\Thembinkosi\Desktop\retail_management_system\env\Lib\site-packages\django\core\servers\basehttp.py:213 log_message "GET /accounts/login/ HTTP/1.1" 200 3711
WARNING 2025-09-03 01:31:56,539 django.server C:\Users\Thembinkosi\Desktop\retail_management_system\env\Lib\site-packages\django\core\servers\basehttp.py:213 log_message "GET /static/css/main.css HTTP/1.1" 404 179
WARNING 2025-09-03 01:31:56,540 django.server C:\Users\Thembinkosi\Desktop\retail_management_system\env\Lib\site-packages\django\core\servers\basehttp.py:213 log_message "GET /static/js/main.js HTTP/1.1" 404 179
INFO 2025-09-03 01:31:56,643 django.server C:\Users\Thembinkosi\Desktop\retail_management_system\env\Lib\site-packages\django\core\servers\basehttp.py:213 log_message "GET /favicon.ico HTTP/1.1" 302 0
INFO 2025-09-03 01:31:56,651 django.server C:\Users\Thembinkosi\Desktop\retail_management_system\env\Lib\site-packages\django\core\servers\basehttp.py:213 log_message "GET /accounts/login/generic/?next=/favicon.ico HTTP/1.1" 200 3711
INFO 2025-09-03 01:31:58,906 django.server C:\Users\Thembinkosi\Desktop\retail_management_system\env\Lib\site-packages\django\core\servers\basehttp.py:213 log_message "GET /accounts/login/customer/ HTTP/1.1" 200 5134
WARNING 2025-09-03 01:31:58,937 django.server C:\Users\Thembinkosi\Desktop\retail_management_system\env\Lib\site-packages\django\core\servers\basehttp.py:213 log_message "GET /static/css/main.css HTTP/1.1" 404 179
WARNING 2025-09-03 01:31:58,938 django.server C:\Users\Thembinkosi\Desktop\retail_management_system\env\Lib\site-packages\django\core\servers\basehttp.py:213 log_message "GET /static/js/main.js HTTP/1.1" 404 179
INFO 2025-09-03 01:31:59,689 django.server C:\Users\Thembinkosi\Desktop\retail_management_system\env\Lib\site-packages\django\core\servers\basehttp.py:213 log_message "GET /favicon.ico HTTP/1.1" 302 0
INFO 2025-09-03 01:31:59,747 django.server C:\Users\Thembinkosi\Desktop\retail_management_system\env\Lib\site-packages\django\core\servers\basehttp.py:213 log_message "GET /accounts/login/generic/?next=/favicon.ico HTTP/1.1" 200 3711
INFO 2025-09-03 01:32:06,356 django.server C:\Users\Thembinkosi\Desktop\retail_management_system\env\Lib\site-packages\django\core\servers\basehttp.py:213 log_message "POST /accounts/login/customer/ HTTP/1.1" 302 0
INFO 2025-09-03 01:32:06,692 django.server C:\Users\Thembinkosi\Desktop\retail_management_system\env\Lib\site-packages\django\core\servers\basehttp.py:213 log_message "GET /e_commerce/customer-accounts/ HTTP/1.1" 200 17922
WARNING 2025-09-03 01:32:06,854 django.server C:\Users\Thembinkosi\Desktop\retail_management_system\env\Lib\site-packages\django\core\servers\basehttp.py:213 log_message "GET /static/css/main.css HTTP/1.1" 404 179
WARNING 2025-09-03 01:32:06,874 django.server C:\Users\Thembinkosi\Desktop\retail_management_system\env\Lib\site-packages\django\core\servers\basehttp.py:213 log_message "GET /static/js/main.js HTTP/1.1" 404 179
INFO 2025-09-03 01:32:09,032 django.server C:\Users\Thembinkosi\Desktop\retail_management_system\env\Lib\site-packages\django\core\servers\basehttp.py:213 log_message "GET /favicon.ico HTTP/1.1" 204 0
INFO 2025-09-03 01:32:12,138 django.server C:\Users\Thembinkosi\Desktop\retail_management_system\env\Lib\site-packages\django\core\servers\basehttp.py:213 log_message "GET /e_commerce/products/ HTTP/1.1" 200 18719
WARNING 2025-09-03 01:32:12,303 django.server C:\Users\Thembinkosi\Desktop\retail_management_system\env\Lib\site-packages\django\core\servers\basehttp.py:213 log_message "GET /static/js/main.js HTTP/1.1" 404 179
WARNING 2025-09-03 01:32:12,323 django.server C:\Users\Thembinkosi\Desktop\retail_management_system\env\Lib\site-packages\django\core\servers\basehttp.py:213 log_message "GET /static/css/main.css HTTP/1.1" 404 179
INFO 2025-09-03 01:32:12,607 django.server C:\Users\Thembinkosi\Desktop\retail_management_system\env\Lib\site-packages\django\core\servers\basehttp.py:213 log_message "GET /favicon.ico HTTP/1.1" 204 0
INFO 2025-09-03 01:33:35,546 django.server C:\Users\Thembinkosi\Desktop\retail_management_system\env\Lib\site-packages\django\core\servers\basehttp.py:213 log_message "GET /e_commerce/products/ HTTP/1.1" 200 18719
WARNING 2025-09-03 01:33:35,821 django.server C:\Users\Thembinkosi\Desktop\retail_management_system\env\Lib\site-packages\django\core\servers\basehttp.py:213 log_message "GET /static/js/main.js HTTP/1.1" 404 179
WARNING 2025-09-03 01:33:35,863 django.server C:\Users\Thembinkosi\Desktop\retail_management_system\env\Lib\site-packages\django\core\servers\basehttp.py:213 log_message "GET /static/css/main.css HTTP/1.1" 404 179
INFO 2025-09-03 01:33:36,132 django.server C:\Users\Thembinkosi\Desktop\retail_management_system\env\Lib\site-packages\django\core\servers\basehttp.py:213 log_message "GET /favicon.ico HTTP/1.1" 204 0
WARNING 2025-09-03 01:35:37,681 django.server C:\Users\Thembinkosi\Desktop\retail_management_system\env\Lib\site-packages\django\core\servers\basehttp.py:213 log_message "GET /sales/orders/ HTTP/1.1" 403 45
INFO 2025-09-03 01:35:38,238 django.server C:\Users\Thembinkosi\Desktop\retail_management_system\env\Lib\site-packages\django\core\servers\basehttp.py:213 log_message "GET /favicon.ico HTTP/1.1" 204 0
WARNING 2025-09-03 01:35:40,308 django.server C:\Users\Thembinkosi\Desktop\retail_management_system\env\Lib\site-packages\django\core\servers\basehttp.py:213 log_message "GET /static/css/main.css HTTP/1.1" 404 179
WARNING 2025-09-03 01:35:40,331 django.server C:\Users\Thembinkosi\Desktop\retail_management_system\env\Lib\site-packages\django\core\servers\basehttp.py:213 log_message "GET /static/js/main.js HTTP/1.1" 404 179
INFO 2025-09-03 01:35:40,579 django.server C:\Users\Thembinkosi\Desktop\retail_management_system\env\Lib\site-packages\django\core\servers\basehttp.py:213 log_message "GET /favicon.ico HTTP/1.1" 204 0
INFO 2025-09-03 01:39:03,990 django.server C:\Users\Thembinkosi\Desktop\retail_management_system\env\Lib\site-packages\django\core\servers\basehttp.py:213 log_message "GET /e_commerce/products/ HTTP/1.1" 200 19890
WARNING 2025-09-03 01:39:04,240 django.server C:\Users\Thembinkosi\Desktop\retail_management_system\env\Lib\site-packages\django\core\servers\basehttp.py:213 log_message "GET /static/js/main.js HTTP/1.1" 404 179
WARNING 2025-09-03 01:39:04,240 django.server C:\Users\Thembinkosi\Desktop\retail_management_system\env\Lib\site-packages\django\core\servers\basehttp.py:213 log_message "GET /static/css/main.css HTTP/1.1" 404 179
INFO 2025-09-03 01:39:04,483 django.server C:\Users\Thembinkosi\Desktop\retail_management_system\env\Lib\site-packages\django\core\servers\basehttp.py:213 log_message "GET /favicon.ico HTTP/1.1" 204 0
INFO 2025-09-03 01:39:40,078 django.server C:\Users\Thembinkosi\Desktop\retail_management_system\env\Lib\site-packages\django\core\servers\basehttp.py:213 log_message "GET /accounts/logout/ HTTP/1.1" 302 0
INFO 2025-09-03 01:39:40,105 django.server C:\Users\Thembinkosi\Desktop\retail_management_system\env\Lib\site-packages\django\core\servers\basehttp.py:213 log_message "GET /accounts/login/ HTTP/1.1" 200 3711
WARNING 2025-09-03 01:39:40,133 django.server C:\Users\Thembinkosi\Desktop\retail_management_system\env\Lib\site-packages\django\core\servers\basehttp.py:213 log_message "GET /static/js/main.js HTTP/1.1" 404 179
WARNING 2025-09-03 01:39:40,134 django.server C:\Users\Thembinkosi\Desktop\retail_management_system\env\Lib\site-packages\django\core\servers\basehttp.py:213 log_message "GET /static/css/main.css HTTP/1.1" 404 179
INFO 2025-09-03 01:39:40,203 django.server C:\Users\Thembinkosi\Desktop\retail_management_system\env\Lib\site-packages\django\core\servers\basehttp.py:213 log_message "GET /favicon.ico HTTP/1.1" 302 0
INFO 2025-09-03 01:39:40,218 django.server C:\Users\Thembinkosi\Desktop\retail_management_system\env\Lib\site-packages\django\core\servers\basehttp.py:213 log_message "GET /accounts/login/generic/?next=/favicon.ico HTTP/1.1" 200 3711
INFO 2025-09-03 01:39:41,618 django.server C:\Users\Thembinkosi\Desktop\retail_management_system\env\Lib\site-packages\django\core\servers\basehttp.py:213 log_message "GET /accounts/login/staff/ HTTP/1.1" 200 4809
WARNING 2025-09-03 01:39:41,712 django.server C:\Users\Thembinkosi\Desktop\retail_management_system\env\Lib\site-packages\django\core\servers\basehttp.py:213 log_message "GET /static/js/main.js HTTP/1.1" 404 179
WARNING 2025-09-03 01:39:41,714 django.server C:\Users\Thembinkosi\Desktop\retail_management_system\env\Lib\site-packages\django\core\servers\basehttp.py:213 log_message "GET /static/css/main.css HTTP/1.1" 404 179
INFO 2025-09-03 01:39:41,797 django.server C:\Users\Thembinkosi\Desktop\retail_management_system\env\Lib\site-packages\django\core\servers\basehttp.py:213 log_message "GET /favicon.ico HTTP/1.1" 302 0
INFO 2025-09-03 01:39:41,830 django.server C:\Users\Thembinkosi\Desktop\retail_management_system\env\Lib\site-packages\django\core\servers\basehttp.py:213 log_message "GET /accounts/login/generic/?next=/favicon.ico HTTP/1.1" 200 3711
INFO 2025-09-03 01:39:46,667 django.server C:\Users\Thembinkosi\Desktop\retail_management_system\env\Lib\site-packages\django\core\servers\basehttp.py:213 log_message "POST /accounts/login/staff/ HTTP/1.1" 302 0
INFO 2025-09-03 01:39:47,429 django.server C:\Users\Thembinkosi\Desktop\retail_management_system\env\Lib\site-packages\django\core\servers\basehttp.py:213 log_message "GET / HTTP/1.1" 200 32596
WARNING 2025-09-03 01:39:47,738 django.server C:\Users\Thembinkosi\Desktop\retail_management_system\env\Lib\site-packages\django\core\servers\basehttp.py:213 log_message "GET /static/css/main.css HTTP/1.1" 404 179
WARNING 2025-09-03 01:39:47,747 django.server C:\Users\Thembinkosi\Desktop\retail_management_system\env\Lib\site-packages\django\core\servers\basehttp.py:213 log_message "GET /static/js/main.js HTTP/1.1" 404 179
INFO 2025-09-03 01:39:48,108 django.server C:\Users\Thembinkosi\Desktop\retail_management_system\env\Lib\site-packages\django\core\servers\basehttp.py:213 log_message "GET /favicon.ico HTTP/1.1" 204 0
INFO 2025-09-03 01:39:53,312 django.server C:\Users\Thembinkosi\Desktop\retail_management_system\env\Lib\site-packages\django\core\servers\basehttp.py:213 log_message "GET /inventory/ HTTP/1.1" 200 59868
WARNING 2025-09-03 01:39:53,503 django.server C:\Users\Thembinkosi\Desktop\retail_management_system\env\Lib\site-packages\django\core\servers\basehttp.py:213 log_message "GET /static/css/main.css HTTP/1.1" 404 179
WARNING 2025-09-03 01:39:53,545 django.server C:\Users\Thembinkosi\Desktop\retail_management_system\env\Lib\site-packages\django\core\servers\basehttp.py:213 log_message "GET /static/js/main.js HTTP/1.1" 404 179
INFO 2025-09-03 01:39:53,792 django.server C:\Users\Thembinkosi\Desktop\retail_management_system\env\Lib\site-packages\django\core\servers\basehttp.py:213 log_message "GET /favicon.ico HTTP/1.1" 204 0
INFO 2025-09-03 01:40:06,318 django.server C:\Users\Thembinkosi\Desktop\retail_management_system\env\Lib\site-packages\django\core\servers\basehttp.py:213 log_message "GET /inventory/product/1/ HTTP/1.1" 200 33418
WARNING 2025-09-03 01:40:06,795 django.server C:\Users\Thembinkosi\Desktop\retail_management_system\env\Lib\site-packages\django\core\servers\basehttp.py:213 log_message "GET /static/js/main.js HTTP/1.1" 404 179
WARNING 2025-09-03 01:40:06,799 django.server C:\Users\Thembinkosi\Desktop\retail_management_system\env\Lib\site-packages\django\core\servers\basehttp.py:213 log_message "GET /static/css/main.css HTTP/1.1" 404 179
INFO 2025-09-03 01:40:07,072 django.server C:\Users\Thembinkosi\Desktop\retail_management_system\env\Lib\site-packages\django\core\servers\basehttp.py:213 log_message "GET /favicon.ico HTTP/1.1" 204 0
WARNING 2025-09-03 01:40:20,537 django.server C:\Users\Thembinkosi\Desktop\retail_management_system\env\Lib\site-packages\django\core\servers\basehttp.py:213 log_message "GET /static/js/main.js HTTP/1.1" 404 179
WARNING 2025-09-03 01:40:20,638 django.server C:\Users\Thembinkosi\Desktop\retail_management_system\env\Lib\site-packages\django\core\servers\basehttp.py:213 log_message "GET /static/css/main.css HTTP/1.1" 404 179
INFO 2025-09-03 01:40:20,938 django.server C:\Users\Thembinkosi\Desktop\retail_management_system\env\Lib\site-packages\django\core\servers\basehttp.py:213 log_message "GET /favicon.ico HTTP/1.1" 204 0
INFO 2025-09-03 01:40:24,369 django.server C:\Users\Thembinkosi\Desktop\retail_management_system\env\Lib\site-packages\django\core\servers\basehttp.py:213 log_message "GET /inventory/product/2/ HTTP/1.1" 200 33604
WARNING 2025-09-03 01:40:24,621 django.server C:\Users\Thembinkosi\Desktop\retail_management_system\env\Lib\site-packages\django\core\servers\basehttp.py:213 log_message "GET /static/js/main.js HTTP/1.1" 404 179
WARNING 2025-09-03 01:40:24,756 django.server C:\Users\Thembinkosi\Desktop\retail_management_system\env\Lib\site-packages\django\core\servers\basehttp.py:213 log_message "GET /static/css/main.css HTTP/1.1" 404 179
INFO 2025-09-03 01:40:24,985 django.server C:\Users\Thembinkosi\Desktop\retail_management_system\env\Lib\site-packages\django\core\servers\basehttp.py:213 log_message "GET /favicon.ico HTTP/1.1" 204 0
WARNING 2025-09-03 01:41:33,419 django.server C:\Users\Thembinkosi\Desktop\retail_management_system\env\Lib\site-packages\django\core\servers\basehttp.py:213 log_message "GET /static/css/main.css HTTP/1.1" 404 179
WARNING 2025-09-03 01:41:33,420 django.server C:\Users\Thembinkosi\Desktop\retail_management_system\env\Lib\site-packages\django\core\servers\basehttp.py:213 log_message "GET /static/js/main.js HTTP/1.1" 404 179
INFO 2025-09-03 01:41:33,634 django.server C:\Users\Thembinkosi\Desktop\retail_management_system\env\Lib\site-packages\django\core\servers\basehttp.py:213 log_message "GET /favicon.ico HTTP/1.1" 204 0
INFO 2025-09-03 01:41:36,913 django.server C:\Users\Thembinkosi\Desktop\retail_management_system\env\Lib\site-packages\django\core\servers\basehttp.py:213 log_message "GET /inventory/product/6/edit/ HTTP/1.1" 200 33886
WARNING 2025-09-03 01:41:37,101 django.server C:\Users\Thembinkosi\Desktop\retail_management_system\env\Lib\site-packages\django\core\servers\basehttp.py:213 log_message "GET /static/css/main.css HTTP/1.1" 404 179
WARNING 2025-09-03 01:41:37,120 django.server C:\Users\Thembinkosi\Desktop\retail_management_system\env\Lib\site-packages\django\core\servers\basehttp.py:213 log_message "GET /static/js/main.js HTTP/1.1" 404 179
INFO 2025-09-03 01:41:37,308 django.server C:\Users\Thembinkosi\Desktop\retail_management_system\env\Lib\site-packages\django\core\servers\basehttp.py:213 log_message "GET /favicon.ico HTTP/1.1" 204 0
WARNING 2025-09-03 01:41:39,540 django.server C:\Users\Thembinkosi\Desktop\retail_management_system\env\Lib\site-packages\django\core\servers\basehttp.py:213 log_message "GET /static/css/main.css HTTP/1.1" 404 179
WARNING 2025-09-03 01:41:39,620 django.server C:\Users\Thembinkosi\Desktop\retail_management_system\env\Lib\site-packages\django\core\servers\basehttp.py:213 log_message "GET /static/js/main.js HTTP/1.1" 404 179
INFO 2025-09-03 01:41:39,799 django.server C:\Users\Thembinkosi\Desktop\retail_management_system\env\Lib\site-packages\django\core\servers\basehttp.py:213 log_message "GET /favicon.ico HTTP/1.1" 204 0
INFO 2025-09-03 01:41:41,645 django.server C:\Users\Thembinkosi\Desktop\retail_management_system\env\Lib\site-packages\django\core\servers\basehttp.py:213 log_message "GET /inventory/product/4/ HTTP/1.1" 200 33667
WARNING 2025-09-03 01:41:41,870 django.server C:\Users\Thembinkosi\Desktop\retail_management_system\env\Lib\site-packages\django\core\servers\basehttp.py:213 log_message "GET /static/css/main.css HTTP/1.1" 404 179
WARNING 2025-09-03 01:41:41,900 django.server C:\Users\Thembinkosi\Desktop\retail_management_system\env\Lib\site-packages\django\core\servers\basehttp.py:213 log_message "GET /static/js/main.js HTTP/1.1" 404 179
INFO 2025-09-03 01:41:42,071 django.server C:\Users\Thembinkosi\Desktop\retail_management_system\env\Lib\site-packages\django\core\servers\basehttp.py:213 log_message "GET /favicon.ico HTTP/1.1" 204 0
INFO 2025-09-03 01:43:24,246 django.server C:\Users\Thembinkosi\Desktop\retail_management_system\env\Lib\site-packages\django\core\servers\basehttp.py:213 log_message "GET /inventory/stock/movements/?product=4 HTTP/1.1" 200 26226
WARNING 2025-09-03 01:43:24,474 django.server C:\Users\Thembinkosi\Desktop\retail_management_system\env\Lib\site-packages\django\core\servers\basehttp.py:213 log_message "GET /static/css/main.css HTTP/1.1" 404 179
WARNING 2025-09-03 01:43:24,483 django.server C:\Users\Thembinkosi\Desktop\retail_management_system\env\Lib\site-packages\django\core\servers\basehttp.py:213 log_message "GET /static/js/main.js HTTP/1.1" 404 179
INFO 2025-09-03 01:43:24,779 django.server C:\Users\Thembinkosi\Desktop\retail_management_system\env\Lib\site-packages\django\core\servers\basehttp.py:213 log_message "GET /favicon.ico HTTP/1.1" 204 0
WARNING 2025-09-03 01:43:28,738 django.server C:\Users\Thembinkosi\Desktop\retail_management_system\env\Lib\site-packages\django\core\servers\basehttp.py:213 log_message "GET /static/css/main.css HTTP/1.1" 404 179
WARNING 2025-09-03 01:43:28,831 django.server C:\Users\Thembinkosi\Desktop\retail_management_system\env\Lib\site-packages\django\core\servers\basehttp.py:213 log_message "GET /static/js/main.js HTTP/1.1" 404 179
INFO 2025-09-03 01:43:29,090 django.server C:\Users\Thembinkosi\Desktop\retail_management_system\env\Lib\site-packages\django\core\servers\basehttp.py:213 log_message "GET /favicon.ico HTTP/1.1" 204 0
INFO 2025-09-03 01:46:00,330 django.server C:\Users\Thembinkosi\Desktop\retail_management_system\env\Lib\site-packages\django\core\servers\basehttp.py:213 log_message "GET /inventory/stock/adjust/?product=4 HTTP/1.1" 200 28104
WARNING 2025-09-03 01:46:00,516 django.server C:\Users\Thembinkosi\Desktop\retail_management_system\env\Lib\site-packages\django\core\servers\basehttp.py:213 log_message "GET /static/css/main.css HTTP/1.1" 404 179
WARNING 2025-09-03 01:46:00,540 django.server C:\Users\Thembinkosi\Desktop\retail_management_system\env\Lib\site-packages\django\core\servers\basehttp.py:213 log_message "GET /static/js/main.js HTTP/1.1" 404 179
INFO 2025-09-03 01:46:00,713 django.server C:\Users\Thembinkosi\Desktop\retail_management_system\env\Lib\site-packages\django\core\servers\basehttp.py:213 log_message "GET /favicon.ico HTTP/1.1" 204 0
INFO 2025-09-03 01:46:32,712 django.server C:\Users\Thembinkosi\Desktop\retail_management_system\env\Lib\site-packages\django\core\servers\basehttp.py:213 log_message "POST /inventory/stock/adjust/?product=4 HTTP/1.1" 302 0
INFO 2025-09-03 01:46:32,926 django.server C:\Users\Thembinkosi\Desktop\retail_management_system\env\Lib\site-packages\django\core\servers\basehttp.py:213 log_message "GET /inventory/stock/ HTTP/1.1" 200 27559
WARNING 2025-09-03 01:46:33,126 django.server C:\Users\Thembinkosi\Desktop\retail_management_system\env\Lib\site-packages\django\core\servers\basehttp.py:213 log_message "GET /static/js/main.js HTTP/1.1" 404 179
WARNING 2025-09-03 01:46:33,131 django.server C:\Users\Thembinkosi\Desktop\retail_management_system\env\Lib\site-packages\django\core\servers\basehttp.py:213 log_message "GET /static/css/main.css HTTP/1.1" 404 179
INFO 2025-09-03 01:46:33,415 django.server C:\Users\Thembinkosi\Desktop\retail_management_system\env\Lib\site-packages\django\core\servers\basehttp.py:213 log_message "GET /favicon.ico HTTP/1.1" 204 0
INFO 2025-09-03 01:46:52,284 django.server C:\Users\Thembinkosi\Desktop\retail_management_system\env\Lib\site-packages\django\core\servers\basehttp.py:213 log_message "GET /inventory/stock/adjust/ HTTP/1.1" 200 28104
WARNING 2025-09-03 01:46:52,557 django.server C:\Users\Thembinkosi\Desktop\retail_management_system\env\Lib\site-packages\django\core\servers\basehttp.py:213 log_message "GET /static/js/main.js HTTP/1.1" 404 179
WARNING 2025-09-03 01:46:52,568 django.server C:\Users\Thembinkosi\Desktop\retail_management_system\env\Lib\site-packages\django\core\servers\basehttp.py:213 log_message "GET /static/css/main.css HTTP/1.1" 404 179
INFO 2025-09-03 01:46:52,797 django.server C:\Users\Thembinkosi\Desktop\retail_management_system\env\Lib\site-packages\django\core\servers\basehttp.py:213 log_message "GET /favicon.ico HTTP/1.1" 204 0
INFO 2025-09-03 01:46:55,286 django.server C:\Users\Thembinkosi\Desktop\retail_management_system\env\Lib\site-packages\django\core\servers\basehttp.py:213 log_message "GET /inventory/stock/ HTTP/1.1" 200 27219
WARNING 2025-09-03 01:46:55,656 django.server C:\Users\Thembinkosi\Desktop\retail_management_system\env\Lib\site-packages\django\core\servers\basehttp.py:213 log_message "GET /static/css/main.css HTTP/1.1" 404 179
WARNING 2025-09-03 01:46:55,756 django.server C:\Users\Thembinkosi\Desktop\retail_management_system\env\Lib\site-packages\django\core\servers\basehttp.py:213 log_message "GET /static/js/main.js HTTP/1.1" 404 179
INFO 2025-09-03 01:46:55,906 django.server C:\Users\Thembinkosi\Desktop\retail_management_system\env\Lib\site-packages\django\core\servers\basehttp.py:213 log_message "GET /favicon.ico HTTP/1.1" 204 0
INFO 2025-09-03 01:47:03,611 django.server C:\Users\Thembinkosi\Desktop\retail_management_system\env\Lib\site-packages\django\core\servers\basehttp.py:213 log_message "GET /inventory/stock/ HTTP/1.1" 200 27219
WARNING 2025-09-03 01:47:03,797 django.server C:\Users\Thembinkosi\Desktop\retail_management_system\env\Lib\site-packages\django\core\servers\basehttp.py:213 log_message "GET /static/css/main.css HTTP/1.1" 404 179
WARNING 2025-09-03 01:47:03,854 django.server C:\Users\Thembinkosi\Desktop\retail_management_system\env\Lib\site-packages\django\core\servers\basehttp.py:213 log_message "GET /static/js/main.js HTTP/1.1" 404 179
INFO 2025-09-03 01:47:04,022 django.server C:\Users\Thembinkosi\Desktop\retail_management_system\env\Lib\site-packages\django\core\servers\basehttp.py:213 log_message "GET /favicon.ico HTTP/1.1" 204 0
INFO 2025-09-03 01:47:14,596 django.server C:\Users\Thembinkosi\Desktop\retail_management_system\env\Lib\site-packages\django\core\servers\basehttp.py:213 log_message "GET /inventory/stock/movements/ HTTP/1.1" 200 26419
WARNING 2025-09-03 01:47:14,853 django.server C:\Users\Thembinkosi\Desktop\retail_management_system\env\Lib\site-packages\django\core\servers\basehttp.py:213 log_message "GET /static/js/main.js HTTP/1.1" 404 179
WARNING 2025-09-03 01:47:14,963 django.server C:\Users\Thembinkosi\Desktop\retail_management_system\env\Lib\site-packages\django\core\servers\basehttp.py:213 log_message "GET /static/css/main.css HTTP/1.1" 404 179
INFO 2025-09-03 01:47:15,363 django.server C:\Users\Thembinkosi\Desktop\retail_management_system\env\Lib\site-packages\django\core\servers\basehttp.py:213 log_message "GET /favicon.ico HTTP/1.1" 204 0
INFO 2025-09-03 01:47:21,289 django.server C:\Users\Thembinkosi\Desktop\retail_management_system\env\Lib\site-packages\django\core\servers\basehttp.py:213 log_message "GET /inventory/stock/ HTTP/1.1" 200 27219
WARNING 2025-09-03 01:47:21,487 django.server C:\Users\Thembinkosi\Desktop\retail_management_system\env\Lib\site-packages\django\core\servers\basehttp.py:213 log_message "GET /static/css/main.css HTTP/1.1" 404 179
WARNING 2025-09-03 01:47:21,515 django.server C:\Users\Thembinkosi\Desktop\retail_management_system\env\Lib\site-packages\django\core\servers\basehttp.py:213 log_message "GET /static/js/main.js HTTP/1.1" 404 179
INFO 2025-09-03 01:47:21,686 django.server C:\Users\Thembinkosi\Desktop\retail_management_system\env\Lib\site-packages\django\core\servers\basehttp.py:213 log_message "GET /favicon.ico HTTP/1.1" 204 0
INFO 2025-09-03 01:47:47,480 django.server C:\Users\Thembinkosi\Desktop\retail_management_system\env\Lib\site-packages\django\core\servers\basehttp.py:213 log_message "GET /inventory/ HTTP/1.1" 200 59868
WARNING 2025-09-03 01:47:47,771 django.server C:\Users\Thembinkosi\Desktop\retail_management_system\env\Lib\site-packages\django\core\servers\basehttp.py:213 log_message "GET /static/js/main.js HTTP/1.1" 404 179
WARNING 2025-09-03 01:47:47,786 django.server C:\Users\Thembinkosi\Desktop\retail_management_system\env\Lib\site-packages\django\core\servers\basehttp.py:213 log_message "GET /static/css/main.css HTTP/1.1" 404 179
INFO 2025-09-03 01:47:47,991 django.server C:\Users\Thembinkosi\Desktop\retail_management_system\env\Lib\site-packages\django\core\servers\basehttp.py:213 log_message "GET /favicon.ico HTTP/1.1" 204 0
INFO 2025-09-03 01:49:33,844 django.server C:\Users\Thembinkosi\Desktop\retail_management_system\env\Lib\site-packages\django\core\servers\basehttp.py:213 log_message "GET /accounts/logout/ HTTP/1.1" 302 0
INFO 2025-09-03 01:49:33,853 django.server C:\Users\Thembinkosi\Desktop\retail_management_system\env\Lib\site-packages\django\core\servers\basehttp.py:213 log_message "GET /accounts/login/ HTTP/1.1" 200 3711
WARNING 2025-09-03 01:49:33,884 django.server C:\Users\Thembinkosi\Desktop\retail_management_system\env\Lib\site-packages\django\core\servers\basehttp.py:213 log_message "GET /static/css/main.css HTTP/1.1" 404 179
WARNING 2025-09-03 01:49:33,885 django.server C:\Users\Thembinkosi\Desktop\retail_management_system\env\Lib\site-packages\django\core\servers\basehttp.py:213 log_message "GET /static/js/main.js HTTP/1.1" 404 179
INFO 2025-09-03 01:49:33,947 django.server C:\Users\Thembinkosi\Desktop\retail_management_system\env\Lib\site-packages\django\core\servers\basehttp.py:213 log_message "GET /favicon.ico HTTP/1.1" 302 0
INFO 2025-09-03 01:49:33,962 django.server C:\Users\Thembinkosi\Desktop\retail_management_system\env\Lib\site-packages\django\core\servers\basehttp.py:213 log_message "GET /accounts/login/generic/?next=/favicon.ico HTTP/1.1" 200 3711
INFO 2025-09-03 01:49:35,613 django.server C:\Users\Thembinkosi\Desktop\retail_management_system\env\Lib\site-packages\django\core\servers\basehttp.py:213 log_message "GET /accounts/login/customer/ HTTP/1.1" 200 5134
WARNING 2025-09-03 01:49:36,182 django.server C:\Users\Thembinkosi\Desktop\retail_management_system\env\Lib\site-packages\django\core\servers\basehttp.py:213 log_message "GET /static/js/main.js HTTP/1.1" 404 179
WARNING 2025-09-03 01:49:36,459 django.server C:\Users\Thembinkosi\Desktop\retail_management_system\env\Lib\site-packages\django\core\servers\basehttp.py:213 log_message "GET /static/css/main.css HTTP/1.1" 404 179
INFO 2025-09-03 01:49:36,855 django.server C:\Users\Thembinkosi\Desktop\retail_management_system\env\Lib\site-packages\django\core\servers\basehttp.py:213 log_message "GET /favicon.ico HTTP/1.1" 302 0
INFO 2025-09-03 01:49:37,313 django.server C:\Users\Thembinkosi\Desktop\retail_management_system\env\Lib\site-packages\django\core\servers\basehttp.py:213 log_message "GET /accounts/login/generic/?next=/favicon.ico HTTP/1.1" 200 3711
INFO 2025-09-03 01:49:40,951 django.server C:\Users\Thembinkosi\Desktop\retail_management_system\env\Lib\site-packages\django\core\servers\basehttp.py:213 log_message "POST /accounts/login/customer/ HTTP/1.1" 302 0
INFO 2025-09-03 01:49:41,224 django.server C:\Users\Thembinkosi\Desktop\retail_management_system\env\Lib\site-packages\django\core\servers\basehttp.py:213 log_message "GET /e_commerce/customer-accounts/ HTTP/1.1" 200 17922
WARNING 2025-09-03 01:49:41,461 django.server C:\Users\Thembinkosi\Desktop\retail_management_system\env\Lib\site-packages\django\core\servers\basehttp.py:213 log_message "GET /static/js/main.js HTTP/1.1" 404 179
WARNING 2025-09-03 01:49:41,546 django.server C:\Users\Thembinkosi\Desktop\retail_management_system\env\Lib\site-packages\django\core\servers\basehttp.py:213 log_message "GET /static/css/main.css HTTP/1.1" 404 179
INFO 2025-09-03 01:49:41,778 django.server C:\Users\Thembinkosi\Desktop\retail_management_system\env\Lib\site-packages\django\core\servers\basehttp.py:213 log_message "GET /favicon.ico HTTP/1.1" 204 0
INFO 2025-09-03 01:49:46,894 django.server C:\Users\Thembinkosi\Desktop\retail_management_system\env\Lib\site-packages\django\core\servers\basehttp.py:213 log_message "GET /e_commerce/products/ HTTP/1.1" 200 21342
WARNING 2025-09-03 01:49:47,124 django.server C:\Users\Thembinkosi\Desktop\retail_management_system\env\Lib\site-packages\django\core\servers\basehttp.py:213 log_message "GET /static/css/main.css HTTP/1.1" 404 179
WARNING 2025-09-03 01:49:47,159 django.server C:\Users\Thembinkosi\Desktop\retail_management_system\env\Lib\site-packages\django\core\servers\basehttp.py:213 log_message "GET /static/js/main.js HTTP/1.1" 404 179
INFO 2025-09-03 01:49:47,398 django.server C:\Users\Thembinkosi\Desktop\retail_management_system\env\Lib\site-packages\django\core\servers\basehttp.py:213 log_message "GET /favicon.ico HTTP/1.1" 204 0
INFO 2025-09-03 01:50:04,497 django.server C:\Users\Thembinkosi\Desktop\retail_management_system\env\Lib\site-packages\django\core\servers\basehttp.py:213 log_message "GET /e_commerce/products/1/ HTTP/1.1" 200 18800
WARNING 2025-09-03 01:50:04,715 django.server C:\Users\Thembinkosi\Desktop\retail_management_system\env\Lib\site-packages\django\core\servers\basehttp.py:213 log_message "GET /static/css/main.css HTTP/1.1" 404 179
WARNING 2025-09-03 01:50:04,767 django.server C:\Users\Thembinkosi\Desktop\retail_management_system\env\Lib\site-packages\django\core\servers\basehttp.py:213 log_message "GET /static/js/main.js HTTP/1.1" 404 179
INFO 2025-09-03 01:50:04,913 django.server C:\Users\Thembinkosi\Desktop\retail_management_system\env\Lib\site-packages\django\core\servers\basehttp.py:213 log_message "GET /favicon.ico HTTP/1.1" 204 0
WARNING 2025-09-03 01:50:15,681 django.server C:\Users\Thembinkosi\Desktop\retail_management_system\env\Lib\site-packages\django\core\servers\basehttp.py:213 log_message "GET /static/css/main.css HTTP/1.1" 404 179
WARNING 2025-09-03 01:50:15,733 django.server C:\Users\Thembinkosi\Desktop\retail_management_system\env\Lib\site-packages\django\core\servers\basehttp.py:213 log_message "GET /static/js/main.js HTTP/1.1" 404 179
INFO 2025-09-03 01:50:16,127 django.server C:\Users\Thembinkosi\Desktop\retail_management_system\env\Lib\site-packages\django\core\servers\basehttp.py:213 log_message "GET /favicon.ico HTTP/1.1" 204 0
INFO 2025-09-03 01:51:54,157 django.server C:\Users\Thembinkosi\Desktop\retail_management_system\env\Lib\site-packages\django\core\servers\basehttp.py:213 log_message "POST /e_commerce/cart/add/ HTTP/1.1" 302 0
INFO 2025-09-03 01:51:54,622 django.server C:\Users\Thembinkosi\Desktop\retail_management_system\env\Lib\site-packages\django\core\servers\basehttp.py:213 log_message "GET /e_commerce/cart/ HTTP/1.1" 200 17973
WARNING 2025-09-03 01:51:54,789 django.server C:\Users\Thembinkosi\Desktop\retail_management_system\env\Lib\site-packages\django\core\servers\basehttp.py:213 log_message "GET /static/css/main.css HTTP/1.1" 404 179
WARNING 2025-09-03 01:51:54,797 django.server C:\Users\Thembinkosi\Desktop\retail_management_system\env\Lib\site-packages\django\core\servers\basehttp.py:213 log_message "GET /static/js/main.js HTTP/1.1" 404 179
INFO 2025-09-03 01:51:54,983 django.server C:\Users\Thembinkosi\Desktop\retail_management_system\env\Lib\site-packages\django\core\servers\basehttp.py:213 log_message "GET /favicon.ico HTTP/1.1" 204 0
INFO 2025-09-03 01:52:11,921 django.server C:\Users\Thembinkosi\Desktop\retail_management_system\env\Lib\site-packages\django\core\servers\basehttp.py:213 log_message "GET /e_commerce/products/ HTTP/1.1" 200 21342
WARNING 2025-09-03 01:52:12,117 django.server C:\Users\Thembinkosi\Desktop\retail_management_system\env\Lib\site-packages\django\core\servers\basehttp.py:213 log_message "GET /static/css/main.css HTTP/1.1" 404 179
WARNING 2025-09-03 01:52:12,134 django.server C:\Users\Thembinkosi\Desktop\retail_management_system\env\Lib\site-packages\django\core\servers\basehttp.py:213 log_message "GET /static/js/main.js HTTP/1.1" 404 179
INFO 2025-09-03 01:52:12,286 django.server C:\Users\Thembinkosi\Desktop\retail_management_system\env\Lib\site-packages\django\core\servers\basehttp.py:213 log_message "GET /favicon.ico HTTP/1.1" 204 0
INFO 2025-09-03 01:52:16,548 django.server C:\Users\Thembinkosi\Desktop\retail_management_system\env\Lib\site-packages\django\core\servers\basehttp.py:213 log_message "GET /e_commerce/cart/ HTTP/1.1" 200 17634
WARNING 2025-09-03 01:52:16,848 django.server C:\Users\Thembinkosi\Desktop\retail_management_system\env\Lib\site-packages\django\core\servers\basehttp.py:213 log_message "GET /static/js/main.js HTTP/1.1" 404 179
WARNING 2025-09-03 01:52:16,848 django.server C:\Users\Thembinkosi\Desktop\retail_management_system\env\Lib\site-packages\django\core\servers\basehttp.py:213 log_message "GET /static/css/main.css HTTP/1.1" 404 179
INFO 2025-09-03 01:52:17,117 django.server C:\Users\Thembinkosi\Desktop\retail_management_system\env\Lib\site-packages\django\core\servers\basehttp.py:213 log_message "GET /favicon.ico HTTP/1.1" 204 0
INFO 2025-09-03 01:52:19,019 django.server C:\Users\Thembinkosi\Desktop\retail_management_system\env\Lib\site-packages\django\core\servers\basehttp.py:213 log_message "GET /e_commerce/checkout/ HTTP/1.1" 302 0
INFO 2025-09-03 01:52:19,305 django.server C:\Users\Thembinkosi\Desktop\retail_management_system\env\Lib\site-packages\django\core\servers\basehttp.py:213 log_message "GET /e_commerce/orders/09e18822-21ef-41b8-8e78-6b135e2e9bfe/ HTTP/1.1" 200 19772
WARNING 2025-09-03 01:52:19,538 django.server C:\Users\Thembinkosi\Desktop\retail_management_system\env\Lib\site-packages\django\core\servers\basehttp.py:213 log_message "GET /static/css/main.css HTTP/1.1" 404 179
WARNING 2025-09-03 01:52:19,569 django.server C:\Users\Thembinkosi\Desktop\retail_management_system\env\Lib\site-packages\django\core\servers\basehttp.py:213 log_message "GET /static/js/main.js HTTP/1.1" 404 179
INFO 2025-09-03 01:52:19,817 django.server C:\Users\Thembinkosi\Desktop\retail_management_system\env\Lib\site-packages\django\core\servers\basehttp.py:213 log_message "GET /favicon.ico HTTP/1.1" 204 0
INFO 2025-09-03 01:53:04,987 django.server C:\Users\Thembinkosi\Desktop\retail_management_system\env\Lib\site-packages\django\core\servers\basehttp.py:213 log_message "POST /e_commerce/orders/09e18822-21ef-41b8-8e78-6b135e2e9bfe/status/ HTTP/1.1" 302 0
INFO 2025-09-03 01:53:05,113 django.server C:\Users\Thembinkosi\Desktop\retail_management_system\env\Lib\site-packages\django\core\servers\basehttp.py:213 log_message "GET /e_commerce/orders/09e18822-21ef-41b8-8e78-6b135e2e9bfe/ HTTP/1.1" 200 19739
WARNING 2025-09-03 01:53:05,305 django.server C:\Users\Thembinkosi\Desktop\retail_management_system\env\Lib\site-packages\django\core\servers\basehttp.py:213 log_message "GET /static/js/main.js HTTP/1.1" 404 179
WARNING 2025-09-03 01:53:05,326 django.server C:\Users\Thembinkosi\Desktop\retail_management_system\env\Lib\site-packages\django\core\servers\basehttp.py:213 log_message "GET /static/css/main.css HTTP/1.1" 404 179
INFO 2025-09-03 01:53:05,572 django.server C:\Users\Thembinkosi\Desktop\retail_management_system\env\Lib\site-packages\django\core\servers\basehttp.py:213 log_message "GET /favicon.ico HTTP/1.1" 204 0
INFO 2025-09-03 01:53:18,861 django.server C:\Users\Thembinkosi\Desktop\retail_management_system\env\Lib\site-packages\django\core\servers\basehttp.py:213 log_message "GET /e_commerce/products/ HTTP/1.1" 200 21342
WARNING 2025-09-03 01:53:19,050 django.server C:\Users\Thembinkosi\Desktop\retail_management_system\env\Lib\site-packages\django\core\servers\basehttp.py:213 log_message "GET /static/css/main.css HTTP/1.1" 404 179
WARNING 2025-09-03 01:53:19,053 django.server C:\Users\Thembinkosi\Desktop\retail_management_system\env\Lib\site-packages\django\core\servers\basehttp.py:213 log_message "GET /static/js/main.js HTTP/1.1" 404 179
INFO 2025-09-03 01:53:19,218 django.server C:\Users\Thembinkosi\Desktop\retail_management_system\env\Lib\site-packages\django\core\servers\basehttp.py:213 log_message "GET /favicon.ico HTTP/1.1" 204 0
INFO 2025-09-03 01:53:26,874 django.server C:\Users\Thembinkosi\Desktop\retail_management_system\env\Lib\site-packages\django\core\servers\basehttp.py:213 log_message "GET /e_commerce/orders/ HTTP/1.1" 200 19624
WARNING 2025-09-03 01:53:27,131 django.server C:\Users\Thembinkosi\Desktop\retail_management_system\env\Lib\site-packages\django\core\servers\basehttp.py:213 log_message "GET /static/css/main.css HTTP/1.1" 404 179
WARNING 2025-09-03 01:53:27,164 django.server C:\Users\Thembinkosi\Desktop\retail_management_system\env\Lib\site-packages\django\core\servers\basehttp.py:213 log_message "GET /static/js/main.js HTTP/1.1" 404 179
INFO 2025-09-03 01:53:27,284 django.server C:\Users\Thembinkosi\Desktop\retail_management_system\env\Lib\site-packages\django\core\servers\basehttp.py:213 log_message "GET /favicon.ico HTTP/1.1" 204 0
INFO 2025-09-03 01:53:46,700 django.server C:\Users\Thembinkosi\Desktop\retail_management_system\env\Lib\site-packages\django\core\servers\basehttp.py:213 log_message "GET /accounts/logout/ HTTP/1.1" 302 0
INFO 2025-09-03 01:53:46,708 django.server C:\Users\Thembinkosi\Desktop\retail_management_system\env\Lib\site-packages\django\core\servers\basehttp.py:213 log_message "GET /accounts/login/ HTTP/1.1" 200 3711
WARNING 2025-09-03 01:53:46,732 django.server C:\Users\Thembinkosi\Desktop\retail_management_system\env\Lib\site-packages\django\core\servers\basehttp.py:213 log_message "GET /static/css/main.css HTTP/1.1" 404 179
WARNING 2025-09-03 01:53:46,733 django.server C:\Users\Thembinkosi\Desktop\retail_management_system\env\Lib\site-packages\django\core\servers\basehttp.py:213 log_message "GET /static/js/main.js HTTP/1.1" 404 179
INFO 2025-09-03 01:53:46,798 django.server C:\Users\Thembinkosi\Desktop\retail_management_system\env\Lib\site-packages\django\core\servers\basehttp.py:213 log_message "GET /favicon.ico HTTP/1.1" 302 0
INFO 2025-09-03 01:53:46,809 django.server C:\Users\Thembinkosi\Desktop\retail_management_system\env\Lib\site-packages\django\core\servers\basehttp.py:213 log_message "GET /accounts/login/generic/?next=/favicon.ico HTTP/1.1" 200 3711
INFO 2025-09-03 01:53:49,372 django.server C:\Users\Thembinkosi\Desktop\retail_management_system\env\Lib\site-packages\django\core\servers\basehttp.py:213 log_message "GET /accounts/login/staff/ HTTP/1.1" 200 4809
WARNING 2025-09-03 01:53:49,426 django.server C:\Users\Thembinkosi\Desktop\retail_management_system\env\Lib\site-packages\django\core\servers\basehttp.py:213 log_message "GET /static/js/main.js HTTP/1.1" 404 179
WARNING 2025-09-03 01:53:49,427 django.server C:\Users\Thembinkosi\Desktop\retail_management_system\env\Lib\site-packages\django\core\servers\basehttp.py:213 log_message "GET /static/css/main.css HTTP/1.1" 404 179
INFO 2025-09-03 01:53:49,465 django.server C:\Users\Thembinkosi\Desktop\retail_management_system\env\Lib\site-packages\django\core\servers\basehttp.py:213 log_message "GET /favicon.ico HTTP/1.1" 302 0
INFO 2025-09-03 01:53:49,475 django.server C:\Users\Thembinkosi\Desktop\retail_management_system\env\Lib\site-packages\django\core\servers\basehttp.py:213 log_message "GET /accounts/login/generic/?next=/favicon.ico HTTP/1.1" 200 3711
INFO 2025-09-03 01:53:54,665 django.server C:\Users\Thembinkosi\Desktop\retail_management_system\env\Lib\site-packages\django\core\servers\basehttp.py:213 log_message "POST /accounts/login/staff/ HTTP/1.1" 302 0
INFO 2025-09-03 01:53:54,900 django.server C:\Users\Thembinkosi\Desktop\retail_management_system\env\Lib\site-packages\django\core\servers\basehttp.py:213 log_message "GET / HTTP/1.1" 200 33688
WARNING 2025-09-03 01:53:55,080 django.server C:\Users\Thembinkosi\Desktop\retail_management_system\env\Lib\site-packages\django\core\servers\basehttp.py:213 log_message "GET /static/js/main.js HTTP/1.1" 404 179
WARNING 2025-09-03 01:53:55,085 django.server C:\Users\Thembinkosi\Desktop\retail_management_system\env\Lib\site-packages\django\core\servers\basehttp.py:213 log_message "GET /static/css/main.css HTTP/1.1" 404 179
INFO 2025-09-03 01:53:56,405 django.server C:\Users\Thembinkosi\Desktop\retail_management_system\env\Lib\site-packages\django\core\servers\basehttp.py:213 log_message "GET /favicon.ico HTTP/1.1" 204 0
INFO 2025-09-03 01:54:04,167 django.server C:\Users\Thembinkosi\Desktop\retail_management_system\env\Lib\site-packages\django\core\servers\basehttp.py:213 log_message "GET /e_commerce/orders/09e18822-21ef-41b8-8e78-6b135e2e9bfe/ HTTP/1.1" 200 28737
WARNING 2025-09-03 01:54:04,357 django.server C:\Users\Thembinkosi\Desktop\retail_management_system\env\Lib\site-packages\django\core\servers\basehttp.py:213 log_message "GET /static/js/main.js HTTP/1.1" 404 179
WARNING 2025-09-03 01:54:04,364 django.server C:\Users\Thembinkosi\Desktop\retail_management_system\env\Lib\site-packages\django\core\servers\basehttp.py:213 log_message "GET /static/css/main.css HTTP/1.1" 404 179
INFO 2025-09-03 01:54:04,536 django.server C:\Users\Thembinkosi\Desktop\retail_management_system\env\Lib\site-packages\django\core\servers\basehttp.py:213 log_message "GET /favicon.ico HTTP/1.1" 204 0
INFO 2025-09-03 01:54:19,418 django.server C:\Users\Thembinkosi\Desktop\retail_management_system\env\Lib\site-packages\django\core\servers\basehttp.py:213 log_message "POST /e_commerce/orders/09e18822-21ef-41b8-8e78-6b135e2e9bfe/status/ HTTP/1.1" 302 0
INFO 2025-09-03 01:54:19,547 django.server C:\Users\Thembinkosi\Desktop\retail_management_system\env\Lib\site-packages\django\core\servers\basehttp.py:213 log_message "GET /e_commerce/orders/09e18822-21ef-41b8-8e78-6b135e2e9bfe/ HTTP/1.1" 200 27987
WARNING 2025-09-03 01:54:19,785 django.server C:\Users\Thembinkosi\Desktop\retail_management_system\env\Lib\site-packages\django\core\servers\basehttp.py:213 log_message "GET /static/css/main.css HTTP/1.1" 404 179
WARNING 2025-09-03 01:54:19,816 django.server C:\Users\Thembinkosi\Desktop\retail_management_system\env\Lib\site-packages\django\core\servers\basehttp.py:213 log_message "GET /static/js/main.js HTTP/1.1" 404 179
INFO 2025-09-03 01:54:19,949 django.server C:\Users\Thembinkosi\Desktop\retail_management_system\env\Lib\site-packages\django\core\servers\basehttp.py:213 log_message "GET /favicon.ico HTTP/1.1" 204 0
INFO 2025-09-03 01:54:24,218 django.server C:\Users\Thembinkosi\Desktop\retail_management_system\env\Lib\site-packages\django\core\servers\basehttp.py:213 log_message "GET /accounts/logout/ HTTP/1.1" 302 0
INFO 2025-09-03 01:54:24,228 django.server C:\Users\Thembinkosi\Desktop\retail_management_system\env\Lib\site-packages\django\core\servers\basehttp.py:213 log_message "GET /accounts/login/ HTTP/1.1" 200 3711
WARNING 2025-09-03 01:54:24,251 django.server C:\Users\Thembinkosi\Desktop\retail_management_system\env\Lib\site-packages\django\core\servers\basehttp.py:213 log_message "GET /static/css/main.css HTTP/1.1" 404 179
WARNING 2025-09-03 01:54:24,252 django.server C:\Users\Thembinkosi\Desktop\retail_management_system\env\Lib\site-packages\django\core\servers\basehttp.py:213 log_message "GET /static/js/main.js HTTP/1.1" 404 179
INFO 2025-09-03 01:54:24,301 django.server C:\Users\Thembinkosi\Desktop\retail_management_system\env\Lib\site-packages\django\core\servers\basehttp.py:213 log_message "GET /favicon.ico HTTP/1.1" 302 0
INFO 2025-09-03 01:54:24,310 django.server C:\Users\Thembinkosi\Desktop\retail_management_system\env\Lib\site-packages\django\core\servers\basehttp.py:213 log_message "GET /accounts/login/generic/?next=/favicon.ico HTTP/1.1" 200 3711
INFO 2025-09-03 01:54:26,148 django.server C:\Users\Thembinkosi\Desktop\retail_management_system\env\Lib\site-packages\django\core\servers\basehttp.py:213 log_message "GET /accounts/login/customer/ HTTP/1.1" 200 5134
WARNING 2025-09-03 01:54:26,182 django.server C:\Users\Thembinkosi\Desktop\retail_management_system\env\Lib\site-packages\django\core\servers\basehttp.py:213 log_message "GET /static/css/main.css HTTP/1.1" 404 179
WARNING 2025-09-03 01:54:26,184 django.server C:\Users\Thembinkosi\Desktop\retail_management_system\env\Lib\site-packages\django\core\servers\basehttp.py:213 log_message "GET /static/js/main.js HTTP/1.1" 404 179
INFO 2025-09-03 01:54:26,239 django.server C:\Users\Thembinkosi\Desktop\retail_management_system\env\Lib\site-packages\django\core\servers\basehttp.py:213 log_message "GET /favicon.ico HTTP/1.1" 302 0
INFO 2025-09-03 01:54:26,274 django.server C:\Users\Thembinkosi\Desktop\retail_management_system\env\Lib\site-packages\django\core\servers\basehttp.py:213 log_message "GET /accounts/login/generic/?next=/favicon.ico HTTP/1.1" 200 3711
INFO 2025-09-03 01:54:31,527 django.server C:\Users\Thembinkosi\Desktop\retail_management_system\env\Lib\site-packages\django\core\servers\basehttp.py:213 log_message "POST /accounts/login/customer/ HTTP/1.1" 302 0
INFO 2025-09-03 01:54:31,620 django.server C:\Users\Thembinkosi\Desktop\retail_management_system\env\Lib\site-packages\django\core\servers\basehttp.py:213 log_message "GET /e_commerce/customer-accounts/ HTTP/1.1" 200 17922
WARNING 2025-09-03 01:54:31,785 django.server C:\Users\Thembinkosi\Desktop\retail_management_system\env\Lib\site-packages\django\core\servers\basehttp.py:213 log_message "GET /static/js/main.js HTTP/1.1" 404 179
WARNING 2025-09-03 01:54:31,788 django.server C:\Users\Thembinkosi\Desktop\retail_management_system\env\Lib\site-packages\django\core\servers\basehttp.py:213 log_message "GET /static/css/main.css HTTP/1.1" 404 179
INFO 2025-09-03 01:54:31,976 django.server C:\Users\Thembinkosi\Desktop\retail_management_system\env\Lib\site-packages\django\core\servers\basehttp.py:213 log_message "GET /favicon.ico HTTP/1.1" 204 0
INFO 2025-09-03 01:54:42,932 django.server C:\Users\Thembinkosi\Desktop\retail_management_system\env\Lib\site-packages\django\core\servers\basehttp.py:213 log_message "GET /e_commerce/orders/ HTTP/1.1" 200 19471
WARNING 2025-09-03 01:54:43,166 django.server C:\Users\Thembinkosi\Desktop\retail_management_system\env\Lib\site-packages\django\core\servers\basehttp.py:213 log_message "GET /static/css/main.css HTTP/1.1" 404 179
WARNING 2025-09-03 01:54:43,207 django.server C:\Users\Thembinkosi\Desktop\retail_management_system\env\Lib\site-packages\django\core\servers\basehttp.py:213 log_message "GET /static/js/main.js HTTP/1.1" 404 179
INFO 2025-09-03 01:54:43,388 django.server C:\Users\Thembinkosi\Desktop\retail_management_system\env\Lib\site-packages\django\core\servers\basehttp.py:213 log_message "GET /favicon.ico HTTP/1.1" 204 0
INFO 2025-09-03 08:38:04,798 django.server C:\Users\Thembinkosi\Desktop\retail_management_system\env\Lib\site-packages\django\core\servers\basehttp.py:213 log_message "GET /accounts/logout/ HTTP/1.1" 302 0
INFO 2025-09-03 08:38:04,806 django.server C:\Users\Thembinkosi\Desktop\retail_management_system\env\Lib\site-packages\django\core\servers\basehttp.py:213 log_message "GET /accounts/login/ HTTP/1.1" 200 3711
WARNING 2025-09-03 08:38:04,829 django.server C:\Users\Thembinkosi\Desktop\retail_management_system\env\Lib\site-packages\django\core\servers\basehttp.py:213 log_message "GET /static/css/main.css HTTP/1.1" 404 179
WARNING 2025-09-03 08:38:04,830 django.server C:\Users\Thembinkosi\Desktop\retail_management_system\env\Lib\site-packages\django\core\servers\basehttp.py:213 log_message "GET /static/js/main.js HTTP/1.1" 404 179
INFO 2025-09-03 08:38:05,131 django.server C:\Users\Thembinkosi\Desktop\retail_management_system\env\Lib\site-packages\django\core\servers\basehttp.py:213 log_message "GET /favicon.ico HTTP/1.1" 302 0
INFO 2025-09-03 08:38:05,144 django.server C:\Users\Thembinkosi\Desktop\retail_management_system\env\Lib\site-packages\django\core\servers\basehttp.py:213 log_message "GET /accounts/login/generic/?next=/favicon.ico HTTP/1.1" 200 3711
INFO 2025-09-03 08:38:07,837 django.server C:\Users\Thembinkosi\Desktop\retail_management_system\env\Lib\site-packages\django\core\servers\basehttp.py:213 log_message "GET /accounts/login/staff/ HTTP/1.1" 200 4809
WARNING 2025-09-03 08:38:07,964 django.server C:\Users\Thembinkosi\Desktop\retail_management_system\env\Lib\site-packages\django\core\servers\basehttp.py:213 log_message "GET /static/js/main.js HTTP/1.1" 404 179
WARNING 2025-09-03 08:38:07,987 django.server C:\Users\Thembinkosi\Desktop\retail_management_system\env\Lib\site-packages\django\core\servers\basehttp.py:213 log_message "GET /static/css/main.css HTTP/1.1" 404 179
INFO 2025-09-03 08:38:08,154 django.server C:\Users\Thembinkosi\Desktop\retail_management_system\env\Lib\site-packages\django\core\servers\basehttp.py:213 log_message "GET /favicon.ico HTTP/1.1" 302 0
INFO 2025-09-03 08:38:08,300 django.server C:\Users\Thembinkosi\Desktop\retail_management_system\env\Lib\site-packages\django\core\servers\basehttp.py:213 log_message "GET /accounts/login/generic/?next=/favicon.ico HTTP/1.1" 200 3711
INFO 2025-09-03 08:38:13,932 django.server C:\Users\Thembinkosi\Desktop\retail_management_system\env\Lib\site-packages\django\core\servers\basehttp.py:213 log_message "POST /accounts/login/staff/ HTTP/1.1" 302 0
INFO 2025-09-03 08:38:16,216 django.server C:\Users\Thembinkosi\Desktop\retail_management_system\env\Lib\site-packages\django\core\servers\basehttp.py:213 log_message "GET / HTTP/1.1" 200 32596
WARNING 2025-09-03 08:38:16,509 django.server C:\Users\Thembinkosi\Desktop\retail_management_system\env\Lib\site-packages\django\core\servers\basehttp.py:213 log_message "GET /static/js/main.js HTTP/1.1" 404 179
WARNING 2025-09-03 08:38:16,627 django.server C:\Users\Thembinkosi\Desktop\retail_management_system\env\Lib\site-packages\django\core\servers\basehttp.py:213 log_message "GET /static/css/main.css HTTP/1.1" 404 179
INFO 2025-09-03 08:38:16,932 django.server C:\Users\Thembinkosi\Desktop\retail_management_system\env\Lib\site-packages\django\core\servers\basehttp.py:213 log_message "GET /favicon.ico HTTP/1.1" 204 0
INFO 2025-09-03 08:42:37,112 django.server C:\Users\Thembinkosi\Desktop\retail_management_system\env\Lib\site-packages\django\core\servers\basehttp.py:213 log_message "GET /inventory/stock/movements/ HTTP/1.1" 200 26419
WARNING 2025-09-03 08:42:37,344 django.server C:\Users\Thembinkosi\Desktop\retail_management_system\env\Lib\site-packages\django\core\servers\basehttp.py:213 log_message "GET /static/css/main.css HTTP/1.1" 404 179
WARNING 2025-09-03 08:42:37,467 django.server C:\Users\Thembinkosi\Desktop\retail_management_system\env\Lib\site-packages\django\core\servers\basehttp.py:213 log_message "GET /static/js/main.js HTTP/1.1" 404 179
INFO 2025-09-03 08:42:37,628 django.server C:\Users\Thembinkosi\Desktop\retail_management_system\env\Lib\site-packages\django\core\servers\basehttp.py:213 log_message "GET /favicon.ico HTTP/1.1" 204 0
WARNING 2025-09-03 08:42:53,058 django.server C:\Users\Thembinkosi\Desktop\retail_management_system\env\Lib\site-packages\django\core\servers\basehttp.py:213 log_message "GET /static/js/main.js HTTP/1.1" 404 179
WARNING 2025-09-03 08:42:53,225 django.server C:\Users\Thembinkosi\Desktop\retail_management_system\env\Lib\site-packages\django\core\servers\basehttp.py:213 log_message "GET /static/css/main.css HTTP/1.1" 404 179
INFO 2025-09-03 08:42:53,569 django.server C:\Users\Thembinkosi\Desktop\retail_management_system\env\Lib\site-packages\django\core\servers\basehttp.py:213 log_message "GET /favicon.ico HTTP/1.1" 204 0
INFO 2025-09-03 08:43:05,838 django.server C:\Users\Thembinkosi\Desktop\retail_management_system\env\Lib\site-packages\django\core\servers\basehttp.py:213 log_message "GET /sales/transactions/ HTTP/1.1" 200 25409
WARNING 2025-09-03 08:43:06,169 django.server C:\Users\Thembinkosi\Desktop\retail_management_system\env\Lib\site-packages\django\core\servers\basehttp.py:213 log_message "GET /static/js/main.js HTTP/1.1" 404 179
WARNING 2025-09-03 08:43:06,293 django.server C:\Users\Thembinkosi\Desktop\retail_management_system\env\Lib\site-packages\django\core\servers\basehttp.py:213 log_message "GET /static/css/main.css HTTP/1.1" 404 179
INFO 2025-09-03 08:43:06,488 django.server C:\Users\Thembinkosi\Desktop\retail_management_system\env\Lib\site-packages\django\core\servers\basehttp.py:213 log_message "GET /favicon.ico HTTP/1.1" 204 0
WARNING 2025-09-03 08:43:12,900 django.server C:\Users\Thembinkosi\Desktop\retail_management_system\env\Lib\site-packages\django\core\servers\basehttp.py:213 log_message "GET /static/css/main.css HTTP/1.1" 404 179
WARNING 2025-09-03 08:43:12,972 django.server C:\Users\Thembinkosi\Desktop\retail_management_system\env\Lib\site-packages\django\core\servers\basehttp.py:213 log_message "GET /static/js/main.js HTTP/1.1" 404 179
INFO 2025-09-03 08:43:13,233 django.server C:\Users\Thembinkosi\Desktop\retail_management_system\env\Lib\site-packages\django\core\servers\basehttp.py:213 log_message "GET /favicon.ico HTTP/1.1" 204 0
INFO 2025-09-03 08:43:16,941 django.server C:\Users\Thembinkosi\Desktop\retail_management_system\env\Lib\site-packages\django\core\servers\basehttp.py:213 log_message "GET /sales/orders/ HTTP/1.1" 200 25400
WARNING 2025-09-03 08:43:17,100 django.server C:\Users\Thembinkosi\Desktop\retail_management_system\env\Lib\site-packages\django\core\servers\basehttp.py:213 log_message "GET /static/css/main.css HTTP/1.1" 404 179
WARNING 2025-09-03 08:43:17,141 django.server C:\Users\Thembinkosi\Desktop\retail_management_system\env\Lib\site-packages\django\core\servers\basehttp.py:213 log_message "GET /static/js/main.js HTTP/1.1" 404 179
INFO 2025-09-03 08:43:17,294 django.server C:\Users\Thembinkosi\Desktop\retail_management_system\env\Lib\site-packages\django\core\servers\basehttp.py:213 log_message "GET /favicon.ico HTTP/1.1" 204 0
WARNING 2025-09-03 08:43:31,144 django.server C:\Users\Thembinkosi\Desktop\retail_management_system\env\Lib\site-packages\django\core\servers\basehttp.py:213 log_message "GET /static/css/main.css HTTP/1.1" 404 179
WARNING 2025-09-03 08:43:31,259 django.server C:\Users\Thembinkosi\Desktop\retail_management_system\env\Lib\site-packages\django\core\servers\basehttp.py:213 log_message "GET /.well-known/appspecific/com.chrome.devtools.json HTTP/1.1" 404 179
INFO 2025-09-03 08:45:25,092 django.server C:\Users\Thembinkosi\Desktop\retail_management_system\env\Lib\site-packages\django\core\servers\basehttp.py:213 log_message "GET /sales/transactions/ HTTP/1.1" 200 25409
WARNING 2025-09-03 08:45:25,893 django.server C:\Users\Thembinkosi\Desktop\retail_management_system\env\Lib\site-packages\django\core\servers\basehttp.py:213 log_message "GET /static/css/main.css HTTP/1.1" 404 179
WARNING 2025-09-03 08:45:26,433 django.server C:\Users\Thembinkosi\Desktop\retail_management_system\env\Lib\site-packages\django\core\servers\basehttp.py:213 log_message "GET /static/js/main.js HTTP/1.1" 404 179
INFO 2025-09-03 08:45:28,679 django.server C:\Users\Thembinkosi\Desktop\retail_management_system\env\Lib\site-packages\django\core\servers\basehttp.py:213 log_message "GET /favicon.ico HTTP/1.1" 204 0
INFO 2025-09-03 12:31:13,517 django.server C:\Users\Thembinkosi\Desktop\retail_management_system\env\Lib\site-packages\django\core\servers\basehttp.py:213 log_message "GET /inventory/stock/ HTTP/1.1" 200 27219
WARNING 2025-09-03 12:31:14,482 django.server C:\Users\Thembinkosi\Desktop\retail_management_system\env\Lib\site-packages\django\core\servers\basehttp.py:213 log_message "GET /static/js/main.js HTTP/1.1" 404 179
WARNING 2025-09-03 12:31:14,483 django.server C:\Users\Thembinkosi\Desktop\retail_management_system\env\Lib\site-packages\django\core\servers\basehttp.py:213 log_message "GET /static/css/main.css HTTP/1.1" 404 179
INFO 2025-09-03 12:31:18,254 django.server C:\Users\Thembinkosi\Desktop\retail_management_system\env\Lib\site-packages\django\core\servers\basehttp.py:213 log_message "GET /favicon.ico HTTP/1.1" 204 0
INFO 2025-09-03 12:31:29,489 django.server C:\Users\Thembinkosi\Desktop\retail_management_system\env\Lib\site-packages\django\core\servers\basehttp.py:213 log_message "GET /inventory/stock/movements/ HTTP/1.1" 200 26419
WARNING 2025-09-03 12:31:30,293 django.server C:\Users\Thembinkosi\Desktop\retail_management_system\env\Lib\site-packages\django\core\servers\basehttp.py:213 log_message "GET /static/js/main.js HTTP/1.1" 404 179
WARNING 2025-09-03 12:31:30,330 django.server C:\Users\Thembinkosi\Desktop\retail_management_system\env\Lib\site-packages\django\core\servers\basehttp.py:213 log_message "GET /static/css/main.css HTTP/1.1" 404 179
INFO 2025-09-03 12:31:31,011 django.server C:\Users\Thembinkosi\Desktop\retail_management_system\env\Lib\site-packages\django\core\servers\basehttp.py:213 log_message "GET /favicon.ico HTTP/1.1" 204 0
INFO 2025-09-03 12:31:33,477 django.server C:\Users\Thembinkosi\Desktop\retail_management_system\env\Lib\site-packages\django\core\servers\basehttp.py:213 log_message "GET /inventory/stock/ HTTP/1.1" 200 27219
WARNING 2025-09-03 12:31:33,693 django.server C:\Users\Thembinkosi\Desktop\retail_management_system\env\Lib\site-packages\django\core\servers\basehttp.py:213 log_message "GET /static/js/main.js HTTP/1.1" 404 179
WARNING 2025-09-03 12:31:33,719 django.server C:\Users\Thembinkosi\Desktop\retail_management_system\env\Lib\site-packages\django\core\servers\basehttp.py:213 log_message "GET /static/css/main.css HTTP/1.1" 404 179
INFO 2025-09-03 12:31:33,976 django.server C:\Users\Thembinkosi\Desktop\retail_management_system\env\Lib\site-packages\django\core\servers\basehttp.py:213 log_message "GET /favicon.ico HTTP/1.1" 204 0
INFO 2025-09-03 12:31:41,686 django.server C:\Users\Thembinkosi\Desktop\retail_management_system\env\Lib\site-packages\django\core\servers\basehttp.py:213 log_message "GET /inventory/stock/adjust/ HTTP/1.1" 200 28104
WARNING 2025-09-03 12:31:42,131 django.server C:\Users\Thembinkosi\Desktop\retail_management_system\env\Lib\site-packages\django\core\servers\basehttp.py:213 log_message "GET /static/js/main.js HTTP/1.1" 404 179
WARNING 2025-09-03 12:31:42,138 django.server C:\Users\Thembinkosi\Desktop\retail_management_system\env\Lib\site-packages\django\core\servers\basehttp.py:213 log_message "GET /static/css/main.css HTTP/1.1" 404 179
INFO 2025-09-03 12:31:42,329 django.server C:\Users\Thembinkosi\Desktop\retail_management_system\env\Lib\site-packages\django\core\servers\basehttp.py:213 log_message "GET /favicon.ico HTTP/1.1" 204 0
INFO 2025-09-03 12:31:56,696 django.server C:\Users\Thembinkosi\Desktop\retail_management_system\env\Lib\site-packages\django\core\servers\basehttp.py:213 log_message "POST /inventory/stock/adjust/ HTTP/1.1" 302 0
INFO 2025-09-03 12:31:56,903 django.server C:\Users\Thembinkosi\Desktop\retail_management_system\env\Lib\site-packages\django\core\servers\basehttp.py:213 log_message "GET /inventory/stock/ HTTP/1.1" 200 27541
WARNING 2025-09-03 12:31:57,064 django.server C:\Users\Thembinkosi\Desktop\retail_management_system\env\Lib\site-packages\django\core\servers\basehttp.py:213 log_message "GET /static/css/main.css HTTP/1.1" 404 179
WARNING 2025-09-03 12:31:57,083 django.server C:\Users\Thembinkosi\Desktop\retail_management_system\env\Lib\site-packages\django\core\servers\basehttp.py:213 log_message "GET /static/js/main.js HTTP/1.1" 404 179
INFO 2025-09-03 12:31:57,282 django.server C:\Users\Thembinkosi\Desktop\retail_management_system\env\Lib\site-packages\django\core\servers\basehttp.py:213 log_message "GET /favicon.ico HTTP/1.1" 204 0
INFO 2025-09-03 12:32:44,940 django.server C:\Users\Thembinkosi\Desktop\retail_management_system\env\Lib\site-packages\django\core\servers\basehttp.py:213 log_message "GET /inventory/stock/adjust/ HTTP/1.1" 200 28104
WARNING 2025-09-03 12:32:45,157 django.server C:\Users\Thembinkosi\Desktop\retail_management_system\env\Lib\site-packages\django\core\servers\basehttp.py:213 log_message "GET /static/css/main.css HTTP/1.1" 404 179
WARNING 2025-09-03 12:32:45,189 django.server C:\Users\Thembinkosi\Desktop\retail_management_system\env\Lib\site-packages\django\core\servers\basehttp.py:213 log_message "GET /static/js/main.js HTTP/1.1" 404 179
INFO 2025-09-03 12:32:45,391 django.server C:\Users\Thembinkosi\Desktop\retail_management_system\env\Lib\site-packages\django\core\servers\basehttp.py:213 log_message "GET /favicon.ico HTTP/1.1" 204 0
INFO 2025-09-03 12:32:57,376 django.server C:\Users\Thembinkosi\Desktop\retail_management_system\env\Lib\site-packages\django\core\servers\basehttp.py:213 log_message "POST /inventory/stock/adjust/ HTTP/1.1" 302 0
INFO 2025-09-03 12:32:57,566 django.server C:\Users\Thembinkosi\Desktop\retail_management_system\env\Lib\site-packages\django\core\servers\basehttp.py:213 log_message "GET /inventory/stock/ HTTP/1.1" 200 27760
WARNING 2025-09-03 12:32:57,795 django.server C:\Users\Thembinkosi\Desktop\retail_management_system\env\Lib\site-packages\django\core\servers\basehttp.py:213 log_message "GET /static/js/main.js HTTP/1.1" 404 179
WARNING 2025-09-03 12:32:57,860 django.server C:\Users\Thembinkosi\Desktop\retail_management_system\env\Lib\site-packages\django\core\servers\basehttp.py:213 log_message "GET /static/css/main.css HTTP/1.1" 404 179
INFO 2025-09-03 12:32:58,017 django.server C:\Users\Thembinkosi\Desktop\retail_management_system\env\Lib\site-packages\django\core\servers\basehttp.py:213 log_message "GET /favicon.ico HTTP/1.1" 204 0
INFO 2025-09-03 12:33:04,384 django.server C:\Users\Thembinkosi\Desktop\retail_management_system\env\Lib\site-packages\django\core\servers\basehttp.py:213 log_message "GET /accounts/logout/ HTTP/1.1" 302 0
INFO 2025-09-03 12:33:04,395 django.server C:\Users\Thembinkosi\Desktop\retail_management_system\env\Lib\site-packages\django\core\servers\basehttp.py:213 log_message "GET /accounts/login/ HTTP/1.1" 200 3711
WARNING 2025-09-03 12:33:04,427 django.server C:\Users\Thembinkosi\Desktop\retail_management_system\env\Lib\site-packages\django\core\servers\basehttp.py:213 log_message "GET /static/css/main.css HTTP/1.1" 404 179
WARNING 2025-09-03 12:33:04,431 django.server C:\Users\Thembinkosi\Desktop\retail_management_system\env\Lib\site-packages\django\core\servers\basehttp.py:213 log_message "GET /static/js/main.js HTTP/1.1" 404 179
INFO 2025-09-03 12:33:04,594 django.server C:\Users\Thembinkosi\Desktop\retail_management_system\env\Lib\site-packages\django\core\servers\basehttp.py:213 log_message "GET /favicon.ico HTTP/1.1" 302 0
INFO 2025-09-03 12:33:04,598 django.server C:\Users\Thembinkosi\Desktop\retail_management_system\env\Lib\site-packages\django\core\servers\basehttp.py:213 log_message "GET /accounts/login/generic/?next=/favicon.ico HTTP/1.1" 200 3711
INFO 2025-09-03 12:33:06,654 django.server C:\Users\Thembinkosi\Desktop\retail_management_system\env\Lib\site-packages\django\core\servers\basehttp.py:213 log_message "GET /accounts/login/customer/ HTTP/1.1" 200 5134
WARNING 2025-09-03 12:33:06,682 django.server C:\Users\Thembinkosi\Desktop\retail_management_system\env\Lib\site-packages\django\core\servers\basehttp.py:213 log_message "GET /static/css/main.css HTTP/1.1" 404 179
WARNING 2025-09-03 12:33:06,683 django.server C:\Users\Thembinkosi\Desktop\retail_management_system\env\Lib\site-packages\django\core\servers\basehttp.py:213 log_message "GET /static/js/main.js HTTP/1.1" 404 179
INFO 2025-09-03 12:33:06,775 django.server C:\Users\Thembinkosi\Desktop\retail_management_system\env\Lib\site-packages\django\core\servers\basehttp.py:213 log_message "GET /favicon.ico HTTP/1.1" 302 0
INFO 2025-09-03 12:33:06,782 django.server C:\Users\Thembinkosi\Desktop\retail_management_system\env\Lib\site-packages\django\core\servers\basehttp.py:213 log_message "GET /accounts/login/generic/?next=/favicon.ico HTTP/1.1" 200 3711
INFO 2025-09-03 12:33:13,419 django.server C:\Users\Thembinkosi\Desktop\retail_management_system\env\Lib\site-packages\django\core\servers\basehttp.py:213 log_message "POST /accounts/login/customer/ HTTP/1.1" 302 0
INFO 2025-09-03 12:33:13,533 django.server C:\Users\Thembinkosi\Desktop\retail_management_system\env\Lib\site-packages\django\core\servers\basehttp.py:213 log_message "GET /e_commerce/customer-accounts/ HTTP/1.1" 200 17922
WARNING 2025-09-03 12:33:13,751 django.server C:\Users\Thembinkosi\Desktop\retail_management_system\env\Lib\site-packages\django\core\servers\basehttp.py:213 log_message "GET /static/css/main.css HTTP/1.1" 404 179
WARNING 2025-09-03 12:33:13,780 django.server C:\Users\Thembinkosi\Desktop\retail_management_system\env\Lib\site-packages\django\core\servers\basehttp.py:213 log_message "GET /static/js/main.js HTTP/1.1" 404 179
INFO 2025-09-03 12:33:14,086 django.server C:\Users\Thembinkosi\Desktop\retail_management_system\env\Lib\site-packages\django\core\servers\basehttp.py:213 log_message "GET /favicon.ico HTTP/1.1" 204 0
INFO 2025-09-03 12:33:17,134 django.server C:\Users\Thembinkosi\Desktop\retail_management_system\env\Lib\site-packages\django\core\servers\basehttp.py:213 log_message "GET /e_commerce/products/ HTTP/1.1" 200 21342
WARNING 2025-09-03 12:33:17,298 django.server C:\Users\Thembinkosi\Desktop\retail_management_system\env\Lib\site-packages\django\core\servers\basehttp.py:213 log_message "GET /static/css/main.css HTTP/1.1" 404 179
WARNING 2025-09-03 12:33:17,300 django.server C:\Users\Thembinkosi\Desktop\retail_management_system\env\Lib\site-packages\django\core\servers\basehttp.py:213 log_message "GET /static/js/main.js HTTP/1.1" 404 179
INFO 2025-09-03 12:33:17,471 django.server C:\Users\Thembinkosi\Desktop\retail_management_system\env\Lib\site-packages\django\core\servers\basehttp.py:213 log_message "GET /favicon.ico HTTP/1.1" 204 0
INFO 2025-09-03 12:33:19,830 django.server C:\Users\Thembinkosi\Desktop\retail_management_system\env\Lib\site-packages\django\core\servers\basehttp.py:213 log_message "GET /e_commerce/products/ HTTP/1.1" 200 21342
WARNING 2025-09-03 12:33:20,039 django.server C:\Users\Thembinkosi\Desktop\retail_management_system\env\Lib\site-packages\django\core\servers\basehttp.py:213 log_message "GET /static/css/main.css HTTP/1.1" 404 179
WARNING 2025-09-03 12:33:20,050 django.server C:\Users\Thembinkosi\Desktop\retail_management_system\env\Lib\site-packages\django\core\servers\basehttp.py:213 log_message "GET /static/js/main.js HTTP/1.1" 404 179
INFO 2025-09-03 12:33:20,294 django.server C:\Users\Thembinkosi\Desktop\retail_management_system\env\Lib\site-packages\django\core\servers\basehttp.py:213 log_message "GET /favicon.ico HTTP/1.1" 204 0
INFO 2025-09-03 12:33:21,033 django.server C:\Users\Thembinkosi\Desktop\retail_management_system\env\Lib\site-packages\django\core\servers\basehttp.py:213 log_message "GET /e_commerce/products/ HTTP/1.1" 200 21342
WARNING 2025-09-03 12:33:21,244 django.server C:\Users\Thembinkosi\Desktop\retail_management_system\env\Lib\site-packages\django\core\servers\basehttp.py:213 log_message "GET /static/js/main.js HTTP/1.1" 404 179
WARNING 2025-09-03 12:33:21,311 django.server C:\Users\Thembinkosi\Desktop\retail_management_system\env\Lib\site-packages\django\core\servers\basehttp.py:213 log_message "GET /static/css/main.css HTTP/1.1" 404 179
INFO 2025-09-03 12:33:21,524 django.server C:\Users\Thembinkosi\Desktop\retail_management_system\env\Lib\site-packages\django\core\servers\basehttp.py:213 log_message "GET /favicon.ico HTTP/1.1" 204 0
INFO 2025-09-03 12:33:26,262 django.utils.autoreload C:\Users\Thembinkosi\Desktop\retail_management_system\env\Lib\site-packages\django\utils\autoreload.py:265 trigger_reload C:\Users\Thembinkosi\Desktop\retail_management_system\sales\views.py changed, reloading.
INFO 2025-09-03 12:33:26,564 django.utils.autoreload C:\Users\Thembinkosi\Desktop\retail_management_system\env\Lib\site-packages\django\utils\autoreload.py:265 trigger_reload C:\Users\Thembinkosi\Desktop\retail_management_system\sales\views.py changed, reloading.
INFO 2025-09-03 12:33:26,693 django.utils.autoreload C:\Users\Thembinkosi\Desktop\retail_management_system\env\Lib\site-packages\django\utils\autoreload.py:265 trigger_reload C:\Users\Thembinkosi\Desktop\retail_management_system\sales\views.py changed, reloading.
INFO 2025-09-03 12:33:29,285 django.utils.autoreload C:\Users\Thembinkosi\Desktop\retail_management_system\env\Lib\site-packages\django\utils\autoreload.py:265 trigger_reload C:\Users\Thembinkosi\Desktop\retail_management_system\sales\views.py changed, reloading.
INFO 2025-09-03 12:33:30,015 django.utils.autoreload C:\Users\Thembinkosi\Desktop\retail_management_system\env\Lib\site-packages\django\utils\autoreload.py:265 trigger_reload C:\Users\Thembinkosi\Desktop\retail_management_system\sales\views.py changed, reloading.
INFO 2025-09-03 12:33:59,164 django.utils.autoreload C:\Users\Thembinkosi\Desktop\retail_management_system\env\Lib\site-packages\django\utils\autoreload.py:667 run_with_reloader Watching for file changes with StatReloader
INFO 2025-09-03 12:33:59,167 django.utils.autoreload C:\Users\Thembinkosi\Desktop\retail_management_system\env\Lib\site-packages\django\utils\autoreload.py:667 run_with_reloader Watching for file changes with StatReloader
INFO 2025-09-03 12:33:59,238 django.utils.autoreload C:\Users\Thembinkosi\Desktop\retail_management_system\env\Lib\site-packages\django\utils\autoreload.py:667 run_with_reloader Watching for file changes with StatReloader
INFO 2025-09-03 12:33:59,628 django.utils.autoreload C:\Users\Thembinkosi\Desktop\retail_management_system\env\Lib\site-packages\django\utils\autoreload.py:667 run_with_reloader Watching for file changes with StatReloader
INFO 2025-09-03 12:34:01,227 django.utils.autoreload C:\Users\Thembinkosi\Desktop\retail_management_system\env\Lib\site-packages\django\utils\autoreload.py:667 run_with_reloader Watching for file changes with StatReloader
INFO 2025-09-03 12:34:33,770 django.server C:\Users\Thembinkosi\Desktop\retail_management_system\env\Lib\site-packages\django\core\servers\basehttp.py:213 log_message "GET /accounts/logout/ HTTP/1.1" 302 0
INFO 2025-09-03 12:34:33,790 django.server C:\Users\Thembinkosi\Desktop\retail_management_system\env\Lib\site-packages\django\core\servers\basehttp.py:213 log_message "GET /accounts/login/ HTTP/1.1" 200 3711
WARNING 2025-09-03 12:34:33,943 django.server C:\Users\Thembinkosi\Desktop\retail_management_system\env\Lib\site-packages\django\core\servers\basehttp.py:213 log_message "GET /static/css/main.css HTTP/1.1" 404 179
WARNING 2025-09-03 12:34:33,944 django.server C:\Users\Thembinkosi\Desktop\retail_management_system\env\Lib\site-packages\django\core\servers\basehttp.py:213 log_message "GET /static/js/main.js HTTP/1.1" 404 179
INFO 2025-09-03 12:34:33,995 django.server C:\Users\Thembinkosi\Desktop\retail_management_system\env\Lib\site-packages\django\core\servers\basehttp.py:213 log_message "GET /favicon.ico HTTP/1.1" 302 0
INFO 2025-09-03 12:34:34,002 django.server C:\Users\Thembinkosi\Desktop\retail_management_system\env\Lib\site-packages\django\core\servers\basehttp.py:213 log_message "GET /accounts/login/generic/?next=/favicon.ico HTTP/1.1" 200 3711
INFO 2025-09-03 12:34:34,995 django.server C:\Users\Thembinkosi\Desktop\retail_management_system\env\Lib\site-packages\django\core\servers\basehttp.py:213 log_message "GET /accounts/login/staff/ HTTP/1.1" 200 4809
WARNING 2025-09-03 12:34:35,027 django.server C:\Users\Thembinkosi\Desktop\retail_management_system\env\Lib\site-packages\django\core\servers\basehttp.py:213 log_message "GET /static/js/main.js HTTP/1.1" 404 179
WARNING 2025-09-03 12:34:35,028 django.server C:\Users\Thembinkosi\Desktop\retail_management_system\env\Lib\site-packages\django\core\servers\basehttp.py:213 log_message "GET /static/css/main.css HTTP/1.1" 404 179
INFO 2025-09-03 12:34:35,109 django.server C:\Users\Thembinkosi\Desktop\retail_management_system\env\Lib\site-packages\django\core\servers\basehttp.py:213 log_message "GET /favicon.ico HTTP/1.1" 302 0
INFO 2025-09-03 12:34:35,127 django.server C:\Users\Thembinkosi\Desktop\retail_management_system\env\Lib\site-packages\django\core\servers\basehttp.py:213 log_message "GET /accounts/login/generic/?next=/favicon.ico HTTP/1.1" 200 3711
INFO 2025-09-03 12:34:40,597 django.server C:\Users\Thembinkosi\Desktop\retail_management_system\env\Lib\site-packages\django\core\servers\basehttp.py:213 log_message "POST /accounts/login/staff/ HTTP/1.1" 302 0
INFO 2025-09-03 12:34:40,812 django.server C:\Users\Thembinkosi\Desktop\retail_management_system\env\Lib\site-packages\django\core\servers\basehttp.py:213 log_message "GET / HTTP/1.1" 200 32596
WARNING 2025-09-03 12:34:40,963 django.server C:\Users\Thembinkosi\Desktop\retail_management_system\env\Lib\site-packages\django\core\servers\basehttp.py:213 log_message "GET /static/css/main.css HTTP/1.1" 404 179
WARNING 2025-09-03 12:34:40,993 django.server C:\Users\Thembinkosi\Desktop\retail_management_system\env\Lib\site-packages\django\core\servers\basehttp.py:213 log_message "GET /static/js/main.js HTTP/1.1" 404 179
INFO 2025-09-03 12:34:42,917 django.server C:\Users\Thembinkosi\Desktop\retail_management_system\env\Lib\site-packages\django\core\servers\basehttp.py:213 log_message "GET /favicon.ico HTTP/1.1" 204 0
INFO 2025-09-03 12:34:44,798 django.server C:\Users\Thembinkosi\Desktop\retail_management_system\env\Lib\site-packages\django\core\servers\basehttp.py:213 log_message "GET /inventory/ HTTP/1.1" 200 59870
WARNING 2025-09-03 12:34:45,126 django.server C:\Users\Thembinkosi\Desktop\retail_management_system\env\Lib\site-packages\django\core\servers\basehttp.py:213 log_message "GET /static/css/main.css HTTP/1.1" 404 179
WARNING 2025-09-03 12:34:45,245 django.server C:\Users\Thembinkosi\Desktop\retail_management_system\env\Lib\site-packages\django\core\servers\basehttp.py:213 log_message "GET /static/js/main.js HTTP/1.1" 404 179
INFO 2025-09-03 12:34:45,535 django.server C:\Users\Thembinkosi\Desktop\retail_management_system\env\Lib\site-packages\django\core\servers\basehttp.py:213 log_message "GET /favicon.ico HTTP/1.1" 204 0
INFO 2025-09-03 12:35:14,112 django.server C:\Users\Thembinkosi\Desktop\retail_management_system\env\Lib\site-packages\django\core\servers\basehttp.py:213 log_message "GET /inventory/store-inventory/ HTTP/1.1" 200 25659
WARNING 2025-09-03 12:35:14,277 django.server C:\Users\Thembinkosi\Desktop\retail_management_system\env\Lib\site-packages\django\core\servers\basehttp.py:213 log_message "GET /static/css/main.css HTTP/1.1" 404 179
WARNING 2025-09-03 12:35:14,281 django.server C:\Users\Thembinkosi\Desktop\retail_management_system\env\Lib\site-packages\django\core\servers\basehttp.py:213 log_message "GET /static/js/main.js HTTP/1.1" 404 179
INFO 2025-09-03 12:35:14,433 django.server C:\Users\Thembinkosi\Desktop\retail_management_system\env\Lib\site-packages\django\core\servers\basehttp.py:213 log_message "GET /favicon.ico HTTP/1.1" 204 0
INFO 2025-09-03 12:35:21,122 django.server C:\Users\Thembinkosi\Desktop\retail_management_system\env\Lib\site-packages\django\core\servers\basehttp.py:213 log_message "GET /favicon.ico HTTP/1.1" 204 0
INFO 2025-09-03 12:35:30,734 django.server C:\Users\Thembinkosi\Desktop\retail_management_system\env\Lib\site-packages\django\core\servers\basehttp.py:213 log_message "GET /inventory/ HTTP/1.1" 200 59870
WARNING 2025-09-03 12:35:30,934 django.server C:\Users\Thembinkosi\Desktop\retail_management_system\env\Lib\site-packages\django\core\servers\basehttp.py:213 log_message "GET /static/js/main.js HTTP/1.1" 404 179
WARNING 2025-09-03 12:35:30,938 django.server C:\Users\Thembinkosi\Desktop\retail_management_system\env\Lib\site-packages\django\core\servers\basehttp.py:213 log_message "GET /static/css/main.css HTTP/1.1" 404 179
INFO 2025-09-03 12:35:31,116 django.server C:\Users\Thembinkosi\Desktop\retail_management_system\env\Lib\site-packages\django\core\servers\basehttp.py:213 log_message "GET /favicon.ico HTTP/1.1" 204 0
INFO 2025-09-03 12:39:33,738 django.utils.autoreload C:\Users\Thembinkosi\Desktop\retail_management_system\env\Lib\site-packages\django\utils\autoreload.py:265 trigger_reload C:\Users\Thembinkosi\Desktop\retail_management_system\sales\views.py changed, reloading.
INFO 2025-09-03 12:39:34,257 django.utils.autoreload C:\Users\Thembinkosi\Desktop\retail_management_system\env\Lib\site-packages\django\utils\autoreload.py:265 trigger_reload C:\Users\Thembinkosi\Desktop\retail_management_system\sales\views.py changed, reloading.
INFO 2025-09-03 12:39:34,318 django.utils.autoreload C:\Users\Thembinkosi\Desktop\retail_management_system\env\Lib\site-packages\django\utils\autoreload.py:265 trigger_reload C:\Users\Thembinkosi\Desktop\retail_management_system\sales\views.py changed, reloading.
INFO 2025-09-03 12:39:34,785 django.utils.autoreload C:\Users\Thembinkosi\Desktop\retail_management_system\env\Lib\site-packages\django\utils\autoreload.py:265 trigger_reload C:\Users\Thembinkosi\Desktop\retail_management_system\sales\views.py changed, reloading.
INFO 2025-09-03 12:39:34,902 django.utils.autoreload C:\Users\Thembinkosi\Desktop\retail_management_system\env\Lib\site-packages\django\utils\autoreload.py:265 trigger_reload C:\Users\Thembinkosi\Desktop\retail_management_system\sales\views.py changed, reloading.
INFO 2025-09-03 12:39:41,143 django.utils.autoreload C:\Users\Thembinkosi\Desktop\retail_management_system\env\Lib\site-packages\django\utils\autoreload.py:667 run_with_reloader Watching for file changes with StatReloader
INFO 2025-09-03 12:39:41,176 django.utils.autoreload C:\Users\Thembinkosi\Desktop\retail_management_system\env\Lib\site-packages\django\utils\autoreload.py:667 run_with_reloader Watching for file changes with StatReloader
INFO 2025-09-03 12:39:41,192 django.utils.autoreload C:\Users\Thembinkosi\Desktop\retail_management_system\env\Lib\site-packages\django\utils\autoreload.py:667 run_with_reloader Watching for file changes with StatReloader
INFO 2025-09-03 12:39:41,456 django.utils.autoreload C:\Users\Thembinkosi\Desktop\retail_management_system\env\Lib\site-packages\django\utils\autoreload.py:667 run_with_reloader Watching for file changes with StatReloader
INFO 2025-09-03 12:39:41,505 django.utils.autoreload C:\Users\Thembinkosi\Desktop\retail_management_system\env\Lib\site-packages\django\utils\autoreload.py:667 run_with_reloader Watching for file changes with StatReloader
INFO 2025-09-03 12:59:14,659 django.server C:\Users\Thembinkosi\Desktop\retail_management_system\env\Lib\site-packages\django\core\servers\basehttp.py:213 log_message "GET /sales/transactions/ HTTP/1.1" 200 25409
WARNING 2025-09-03 12:59:14,845 django.server C:\Users\Thembinkosi\Desktop\retail_management_system\env\Lib\site-packages\django\core\servers\basehttp.py:213 log_message "GET /static/js/main.js HTTP/1.1" 404 179
WARNING 2025-09-03 12:59:14,860 django.server C:\Users\Thembinkosi\Desktop\retail_management_system\env\Lib\site-packages\django\core\servers\basehttp.py:213 log_message "GET /static/css/main.css HTTP/1.1" 404 179
INFO 2025-09-03 12:59:15,081 django.server C:\Users\Thembinkosi\Desktop\retail_management_system\env\Lib\site-packages\django\core\servers\basehttp.py:213 log_message "GET /favicon.ico HTTP/1.1" 204 0
INFO 2025-09-03 12:59:17,726 django.server C:\Users\Thembinkosi\Desktop\retail_management_system\env\Lib\site-packages\django\core\servers\basehttp.py:213 log_message "GET /favicon.ico HTTP/1.1" 204 0
INFO 2025-09-03 13:01:41,545 django.server C:\Users\Thembinkosi\Desktop\retail_management_system\env\Lib\site-packages\django\core\servers\basehttp.py:213 log_message "GET /sales/orders/ HTTP/1.1" 200 25400
WARNING 2025-09-03 13:01:41,758 django.server C:\Users\Thembinkosi\Desktop\retail_management_system\env\Lib\site-packages\django\core\servers\basehttp.py:213 log_message "GET /static/css/main.css HTTP/1.1" 404 179
WARNING 2025-09-03 13:01:41,809 django.server C:\Users\Thembinkosi\Desktop\retail_management_system\env\Lib\site-packages\django\core\servers\basehttp.py:213 log_message "GET /static/js/main.js HTTP/1.1" 404 179
INFO 2025-09-03 13:01:41,972 django.server C:\Users\Thembinkosi\Desktop\retail_management_system\env\Lib\site-packages\django\core\servers\basehttp.py:213 log_message "GET /favicon.ico HTTP/1.1" 204 0
INFO 2025-09-03 13:01:45,734 django.server C:\Users\Thembinkosi\Desktop\retail_management_system\env\Lib\site-packages\django\core\servers\basehttp.py:213 log_message "GET /favicon.ico HTTP/1.1" 204 0
INFO 2025-09-03 13:02:45,450 django.server C:\Users\Thembinkosi\Desktop\retail_management_system\env\Lib\site-packages\django\core\servers\basehttp.py:213 log_message "GET /sales/transactions/ HTTP/1.1" 200 25409
WARNING 2025-09-03 13:02:45,690 django.server C:\Users\Thembinkosi\Desktop\retail_management_system\env\Lib\site-packages\django\core\servers\basehttp.py:213 log_message "GET /static/css/main.css HTTP/1.1" 404 179
WARNING 2025-09-03 13:02:45,692 django.server C:\Users\Thembinkosi\Desktop\retail_management_system\env\Lib\site-packages\django\core\servers\basehttp.py:213 log_message "GET /static/js/main.js HTTP/1.1" 404 179
INFO 2025-09-03 13:02:45,893 django.server C:\Users\Thembinkosi\Desktop\retail_management_system\env\Lib\site-packages\django\core\servers\basehttp.py:213 log_message "GET /favicon.ico HTTP/1.1" 204 0
INFO 2025-09-03 13:02:50,187 django.server C:\Users\Thembinkosi\Desktop\retail_management_system\env\Lib\site-packages\django\core\servers\basehttp.py:213 log_message "GET /stores/ HTTP/1.1" 200 35066
WARNING 2025-09-03 13:02:50,589 django.server C:\Users\Thembinkosi\Desktop\retail_management_system\env\Lib\site-packages\django\core\servers\basehttp.py:213 log_message "GET /static/css/main.css HTTP/1.1" 404 179
WARNING 2025-09-03 13:02:50,654 django.server C:\Users\Thembinkosi\Desktop\retail_management_system\env\Lib\site-packages\django\core\servers\basehttp.py:213 log_message "GET /static/js/main.js HTTP/1.1" 404 179
WARNING 2025-09-03 13:02:50,681 django.server C:\Users\Thembinkosi\Desktop\retail_management_system\env\Lib\site-packages\django\core\servers\basehttp.py:213 log_message "GET /static/store_management/css/store_management.css HTTP/1.1" 404 179
INFO 2025-09-03 13:02:51,051 django.server C:\Users\Thembinkosi\Desktop\retail_management_system\env\Lib\site-packages\django\core\servers\basehttp.py:213 log_message "GET /favicon.ico HTTP/1.1" 204 0
INFO 2025-09-03 13:03:05,099 django.server C:\Users\Thembinkosi\Desktop\retail_management_system\env\Lib\site-packages\django\core\servers\basehttp.py:213 log_message "GET / HTTP/1.1" 200 32596
WARNING 2025-09-03 13:03:05,277 django.server C:\Users\Thembinkosi\Desktop\retail_management_system\env\Lib\site-packages\django\core\servers\basehttp.py:213 log_message "GET /static/css/main.css HTTP/1.1" 404 179
WARNING 2025-09-03 13:03:05,278 django.server C:\Users\Thembinkosi\Desktop\retail_management_system\env\Lib\site-packages\django\core\servers\basehttp.py:213 log_message "GET /static/js/main.js HTTP/1.1" 404 179
INFO 2025-09-03 13:03:05,444 django.server C:\Users\Thembinkosi\Desktop\retail_management_system\env\Lib\site-packages\django\core\servers\basehttp.py:213 log_message "GET /favicon.ico HTTP/1.1" 204 0
INFO 2025-09-03 13:03:13,643 django.server C:\Users\Thembinkosi\Desktop\retail_management_system\env\Lib\site-packages\django\core\servers\basehttp.py:213 log_message "GET /inventory/ HTTP/1.1" 200 59870
WARNING 2025-09-03 13:03:13,867 django.server C:\Users\Thembinkosi\Desktop\retail_management_system\env\Lib\site-packages\django\core\servers\basehttp.py:213 log_message "GET /static/css/main.css HTTP/1.1" 404 179
WARNING 2025-09-03 13:03:13,994 django.server C:\Users\Thembinkosi\Desktop\retail_management_system\env\Lib\site-packages\django\core\servers\basehttp.py:213 log_message "GET /static/js/main.js HTTP/1.1" 404 179
INFO 2025-09-03 13:03:14,208 django.server C:\Users\Thembinkosi\Desktop\retail_management_system\env\Lib\site-packages\django\core\servers\basehttp.py:213 log_message "GET /favicon.ico HTTP/1.1" 204 0
INFO 2025-09-03 13:03:22,806 django.server C:\Users\Thembinkosi\Desktop\retail_management_system\env\Lib\site-packages\django\core\servers\basehttp.py:213 log_message "GET /e_commerce/orders/ HTTP/1.1" 200 28815
WARNING 2025-09-03 13:03:23,041 django.server C:\Users\Thembinkosi\Desktop\retail_management_system\env\Lib\site-packages\django\core\servers\basehttp.py:213 log_message "GET /static/js/main.js HTTP/1.1" 404 179
WARNING 2025-09-03 13:03:23,043 django.server C:\Users\Thembinkosi\Desktop\retail_management_system\env\Lib\site-packages\django\core\servers\basehttp.py:213 log_message "GET /static/css/main.css HTTP/1.1" 404 179
INFO 2025-09-03 13:03:23,199 django.server C:\Users\Thembinkosi\Desktop\retail_management_system\env\Lib\site-packages\django\core\servers\basehttp.py:213 log_message "GET /favicon.ico HTTP/1.1" 204 0
INFO 2025-09-03 13:03:33,436 django.server C:\Users\Thembinkosi\Desktop\retail_management_system\env\Lib\site-packages\django\core\servers\basehttp.py:213 log_message "GET /e_commerce/orders/09e18822-21ef-41b8-8e78-6b135e2e9bfe/update/ HTTP/1.1" 200 52437
WARNING 2025-09-03 13:03:33,628 django.server C:\Users\Thembinkosi\Desktop\retail_management_system\env\Lib\site-packages\django\core\servers\basehttp.py:213 log_message "GET /static/e_commerce/styles/e_commerce.css HTTP/1.1" 404 179
WARNING 2025-09-03 13:03:33,630 django.server C:\Users\Thembinkosi\Desktop\retail_management_system\env\Lib\site-packages\django\core\servers\basehttp.py:213 log_message "GET /static/css/main.css HTTP/1.1" 404 179
WARNING 2025-09-03 13:03:33,720 django.server C:\Users\Thembinkosi\Desktop\retail_management_system\env\Lib\site-packages\django\core\servers\basehttp.py:213 log_message "GET /static/js/main.js HTTP/1.1" 404 179
INFO 2025-09-03 13:03:33,916 django.server C:\Users\Thembinkosi\Desktop\retail_management_system\env\Lib\site-packages\django\core\servers\basehttp.py:213 log_message "GET /favicon.ico HTTP/1.1" 204 0
INFO 2025-09-03 13:03:49,910 django.server C:\Users\Thembinkosi\Desktop\retail_management_system\env\Lib\site-packages\django\core\servers\basehttp.py:213 log_message "GET /e_commerce/products/ HTTP/1.1" 200 30686
WARNING 2025-09-03 13:03:50,132 django.server C:\Users\Thembinkosi\Desktop\retail_management_system\env\Lib\site-packages\django\core\servers\basehttp.py:213 log_message "GET /static/css/main.css HTTP/1.1" 404 179
WARNING 2025-09-03 13:03:50,150 django.server C:\Users\Thembinkosi\Desktop\retail_management_system\env\Lib\site-packages\django\core\servers\basehttp.py:213 log_message "GET /static/js/main.js HTTP/1.1" 404 179
INFO 2025-09-03 13:03:50,321 django.server C:\Users\Thembinkosi\Desktop\retail_management_system\env\Lib\site-packages\django\core\servers\basehttp.py:213 log_message "GET /favicon.ico HTTP/1.1" 204 0
INFO 2025-09-03 13:07:09,600 django.server C:\Users\Thembinkosi\Desktop\retail_management_system\env\Lib\site-packages\django\core\servers\basehttp.py:213 log_message "GET /e_commerce/products/ HTTP/1.1" 200 31678
WARNING 2025-09-03 13:07:09,778 django.server C:\Users\Thembinkosi\Desktop\retail_management_system\env\Lib\site-packages\django\core\servers\basehttp.py:213 log_message "GET /static/css/main.css HTTP/1.1" 404 179
WARNING 2025-09-03 13:07:09,798 django.server C:\Users\Thembinkosi\Desktop\retail_management_system\env\Lib\site-packages\django\core\servers\basehttp.py:213 log_message "GET /static/js/main.js HTTP/1.1" 404 179
INFO 2025-09-03 13:07:09,924 django.server C:\Users\Thembinkosi\Desktop\retail_management_system\env\Lib\site-packages\django\core\servers\basehttp.py:213 log_message "GET /favicon.ico HTTP/1.1" 204 0
INFO 2025-09-03 13:07:19,517 django.server C:\Users\Thembinkosi\Desktop\retail_management_system\env\Lib\site-packages\django\core\servers\basehttp.py:213 log_message "GET /hr/training/ HTTP/1.1" 200 32524
WARNING 2025-09-03 13:07:19,770 django.server C:\Users\Thembinkosi\Desktop\retail_management_system\env\Lib\site-packages\django\core\servers\basehttp.py:213 log_message "GET /static/css/main.css HTTP/1.1" 404 179
WARNING 2025-09-03 13:07:19,852 django.server C:\Users\Thembinkosi\Desktop\retail_management_system\env\Lib\site-packages\django\core\servers\basehttp.py:213 log_message "GET /static/js/main.js HTTP/1.1" 404 179
WARNING 2025-09-03 13:07:19,931 django.server C:\Users\Thembinkosi\Desktop\retail_management_system\env\Lib\site-packages\django\core\servers\basehttp.py:213 log_message "GET /static/human_resources/css/hr.css HTTP/1.1" 404 179
INFO 2025-09-03 13:07:20,087 django.server C:\Users\Thembinkosi\Desktop\retail_management_system\env\Lib\site-packages\django\core\servers\basehttp.py:213 log_message "GET /favicon.ico HTTP/1.1" 204 0
INFO 2025-09-03 13:16:34,383 django.utils.autoreload C:\Users\Thembinkosi\Desktop\retail_management_system\env\Lib\site-packages\django\utils\autoreload.py:265 trigger_reload C:\Users\Thembinkosi\Desktop\retail_management_system\sales\urls.py changed, reloading.
INFO 2025-09-03 13:16:34,778 django.utils.autoreload C:\Users\Thembinkosi\Desktop\retail_management_system\env\Lib\site-packages\django\utils\autoreload.py:265 trigger_reload C:\Users\Thembinkosi\Desktop\retail_management_system\sales\urls.py changed, reloading.
INFO 2025-09-03 13:16:34,916 django.utils.autoreload C:\Users\Thembinkosi\Desktop\retail_management_system\env\Lib\site-packages\django\utils\autoreload.py:265 trigger_reload C:\Users\Thembinkosi\Desktop\retail_management_system\sales\urls.py changed, reloading.
INFO 2025-09-03 13:16:34,970 django.utils.autoreload C:\Users\Thembinkosi\Desktop\retail_management_system\env\Lib\site-packages\django\utils\autoreload.py:265 trigger_reload C:\Users\Thembinkosi\Desktop\retail_management_system\sales\urls.py changed, reloading.
INFO 2025-09-03 13:16:35,081 django.utils.autoreload C:\Users\Thembinkosi\Desktop\retail_management_system\env\Lib\site-packages\django\utils\autoreload.py:265 trigger_reload C:\Users\Thembinkosi\Desktop\retail_management_system\sales\urls.py changed, reloading.
INFO 2025-09-03 13:16:40,291 django.utils.autoreload C:\Users\Thembinkosi\Desktop\retail_management_system\env\Lib\site-packages\django\utils\autoreload.py:667 run_with_reloader Watching for file changes with StatReloader
INFO 2025-09-03 13:16:40,356 django.utils.autoreload C:\Users\Thembinkosi\Desktop\retail_management_system\env\Lib\site-packages\django\utils\autoreload.py:667 run_with_reloader Watching for file changes with StatReloader
INFO 2025-09-03 13:16:41,326 django.utils.autoreload C:\Users\Thembinkosi\Desktop\retail_management_system\env\Lib\site-packages\django\utils\autoreload.py:667 run_with_reloader Watching for file changes with StatReloader
INFO 2025-09-03 13:16:41,351 django.utils.autoreload C:\Users\Thembinkosi\Desktop\retail_management_system\env\Lib\site-packages\django\utils\autoreload.py:667 run_with_reloader Watching for file changes with StatReloader
INFO 2025-09-03 13:16:42,290 django.utils.autoreload C:\Users\Thembinkosi\Desktop\retail_management_system\env\Lib\site-packages\django\utils\autoreload.py:667 run_with_reloader Watching for file changes with StatReloader
INFO 2025-09-03 13:17:31,457 django.utils.autoreload C:\Users\Thembinkosi\Desktop\retail_management_system\env\Lib\site-packages\django\utils\autoreload.py:265 trigger_reload C:\Users\Thembinkosi\Desktop\retail_management_system\sales\views.py changed, reloading.
INFO 2025-09-03 13:17:31,529 django.utils.autoreload C:\Users\Thembinkosi\Desktop\retail_management_system\env\Lib\site-packages\django\utils\autoreload.py:265 trigger_reload C:\Users\Thembinkosi\Desktop\retail_management_system\sales\views.py changed, reloading.
INFO 2025-09-03 13:17:32,123 django.utils.autoreload C:\Users\Thembinkosi\Desktop\retail_management_system\env\Lib\site-packages\django\utils\autoreload.py:265 trigger_reload C:\Users\Thembinkosi\Desktop\retail_management_system\sales\views.py changed, reloading.
INFO 2025-09-03 13:17:32,535 django.utils.autoreload C:\Users\Thembinkosi\Desktop\retail_management_system\env\Lib\site-packages\django\utils\autoreload.py:265 trigger_reload C:\Users\Thembinkosi\Desktop\retail_management_system\sales\views.py changed, reloading.
INFO 2025-09-03 13:17:32,633 django.utils.autoreload C:\Users\Thembinkosi\Desktop\retail_management_system\env\Lib\site-packages\django\utils\autoreload.py:265 trigger_reload C:\Users\Thembinkosi\Desktop\retail_management_system\sales\views.py changed, reloading.
INFO 2025-09-03 13:17:37,768 django.utils.autoreload C:\Users\Thembinkosi\Desktop\retail_management_system\env\Lib\site-packages\django\utils\autoreload.py:667 run_with_reloader Watching for file changes with StatReloader
INFO 2025-09-03 13:17:37,807 django.utils.autoreload C:\Users\Thembinkosi\Desktop\retail_management_system\env\Lib\site-packages\django\utils\autoreload.py:667 run_with_reloader Watching for file changes with StatReloader
INFO 2025-09-03 13:17:37,818 django.utils.autoreload C:\Users\Thembinkosi\Desktop\retail_management_system\env\Lib\site-packages\django\utils\autoreload.py:667 run_with_reloader Watching for file changes with StatReloader
INFO 2025-09-03 13:17:38,211 django.utils.autoreload C:\Users\Thembinkosi\Desktop\retail_management_system\env\Lib\site-packages\django\utils\autoreload.py:667 run_with_reloader Watching for file changes with StatReloader
INFO 2025-09-03 13:17:40,139 django.utils.autoreload C:\Users\Thembinkosi\Desktop\retail_management_system\env\Lib\site-packages\django\utils\autoreload.py:667 run_with_reloader Watching for file changes with StatReloader
INFO 2025-09-03 13:20:05,107 django.server C:\Users\Thembinkosi\Desktop\retail_management_system\env\Lib\site-packages\django\core\servers\basehttp.py:213 log_message "GET /hr/training/ HTTP/1.1" 200 36587
WARNING 2025-09-03 13:20:05,600 django.server C:\Users\Thembinkosi\Desktop\retail_management_system\env\Lib\site-packages\django\core\servers\basehttp.py:213 log_message "GET /static/css/main.css HTTP/1.1" 404 179
WARNING 2025-09-03 13:20:05,672 django.server C:\Users\Thembinkosi\Desktop\retail_management_system\env\Lib\site-packages\django\core\servers\basehttp.py:213 log_message "GET /static/human_resources/css/hr.css HTTP/1.1" 404 179
WARNING 2025-09-03 13:20:05,774 django.server C:\Users\Thembinkosi\Desktop\retail_management_system\env\Lib\site-packages\django\core\servers\basehttp.py:213 log_message "GET /static/js/main.js HTTP/1.1" 404 179
INFO 2025-09-03 13:20:05,954 django.server C:\Users\Thembinkosi\Desktop\retail_management_system\env\Lib\site-packages\django\core\servers\basehttp.py:213 log_message "GET /favicon.ico HTTP/1.1" 204 0
INFO 2025-09-03 13:20:13,129 django.server C:\Users\Thembinkosi\Desktop\retail_management_system\env\Lib\site-packages\django\core\servers\basehttp.py:213 log_message "GET /sales/dashboard/ HTTP/1.1" 200 32351
WARNING 2025-09-03 13:20:13,268 django.server C:\Users\Thembinkosi\Desktop\retail_management_system\env\Lib\site-packages\django\core\servers\basehttp.py:213 log_message "GET /static/css/main.css HTTP/1.1" 404 179
WARNING 2025-09-03 13:20:13,482 django.server C:\Users\Thembinkosi\Desktop\retail_management_system\env\Lib\site-packages\django\core\servers\basehttp.py:213 log_message "GET /static/js/main.js HTTP/1.1" 404 179
INFO 2025-09-03 13:20:13,778 django.server C:\Users\Thembinkosi\Desktop\retail_management_system\env\Lib\site-packages\django\core\servers\basehttp.py:213 log_message "GET /favicon.ico HTTP/1.1" 204 0
ERROR 2025-09-03 13:20:24,378 django.server C:\Users\Thembinkosi\Desktop\retail_management_system\env\Lib\site-packages\django\core\servers\basehttp.py:213 log_message "GET /sales/customers/ HTTP/1.1" 500 145
INFO 2025-09-03 13:20:24,588 django.server C:\Users\Thembinkosi\Desktop\retail_management_system\env\Lib\site-packages\django\core\servers\basehttp.py:213 log_message "GET /favicon.ico HTTP/1.1" 204 0
INFO 2025-09-03 13:20:27,050 django.server C:\Users\Thembinkosi\Desktop\retail_management_system\env\Lib\site-packages\django\core\servers\basehttp.py:213 log_message "GET /favicon.ico HTTP/1.1" 204 0
INFO 2025-09-03 13:20:38,866 django.server C:\Users\Thembinkosi\Desktop\retail_management_system\env\Lib\site-packages\django\core\servers\basehttp.py:213 log_message "GET /e_commerce/products/ HTTP/1.1" 200 35741
WARNING 2025-09-03 13:20:39,059 django.server C:\Users\Thembinkosi\Desktop\retail_management_system\env\Lib\site-packages\django\core\servers\basehttp.py:213 log_message "GET /static/css/main.css HTTP/1.1" 404 179
WARNING 2025-09-03 13:20:39,073 django.server C:\Users\Thembinkosi\Desktop\retail_management_system\env\Lib\site-packages\django\core\servers\basehttp.py:213 log_message "GET /static/js/main.js HTTP/1.1" 404 179
INFO 2025-09-03 13:20:39,262 django.server C:\Users\Thembinkosi\Desktop\retail_management_system\env\Lib\site-packages\django\core\servers\basehttp.py:213 log_message "GET /favicon.ico HTTP/1.1" 204 0
INFO 2025-09-03 13:20:40,904 django.server C:\Users\Thembinkosi\Desktop\retail_management_system\env\Lib\site-packages\django\core\servers\basehttp.py:213 log_message "GET /favicon.ico HTTP/1.1" 204 0
INFO 2025-09-03 13:20:45,993 django.server C:\Users\Thembinkosi\Desktop\retail_management_system\env\Lib\site-packages\django\core\servers\basehttp.py:213 log_message "GET /sales/dashboard/ HTTP/1.1" 200 32351
WARNING 2025-09-03 13:20:46,187 django.server C:\Users\Thembinkosi\Desktop\retail_management_system\env\Lib\site-packages\django\core\servers\basehttp.py:213 log_message "GET /static/js/main.js HTTP/1.1" 404 179
WARNING 2025-09-03 13:20:46,213 django.server C:\Users\Thembinkosi\Desktop\retail_management_system\env\Lib\site-packages\django\core\servers\basehttp.py:213 log_message "GET /static/css/main.css HTTP/1.1" 404 179
INFO 2025-09-03 13:20:46,440 django.server C:\Users\Thembinkosi\Desktop\retail_management_system\env\Lib\site-packages\django\core\servers\basehttp.py:213 log_message "GET /favicon.ico HTTP/1.1" 204 0
ERROR 2025-09-03 13:20:52,890 django.server C:\Users\Thembinkosi\Desktop\retail_management_system\env\Lib\site-packages\django\core\servers\basehttp.py:213 log_message "GET /sales/customers/ HTTP/1.1" 500 145
INFO 2025-09-03 13:20:53,038 django.server C:\Users\Thembinkosi\Desktop\retail_management_system\env\Lib\site-packages\django\core\servers\basehttp.py:213 log_message "GET /favicon.ico HTTP/1.1" 204 0
INFO 2025-09-03 13:20:54,813 django.server C:\Users\Thembinkosi\Desktop\retail_management_system\env\Lib\site-packages\django\core\servers\basehttp.py:213 log_message "GET /favicon.ico HTTP/1.1" 204 0
INFO 2025-09-03 13:20:58,827 django.server C:\Users\Thembinkosi\Desktop\retail_management_system\env\Lib\site-packages\django\core\servers\basehttp.py:213 log_message "GET /sales/customers/create/ HTTP/1.1" 200 33665
WARNING 2025-09-03 13:20:59,000 django.server C:\Users\Thembinkosi\Desktop\retail_management_system\env\Lib\site-packages\django\core\servers\basehttp.py:213 log_message "GET /static/css/main.css HTTP/1.1" 404 179
WARNING 2025-09-03 13:20:59,004 django.server C:\Users\Thembinkosi\Desktop\retail_management_system\env\Lib\site-packages\django\core\servers\basehttp.py:213 log_message "GET /static/js/main.js HTTP/1.1" 404 179
INFO 2025-09-03 13:20:59,231 django.server C:\Users\Thembinkosi\Desktop\retail_management_system\env\Lib\site-packages\django\core\servers\basehttp.py:213 log_message "GET /favicon.ico HTTP/1.1" 204 0
INFO 2025-09-03 13:21:07,582 django.server C:\Users\Thembinkosi\Desktop\retail_management_system\env\Lib\site-packages\django\core\servers\basehttp.py:213 log_message "GET /favicon.ico HTTP/1.1" 204 0
INFO 2025-09-03 13:21:20,496 django.server C:\Users\Thembinkosi\Desktop\retail_management_system\env\Lib\site-packages\django\core\servers\basehttp.py:213 log_message "GET /sales/returns/create/ HTTP/1.1" 200 33285
WARNING 2025-09-03 13:21:20,664 django.server C:\Users\Thembinkosi\Desktop\retail_management_system\env\Lib\site-packages\django\core\servers\basehttp.py:213 log_message "GET /static/js/main.js HTTP/1.1" 404 179
WARNING 2025-09-03 13:21:20,684 django.server C:\Users\Thembinkosi\Desktop\retail_management_system\env\Lib\site-packages\django\core\servers\basehttp.py:213 log_message "GET /static/css/main.css HTTP/1.1" 404 179
INFO 2025-09-03 13:21:20,872 django.server C:\Users\Thembinkosi\Desktop\retail_management_system\env\Lib\site-packages\django\core\servers\basehttp.py:213 log_message "GET /favicon.ico HTTP/1.1" 204 0
INFO 2025-09-03 13:21:24,885 django.server C:\Users\Thembinkosi\Desktop\retail_management_system\env\Lib\site-packages\django\core\servers\basehttp.py:213 log_message "GET /favicon.ico HTTP/1.1" 204 0
INFO 2025-09-03 13:21:29,809 django.server C:\Users\Thembinkosi\Desktop\retail_management_system\env\Lib\site-packages\django\core\servers\basehttp.py:213 log_message "GET /analytics/sales/ HTTP/1.1" 200 31019
WARNING 2025-09-03 13:21:29,983 django.server C:\Users\Thembinkosi\Desktop\retail_management_system\env\Lib\site-packages\django\core\servers\basehttp.py:213 log_message "GET /static/js/main.js HTTP/1.1" 404 179
WARNING 2025-09-03 13:21:30,007 django.server C:\Users\Thembinkosi\Desktop\retail_management_system\env\Lib\site-packages\django\core\servers\basehttp.py:213 log_message "GET /static/css/main.css HTTP/1.1" 404 179
INFO 2025-09-03 13:21:30,177 django.server C:\Users\Thembinkosi\Desktop\retail_management_system\env\Lib\site-packages\django\core\servers\basehttp.py:213 log_message "GET /favicon.ico HTTP/1.1" 204 0
INFO 2025-09-03 13:21:32,404 django.server C:\Users\Thembinkosi\Desktop\retail_management_system\env\Lib\site-packages\django\core\servers\basehttp.py:213 log_message "GET /favicon.ico HTTP/1.1" 204 0
INFO 2025-09-03 13:21:39,498 django.server C:\Users\Thembinkosi\Desktop\retail_management_system\env\Lib\site-packages\django\core\servers\basehttp.py:213 log_message "GET /sales/sales/create/ HTTP/1.1" 200 59811
WARNING 2025-09-03 13:21:39,705 django.server C:\Users\Thembinkosi\Desktop\retail_management_system\env\Lib\site-packages\django\core\servers\basehttp.py:213 log_message "GET /static/js/main.js HTTP/1.1" 404 179
WARNING 2025-09-03 13:21:39,706 django.server C:\Users\Thembinkosi\Desktop\retail_management_system\env\Lib\site-packages\django\core\servers\basehttp.py:213 log_message "GET /static/css/main.css HTTP/1.1" 404 179
INFO 2025-09-03 13:21:39,889 django.server C:\Users\Thembinkosi\Desktop\retail_management_system\env\Lib\site-packages\django\core\servers\basehttp.py:213 log_message "GET /favicon.ico HTTP/1.1" 204 0
INFO 2025-09-03 13:21:50,349 django.server C:\Users\Thembinkosi\Desktop\retail_management_system\env\Lib\site-packages\django\core\servers\basehttp.py:213 log_message "GET /favicon.ico HTTP/1.1" 204 0
INFO 2025-09-03 13:21:53,778 django.server C:\Users\Thembinkosi\Desktop\retail_management_system\env\Lib\site-packages\django\core\servers\basehttp.py:213 log_message "GET /sales/dashboard/ HTTP/1.1" 200 32351
WARNING 2025-09-03 13:21:53,964 django.server C:\Users\Thembinkosi\Desktop\retail_management_system\env\Lib\site-packages\django\core\servers\basehttp.py:213 log_message "GET /static/js/main.js HTTP/1.1" 404 179
WARNING 2025-09-03 13:21:53,974 django.server C:\Users\Thembinkosi\Desktop\retail_management_system\env\Lib\site-packages\django\core\servers\basehttp.py:213 log_message "GET /static/css/main.css HTTP/1.1" 404 179
INFO 2025-09-03 13:21:54,144 django.server C:\Users\Thembinkosi\Desktop\retail_management_system\env\Lib\site-packages\django\core\servers\basehttp.py:213 log_message "GET /favicon.ico HTTP/1.1" 204 0
ERROR 2025-09-03 13:22:04,768 django.server C:\Users\Thembinkosi\Desktop\retail_management_system\env\Lib\site-packages\django\core\servers\basehttp.py:213 log_message "GET /sales/customers/ HTTP/1.1" 500 145
INFO 2025-09-03 13:22:05,032 django.server C:\Users\Thembinkosi\Desktop\retail_management_system\env\Lib\site-packages\django\core\servers\basehttp.py:213 log_message "GET /favicon.ico HTTP/1.1" 204 0
INFO 2025-09-03 13:22:06,331 django.server C:\Users\Thembinkosi\Desktop\retail_management_system\env\Lib\site-packages\django\core\servers\basehttp.py:213 log_message "GET /favicon.ico HTTP/1.1" 204 0
INFO 2025-09-03 13:22:29,168 django.server C:\Users\Thembinkosi\Desktop\retail_management_system\env\Lib\site-packages\django\core\servers\basehttp.py:213 log_message "GET /sales/loyalty/create/ HTTP/1.1" 200 32354
WARNING 2025-09-03 13:22:29,409 django.server C:\Users\Thembinkosi\Desktop\retail_management_system\env\Lib\site-packages\django\core\servers\basehttp.py:213 log_message "GET /static/js/main.js HTTP/1.1" 404 179
WARNING 2025-09-03 13:22:29,410 django.server C:\Users\Thembinkosi\Desktop\retail_management_system\env\Lib\site-packages\django\core\servers\basehttp.py:213 log_message "GET /static/css/main.css HTTP/1.1" 404 179
INFO 2025-09-03 13:22:29,684 django.server C:\Users\Thembinkosi\Desktop\retail_management_system\env\Lib\site-packages\django\core\servers\basehttp.py:213 log_message "GET /favicon.ico HTTP/1.1" 204 0
INFO 2025-09-03 13:22:34,994 django.server C:\Users\Thembinkosi\Desktop\retail_management_system\env\Lib\site-packages\django\core\servers\basehttp.py:213 log_message "GET /favicon.ico HTTP/1.1" 204 0
ERROR 2025-09-03 13:22:42,013 django.server C:\Users\Thembinkosi\Desktop\retail_management_system\env\Lib\site-packages\django\core\servers\basehttp.py:213 log_message "GET /sales/customers/ HTTP/1.1" 500 145
INFO 2025-09-03 13:22:42,187 django.server C:\Users\Thembinkosi\Desktop\retail_management_system\env\Lib\site-packages\django\core\servers\basehttp.py:213 log_message "GET /favicon.ico HTTP/1.1" 204 0
INFO 2025-09-03 13:22:44,031 django.server C:\Users\Thembinkosi\Desktop\retail_management_system\env\Lib\site-packages\django\core\servers\basehttp.py:213 log_message "GET /favicon.ico HTTP/1.1" 204 0
INFO 2025-09-03 13:22:48,320 django.server C:\Users\Thembinkosi\Desktop\retail_management_system\env\Lib\site-packages\django\core\servers\basehttp.py:213 log_message "GET /favicon.ico HTTP/1.1" 204 0
INFO 2025-09-03 13:24:20,117 django.utils.autoreload C:\Users\Thembinkosi\Desktop\retail_management_system\env\Lib\site-packages\django\utils\autoreload.py:667 run_with_reloader Watching for file changes with StatReloader
INFO 2025-09-03 13:25:27,791 django.server C:\Users\Thembinkosi\Desktop\retail_management_system\env\Lib\site-packages\django\core\servers\basehttp.py:213 log_message "GET /sales/dashboard/ HTTP/1.1" 302 0
INFO 2025-09-03 13:25:28,612 django.server C:\Users\Thembinkosi\Desktop\retail_management_system\env\Lib\site-packages\django\core\servers\basehttp.py:213 log_message "GET /accounts/login/generic/?next=/sales/dashboard/ HTTP/1.1" 200 3711
WARNING 2025-09-03 13:25:28,795 django.server C:\Users\Thembinkosi\Desktop\retail_management_system\env\Lib\site-packages\django\core\servers\basehttp.py:213 log_message "GET /static/css/main.css HTTP/1.1" 404 179
WARNING 2025-09-03 13:25:28,867 django.server C:\Users\Thembinkosi\Desktop\retail_management_system\env\Lib\site-packages\django\core\servers\basehttp.py:213 log_message "GET /static/js/main.js HTTP/1.1" 404 179
INFO 2025-09-03 13:25:32,384 django.server C:\Users\Thembinkosi\Desktop\retail_management_system\env\Lib\site-packages\django\core\servers\basehttp.py:213 log_message "GET /favicon.ico HTTP/1.1" 302 0
INFO 2025-09-03 13:25:32,402 django.server C:\Users\Thembinkosi\Desktop\retail_management_system\env\Lib\site-packages\django\core\servers\basehttp.py:213 log_message "GET /accounts/login/generic/?next=/favicon.ico HTTP/1.1" 200 3711
INFO 2025-09-03 13:27:11,667 django.server C:\Users\Thembinkosi\Desktop\retail_management_system\env\Lib\site-packages\django\core\servers\basehttp.py:213 log_message "GET /sales/dashboard/ HTTP/1.1" 200 32351
WARNING 2025-09-03 13:27:11,930 django.server C:\Users\Thembinkosi\Desktop\retail_management_system\env\Lib\site-packages\django\core\servers\basehttp.py:213 log_message "GET /static/js/main.js HTTP/1.1" 404 179
WARNING 2025-09-03 13:27:12,024 django.server C:\Users\Thembinkosi\Desktop\retail_management_system\env\Lib\site-packages\django\core\servers\basehttp.py:213 log_message "GET /static/css/main.css HTTP/1.1" 404 179
INFO 2025-09-03 13:27:12,173 django.server C:\Users\Thembinkosi\Desktop\retail_management_system\env\Lib\site-packages\django\core\servers\basehttp.py:213 log_message "GET /favicon.ico HTTP/1.1" 204 0
INFO 2025-09-03 13:27:36,368 django.server C:\Users\Thembinkosi\Desktop\retail_management_system\env\Lib\site-packages\django\core\servers\basehttp.py:213 log_message "GET /sales/sales/ HTTP/1.1" 200 31483
WARNING 2025-09-03 13:27:36,725 django.server C:\Users\Thembinkosi\Desktop\retail_management_system\env\Lib\site-packages\django\core\servers\basehttp.py:213 log_message "GET /static/css/main.css HTTP/1.1" 404 179
WARNING 2025-09-03 13:27:36,906 django.server C:\Users\Thembinkosi\Desktop\retail_management_system\env\Lib\site-packages\django\core\servers\basehttp.py:213 log_message "GET /static/js/main.js HTTP/1.1" 404 179
INFO 2025-09-03 13:27:37,044 django.server C:\Users\Thembinkosi\Desktop\retail_management_system\env\Lib\site-packages\django\core\servers\basehttp.py:213 log_message "GET /favicon.ico HTTP/1.1" 204 0
INFO 2025-09-03 13:27:44,978 django.server C:\Users\Thembinkosi\Desktop\retail_management_system\env\Lib\site-packages\django\core\servers\basehttp.py:213 log_message "GET /sales/sales/create/ HTTP/1.1" 200 59811
WARNING 2025-09-03 13:27:45,145 django.server C:\Users\Thembinkosi\Desktop\retail_management_system\env\Lib\site-packages\django\core\servers\basehttp.py:213 log_message "GET /static/js/main.js HTTP/1.1" 404 179
WARNING 2025-09-03 13:27:45,178 django.server C:\Users\Thembinkosi\Desktop\retail_management_system\env\Lib\site-packages\django\core\servers\basehttp.py:213 log_message "GET /static/css/main.css HTTP/1.1" 404 179
INFO 2025-09-03 13:27:45,353 django.server C:\Users\Thembinkosi\Desktop\retail_management_system\env\Lib\site-packages\django\core\servers\basehttp.py:213 log_message "GET /favicon.ico HTTP/1.1" 204 0
INFO 2025-09-03 13:27:51,214 django.server C:\Users\Thembinkosi\Desktop\retail_management_system\env\Lib\site-packages\django\core\servers\basehttp.py:213 log_message "GET /favicon.ico HTTP/1.1" 204 0
